TransactionID,AccountID,TransactionAmount,TransactionDate,TransactionType,Location,Channel,CustomerAge,CustomerOccupation,LoginAttempts,AccountBalance,PreviousTransactionDate
TX000001,AC00128,14.09,4/11/2023 16:29,Debit,San Diego,ATM,70,Doctor,1,5112.21,11/4/2024 8:08
TX000002,AC00455,376.24,6/27/2023 16:44,Debit,Houston,ATM,68,Doctor,1,13758.91,11/4/2024 8:09
TX000003,AC00019,126.29,7/10/2023 18:16,Debit,Mesa,Online,19,Student,1,1122.35,11/4/2024 8:07
TX000004,AC00070,184.5,5/5/2023 16:32,Debit,Raleigh,Online,26,Student,1,8569.06,11/4/2024 8:09
TX000005,AC00411,13.45,10/16/2023 17:51,Credit,Atlanta,Online,26,Student,1,7429.4,11/4/2024 8:06
TX000006,AC00393,92.15,4/3/2023 17:15,Debit,Oklahoma City,ATM,18,Student,1,781.68,11/4/2024 8:06
TX000007,AC00199,7.08,2/15/2023 16:36,Credit,Seattle,ATM,37,Doctor,1,13316.71,11/4/2024 8:10
TX000008,AC00069,171.42,5/8/2023 17:47,Credit,Indianapolis,Branch,67,Retired,1,2796.24,11/4/2024 8:10
TX000009,AC00135,106.23,3/21/2023 16:59,Credit,Detroit,Branch,51,Engineer,1,9095.14,11/4/2024 8:11
TX000010,AC00385,815.96,3/31/2023 16:06,Debit,Nashville,ATM,55,Doctor,1,1021.88,11/4/2024 8:06
TX000011,AC00150,17.78,3/14/2023 16:46,Credit,Albuquerque,Online,52,Engineer,1,7599.52,11/4/2024 8:06
TX000012,AC00459,190.02,2/6/2023 17:30,Debit,Memphis,Online,21,Student,1,1528.81,11/4/2024 8:07
TX000013,AC00392,494.52,6/7/2023 17:21,Credit,Mesa,Branch,24,Student,1,1620.02,11/4/2024 8:08
TX000014,AC00264,781.76,11/20/2023 16:39,Debit,Memphis,ATM,26,Student,1,189.69,11/4/2024 8:07
TX000015,AC00085,166.99,2/13/2023 16:53,Debit,Louisville,Online,18,Student,1,299.93,11/4/2024 8:10
TX000016,AC00270,465.45,12/12/2023 16:23,Debit,Denver,ATM,36,Engineer,1,3465.54,11/4/2024 8:12
TX000017,AC00317,555.8,10/30/2023 16:52,Credit,Austin,Branch,19,Student,1,1131.26,11/4/2024 8:07
TX000018,AC00359,492.93,12/14/2023 18:32,Debit,Columbus,Online,39,Engineer,1,5109.97,11/4/2024 8:11
TX000019,AC00242,18.68,2/21/2023 16:56,Credit,Albuquerque,Branch,59,Retired,1,7948.37,11/4/2024 8:12
TX000020,AC00285,71.48,6/8/2023 18:18,Credit,Columbus,Online,18,Student,1,6568.59,11/4/2024 8:09
TX000021,AC00002,59.32,2/28/2023 16:36,Debit,Los Angeles,Branch,71,Retired,1,5750.89,11/4/2024 8:09
TX000022,AC00014,85.77,8/11/2023 18:31,Debit,Las Vegas,Branch,38,Doctor,1,9146.19,11/4/2024 8:08
TX000023,AC00095,52.2,6/6/2023 18:54,Debit,Atlanta,Online,39,Engineer,1,8974.93,11/4/2024 8:07
TX000024,AC00453,345.84,5/2/2023 18:25,Debit,Fort Worth,Online,22,Student,3,1402.5,11/4/2024 8:07
TX000025,AC00241,145.54,3/2/2023 16:43,Debit,Raleigh,Online,21,Student,1,1930.96,11/4/2024 8:07
TX000026,AC00041,7.49,10/20/2023 17:53,Credit,Houston,Online,65,Retired,1,3634.67,11/4/2024 8:09
TX000027,AC00441,246.93,4/17/2023 16:37,Debit,Miami,ATM,23,Student,5,673.35,11/4/2024 8:11
TX000028,AC00057,40.32,3/29/2023 16:42,Debit,Milwaukee,Branch,37,Engineer,1,2686.52,11/4/2024 8:11
TX000029,AC00390,127.45,1/24/2023 16:18,Debit,Las Vegas,Online,44,Doctor,1,1772.06,11/4/2024 8:11
TX000030,AC00313,56.17,9/20/2023 16:55,Debit,Detroit,Branch,27,Student,1,1351.69,11/4/2024 8:08
TX000031,AC00367,28.31,7/17/2023 17:49,Credit,Miami,Online,59,Doctor,1,8334.47,11/4/2024 8:09
TX000032,AC00291,59.12,2/6/2023 16:24,Debit,Baltimore,ATM,29,Doctor,1,9823.64,11/4/2024 8:06
TX000033,AC00060,396.45,9/25/2023 16:26,Debit,New York,ATM,49,Engineer,3,9690.15,11/4/2024 8:11
TX000034,AC00359,877.81,3/13/2023 17:23,Debit,Los Angeles,Online,22,Student,1,399,11/4/2024 8:07
TX000035,AC00365,255.26,10/27/2023 16:42,Credit,San Francisco,Branch,45,Doctor,1,14815.87,11/4/2024 8:10
TX000036,AC00267,124.76,10/16/2023 16:32,Debit,Seattle,Branch,49,Engineer,1,5764.72,11/4/2024 8:06
TX000037,AC00404,78.13,11/21/2023 16:58,Debit,Milwaukee,Branch,26,Student,1,900.61,11/4/2024 8:12
TX000038,AC00202,649.28,3/2/2023 17:53,Debit,San Jose,ATM,75,Retired,1,4875.86,11/4/2024 8:11
TX000039,AC00478,795.31,10/12/2023 17:07,Debit,Mesa,ATM,66,Doctor,2,7914.88,11/4/2024 8:11
TX000040,AC00405,335.63,1/24/2023 17:17,Debit,Oklahoma City,Online,55,Retired,1,1019.39,11/4/2024 8:07
TX000041,AC00421,328.47,7/31/2023 18:39,Debit,San Antonio,ATM,63,Retired,1,4323.66,11/4/2024 8:07
TX000042,AC00480,34.02,1/9/2023 16:13,Debit,Philadelphia,Online,38,Doctor,1,14214.48,11/4/2024 8:11
TX000043,AC00120,241.42,4/20/2023 18:57,Credit,Charlotte,Online,57,Doctor,1,13357.02,11/4/2024 8:09
TX000044,AC00117,55.32,4/12/2023 16:03,Debit,Tucson,ATM,19,Student,1,241.79,11/4/2024 8:08
TX000045,AC00011,304.31,7/26/2023 16:52,Debit,Louisville,Branch,27,Student,1,868.61,11/4/2024 8:09
TX000046,AC00401,435.27,10/4/2023 17:49,Debit,Chicago,Branch,74,Retired,1,4673.28,11/4/2024 8:11
TX000047,AC00282,164.49,12/13/2023 16:01,Debit,Baltimore,Branch,26,Student,1,1509.27,11/4/2024 8:10
TX000048,AC00439,510.24,10/9/2023 16:29,Debit,Oklahoma City,Online,19,Student,1,781.7,11/4/2024 8:11
TX000049,AC00296,626.9,11/27/2023 16:45,Debit,Denver,Online,26,Student,1,265.51,11/4/2024 8:07
TX000050,AC00471,22.01,3/27/2023 16:45,Credit,Sacramento,Online,41,Engineer,1,1335.09,11/4/2024 8:06
TX000051,AC00159,425.34,2/13/2023 16:59,Credit,Kansas City,Online,69,Retired,1,3907.54,11/4/2024 8:07
TX000052,AC00482,424.56,2/21/2023 17:45,Debit,Omaha,Online,51,Engineer,1,5183.85,11/4/2024 8:09
TX000053,AC00115,85.43,6/7/2023 16:45,Debit,Virginia Beach,Branch,67,Doctor,1,14904.9,11/4/2024 8:06
TX000054,AC00055,169.5,9/7/2023 16:51,Debit,San Diego,Branch,28,Student,1,918.88,11/4/2024 8:08
TX000055,AC00419,104.63,3/29/2023 17:47,Debit,Omaha,ATM,62,Retired,1,4477.78,11/4/2024 8:10
TX000056,AC00374,316.95,8/4/2023 17:53,Debit,Mesa,Branch,25,Student,1,1324.03,11/4/2024 8:09
TX000057,AC00271,60.54,12/14/2023 17:52,Credit,Columbus,Branch,57,Retired,1,3534.93,11/4/2024 8:09
TX000058,AC00456,292.56,3/3/2023 17:37,Credit,Dallas,Branch,68,Retired,1,4638.37,11/4/2024 8:07
TX000059,AC00143,386.52,6/9/2023 16:18,Debit,Indianapolis,Branch,48,Engineer,1,5630.61,11/4/2024 8:07
TX000060,AC00427,112.07,10/2/2023 16:35,Debit,Kansas City,Branch,23,Student,1,930.3,11/4/2024 8:11
TX000061,AC00438,568.52,10/6/2023 18:44,Debit,Indianapolis,ATM,46,Engineer,1,5499.91,11/4/2024 8:06
TX000062,AC00002,263.99,5/16/2023 16:07,Debit,Dallas,Branch,79,Retired,2,4175.02,11/4/2024 8:11
TX000063,AC00425,349.64,11/7/2023 16:48,Debit,Las Vegas,Online,48,Engineer,1,6651.62,11/4/2024 8:08
TX000064,AC00325,601.4,5/30/2023 17:43,Credit,Philadelphia,Branch,56,Engineer,1,8458.29,11/4/2024 8:08
TX000065,AC00434,5.77,11/2/2023 16:01,Debit,Charlotte,Online,50,Doctor,1,13988.12,11/4/2024 8:11
TX000066,AC00242,201.33,3/29/2023 17:00,Credit,Nashville,Branch,42,Engineer,1,2585.07,11/4/2024 8:11
TX000067,AC00319,298.42,4/25/2023 16:11,Debit,Indianapolis,Branch,56,Retired,1,3014.75,11/4/2024 8:10
TX000068,AC00460,521.06,4/18/2023 18:40,Debit,Albuquerque,Branch,25,Student,1,1951.42,11/4/2024 8:12
TX000069,AC00461,117.28,2/9/2023 16:34,Credit,Austin,Online,60,Engineer,1,3665.77,11/4/2024 8:07
TX000070,AC00395,189.12,11/13/2023 16:42,Credit,Indianapolis,Branch,32,Engineer,1,977.01,11/4/2024 8:08
TX000071,AC00217,133.55,7/18/2023 16:12,Debit,Atlanta,ATM,44,Engineer,1,3846.28,11/4/2024 8:10
TX000072,AC00053,143.21,1/13/2023 17:00,Debit,Dallas,Online,35,Engineer,1,6374.82,11/4/2024 8:09
TX000073,AC00282,24.77,7/4/2023 18:20,Debit,Boston,ATM,62,Retired,1,5866.01,11/4/2024 8:12
TX000074,AC00110,233.92,10/20/2023 16:54,Credit,Jacksonville,Online,26,Student,1,6537.62,11/4/2024 8:08
TX000075,AC00265,1212.51,10/4/2023 16:36,Debit,Indianapolis,Branch,20,Student,1,605.95,11/4/2024 8:06
TX000076,AC00239,232.12,12/28/2023 17:31,Debit,Omaha,ATM,37,Engineer,1,6689.87,11/4/2024 8:09
TX000077,AC00007,162.63,6/12/2023 17:53,Debit,Kansas City,Online,22,Student,1,634.17,11/4/2024 8:08
TX000078,AC00022,91.53,3/13/2023 16:32,Debit,Milwaukee,Branch,44,Doctor,1,14676.05,11/4/2024 8:11
TX000079,AC00464,120.29,12/18/2023 18:46,Debit,Miami,Branch,19,Student,1,1362.39,11/4/2024 8:06
TX000080,AC00014,174.25,7/17/2023 18:54,Debit,Seattle,Online,50,Doctor,1,10528.34,11/4/2024 8:10
TX000081,AC00406,183.71,6/19/2023 18:22,Debit,Denver,ATM,38,Engineer,1,552.52,11/4/2024 8:09
TX000082,AC00445,345.39,10/23/2023 17:13,Credit,Phoenix,Online,58,Engineer,1,6451.96,11/4/2024 8:08
TX000083,AC00236,922.55,1/23/2023 16:32,Debit,Detroit,ATM,63,Retired,1,4715.84,11/4/2024 8:11
TX000084,AC00220,259.91,11/6/2023 16:34,Debit,Denver,Online,49,Doctor,1,7176.86,11/4/2024 8:09
TX000085,AC00140,154.71,7/3/2023 16:40,Debit,San Diego,Online,34,Doctor,1,1523.72,11/4/2024 8:09
TX000086,AC00098,1340.19,9/29/2023 17:22,Credit,Austin,Online,54,Engineer,1,8654.28,11/4/2024 8:06
TX000087,AC00303,24.56,10/20/2023 17:27,Debit,Mesa,Branch,64,Doctor,1,9869.93,11/4/2024 8:12
TX000088,AC00373,568.07,8/28/2023 17:03,Debit,Washington,ATM,48,Doctor,1,10556.81,11/4/2024 8:07
TX000089,AC00438,9.61,6/22/2023 18:37,Credit,San Diego,Online,58,Doctor,1,12883.91,11/4/2024 8:09
TX000090,AC00437,392.96,11/20/2023 16:28,Debit,Kansas City,Online,24,Student,1,791.65,11/4/2024 8:08
TX000091,AC00106,716.93,9/14/2023 16:49,Credit,Milwaukee,Online,60,Retired,1,4064.02,11/4/2024 8:08
TX000092,AC00310,223.85,10/2/2023 16:36,Debit,Kansas City,ATM,53,Engineer,4,2929.91,11/4/2024 8:08
TX000093,AC00149,230.66,3/27/2023 18:16,Debit,Houston,Branch,21,Student,1,618.05,11/4/2024 8:10
TX000094,AC00373,442.12,12/21/2023 16:37,Debit,Los Angeles,Online,19,Student,1,1375.8,11/4/2024 8:08
TX000095,AC00425,644.17,3/2/2023 16:05,Debit,San Antonio,ATM,29,Engineer,1,1143.52,11/4/2024 8:08
TX000096,AC00010,508.68,6/26/2023 16:16,Credit,Mesa,Branch,51,Engineer,1,7708.41,11/4/2024 8:09
TX000097,AC00348,858.63,4/18/2023 17:27,Credit,San Francisco,Branch,27,Student,1,1872.96,11/4/2024 8:10
TX000098,AC00011,25.36,7/17/2023 17:08,Debit,Louisville,ATM,57,Engineer,1,201.04,11/4/2024 8:11
TX000099,AC00453,147.62,9/1/2023 17:26,Debit,Charlotte,Branch,71,Retired,1,2115.8,11/4/2024 8:07
TX000100,AC00178,115.02,9/11/2023 16:19,Debit,San Antonio,Branch,37,Doctor,1,7643.66,11/4/2024 8:08
TX000101,AC00265,383.37,1/24/2023 17:23,Debit,Fort Worth,Branch,30,Engineer,1,8901.93,11/4/2024 8:11
TX000102,AC00018,98.54,8/11/2023 16:18,Credit,El Paso,Online,20,Student,1,9383.43,11/4/2024 8:10
TX000103,AC00075,83.24,10/16/2023 18:35,Credit,Fort Worth,Branch,55,Doctor,1,1181.31,11/4/2024 8:10
TX000104,AC00464,196.16,2/24/2023 16:29,Debit,Virginia Beach,Branch,27,Engineer,1,9418.86,11/4/2024 8:08
TX000105,AC00170,129.94,1/2/2023 16:36,Debit,Las Vegas,ATM,32,Engineer,1,7954.92,11/4/2024 8:06
TX000106,AC00235,306.9,11/30/2023 16:31,Debit,Colorado Springs,Online,46,Engineer,1,9418.08,11/4/2024 8:10
TX000107,AC00013,114.98,11/1/2023 16:52,Debit,Seattle,Online,59,Retired,1,6144.68,11/4/2024 8:09
TX000108,AC00397,756.59,3/6/2023 16:47,Debit,Sacramento,Branch,27,Student,1,420.65,11/4/2024 8:11
TX000109,AC00423,503.76,11/27/2023 18:32,Debit,Los Angeles,Online,22,Student,1,447.82,11/4/2024 8:09
TX000110,AC00154,143.03,7/31/2023 16:37,Debit,San Antonio,ATM,63,Retired,1,7981.45,11/4/2024 8:10
TX000111,AC00068,1045.22,11/22/2023 16:13,Debit,Columbus,ATM,53,Retired,1,1829.9,11/4/2024 8:07
TX000112,AC00318,245.54,3/21/2023 16:29,Debit,New York,ATM,25,Student,1,985.06,11/4/2024 8:10
TX000113,AC00396,254.37,4/20/2023 18:26,Credit,Dallas,Online,51,Engineer,1,8849.26,11/4/2024 8:06
TX000114,AC00121,213.76,3/1/2023 17:52,Credit,Dallas,ATM,78,Retired,1,3528.72,11/4/2024 8:09
TX000115,AC00336,327.86,2/10/2023 16:52,Debit,Fresno,Online,40,Engineer,1,480.16,11/4/2024 8:06
TX000116,AC00468,2.5,7/21/2023 16:43,Debit,San Diego,Online,47,Doctor,1,12145.27,11/4/2024 8:09
TX000117,AC00282,300.08,10/9/2023 17:02,Credit,Austin,Online,68,Doctor,1,13546.75,11/4/2024 8:12
TX000118,AC00498,56.98,1/1/2024 16:34,Credit,Oklahoma City,ATM,43,Engineer,2,5688.37,11/4/2024 8:07
TX000119,AC00085,407.65,7/7/2023 16:11,Debit,Boston,Online,26,Engineer,1,8346.64,11/4/2024 8:06
TX000120,AC00092,115.83,5/22/2023 17:09,Debit,Fresno,Branch,39,Engineer,1,6481.04,11/4/2024 8:10
TX000121,AC00295,53.57,8/16/2023 16:17,Debit,Houston,ATM,69,Retired,1,1651.33,11/4/2024 8:08
TX000122,AC00358,63.34,11/17/2023 16:02,Credit,Detroit,Online,46,Doctor,1,11174.94,11/4/2024 8:10
TX000123,AC00311,317.87,5/22/2023 17:29,Debit,Detroit,Online,27,Student,1,145.5,11/4/2024 8:11
TX000124,AC00066,331.65,8/25/2023 17:26,Debit,Portland,Online,41,Engineer,1,4172.57,11/4/2024 8:11
TX000125,AC00340,5.04,11/27/2023 16:38,Debit,Washington,ATM,56,Retired,1,5558.36,11/4/2024 8:10
TX000126,AC00284,214.54,8/4/2023 17:46,Credit,Detroit,Online,70,Doctor,1,11151.53,11/4/2024 8:11
TX000127,AC00208,598.81,9/4/2023 16:48,Debit,Philadelphia,Branch,57,Doctor,1,1415.52,11/4/2024 8:10
TX000128,AC00176,841.28,8/9/2023 17:34,Debit,Tucson,Online,26,Student,1,1103.64,11/4/2024 8:09
TX000129,AC00053,38.15,9/7/2023 16:07,Debit,Mesa,Online,26,Student,1,303.68,11/4/2024 8:07
TX000130,AC00320,1036.66,7/11/2023 16:39,Debit,San Antonio,Branch,58,Doctor,1,5541.57,11/4/2024 8:09
TX000131,AC00382,124.72,7/3/2023 17:14,Debit,Oklahoma City,Branch,33,Engineer,1,6309.8,11/4/2024 8:07
TX000132,AC00384,302.45,9/25/2023 17:13,Credit,San Antonio,Branch,78,Retired,1,5133.61,11/4/2024 8:11
TX000133,AC00203,208.04,11/20/2023 17:10,Debit,Louisville,Online,47,Engineer,1,9344.98,11/4/2024 8:08
TX000134,AC00498,5.77,11/17/2023 17:27,Credit,Los Angeles,Branch,23,Student,1,1117.97,11/4/2024 8:10
TX000135,AC00349,381.33,8/21/2023 16:46,Debit,Albuquerque,ATM,56,Doctor,1,11835.35,11/4/2024 8:09
TX000136,AC00177,16.16,10/16/2023 16:59,Debit,Milwaukee,ATM,50,Doctor,1,14401.17,11/4/2024 8:11
TX000137,AC00284,486.08,6/20/2023 17:21,Debit,Oklahoma City,Online,18,Student,1,1748.69,11/4/2024 8:07
TX000138,AC00272,336.39,1/16/2023 16:53,Debit,San Antonio,Branch,21,Student,1,1000.46,11/4/2024 8:09
TX000139,AC00405,997.43,11/22/2023 16:07,Debit,Seattle,Online,69,Doctor,1,6810.05,11/4/2024 8:08
TX000140,AC00385,234.57,9/1/2023 16:09,Debit,Chicago,Online,23,Student,1,263.98,11/4/2024 8:08
TX000141,AC00403,6,10/23/2023 18:38,Debit,Chicago,Online,30,Doctor,1,5442.76,11/4/2024 8:09
TX000142,AC00114,1049.92,10/23/2023 16:50,Debit,Detroit,ATM,80,Retired,1,2037.85,11/4/2024 8:10
TX000143,AC00163,227.14,7/3/2023 17:42,Debit,Charlotte,ATM,18,Student,1,341.94,11/4/2024 8:11
TX000144,AC00108,233.74,10/24/2023 16:41,Credit,Oklahoma City,Online,66,Retired,1,1066.59,11/4/2024 8:11
TX000145,AC00397,113.02,9/25/2023 16:54,Credit,Jacksonville,Branch,69,Retired,1,6077.96,11/4/2024 8:07
TX000146,AC00434,45.85,2/16/2023 17:57,Debit,Los Angeles,ATM,20,Student,1,1659.15,11/4/2024 8:07
TX000147,AC00385,973.39,8/30/2023 17:23,Debit,Sacramento,Branch,77,Retired,1,2042.22,11/4/2024 8:11
TX000148,AC00161,514.95,4/13/2023 18:37,Debit,New York,Online,41,Doctor,5,421.93,11/4/2024 8:10
TX000149,AC00333,415.5,7/28/2023 16:29,Debit,Memphis,ATM,66,Doctor,1,10113.66,11/4/2024 8:10
TX000150,AC00279,265.76,2/6/2023 17:48,Debit,Philadelphia,Online,54,Retired,1,4446.17,11/4/2024 8:12
TX000151,AC00072,69.4,7/24/2023 18:08,Debit,Virginia Beach,Online,80,Retired,1,6452.77,11/4/2024 8:09
TX000152,AC00242,332.93,11/20/2023 16:29,Credit,Albuquerque,Branch,35,Engineer,1,2788.2,11/4/2024 8:08
TX000153,AC00303,267.9,10/9/2023 16:52,Debit,San Antonio,Online,20,Student,1,596.16,11/4/2024 8:08
TX000154,AC00442,496.03,11/3/2023 16:45,Debit,San Francisco,Branch,61,Doctor,1,12904.66,11/4/2024 8:09
TX000155,AC00087,376.26,2/15/2023 16:41,Debit,Tucson,ATM,37,Engineer,1,9062.4,11/4/2024 8:09
TX000156,AC00174,83.02,9/4/2023 17:59,Credit,Seattle,Online,36,Engineer,1,9009.56,11/4/2024 8:11
TX000157,AC00421,93.26,7/27/2023 16:22,Credit,New York,Online,20,Student,1,1152.2,11/4/2024 8:12
TX000158,AC00111,803.37,4/17/2023 16:08,Credit,Memphis,Branch,68,Doctor,1,12168.37,11/4/2024 8:08
TX000159,AC00275,35.76,9/19/2023 17:38,Debit,Charlotte,Branch,23,Student,1,611.86,11/4/2024 8:11
TX000160,AC00492,28.53,5/31/2023 16:37,Debit,Washington,Online,62,Doctor,1,8670.53,11/4/2024 8:06
TX000161,AC00380,139.53,10/9/2023 17:20,Credit,Louisville,Online,53,Doctor,1,10098.86,11/4/2024 8:07
TX000162,AC00227,307.57,1/9/2023 16:12,Debit,Detroit,Branch,33,Doctor,1,5307.74,11/4/2024 8:06
TX000163,AC00257,60.65,5/26/2023 18:15,Credit,Tucson,Branch,56,Retired,1,1047.28,11/4/2024 8:09
TX000164,AC00062,74.86,8/14/2023 17:43,Debit,Nashville,Branch,70,Doctor,1,6921.48,11/4/2024 8:07
TX000165,AC00383,117.97,11/24/2023 18:51,Debit,Kansas City,Branch,51,Retired,1,1475.46,11/4/2024 8:09
TX000166,AC00182,231.91,1/31/2023 18:31,Debit,Memphis,ATM,34,Engineer,1,112.76,11/4/2024 8:12
TX000167,AC00478,126.21,2/14/2023 16:07,Debit,Baltimore,Branch,75,Retired,1,5669.66,11/4/2024 8:08
TX000168,AC00332,506.28,5/2/2023 17:03,Credit,Chicago,Online,53,Retired,2,1309.95,11/4/2024 8:09
TX000169,AC00202,304.35,12/4/2023 17:07,Debit,Houston,Branch,31,Engineer,1,4057.1,11/4/2024 8:08
TX000170,AC00331,281.85,5/16/2023 17:26,Debit,Detroit,ATM,22,Student,1,1585.98,11/4/2024 8:07
TX000171,AC00474,777.88,3/20/2023 16:58,Debit,Houston,Branch,31,Engineer,1,6825.55,11/4/2024 8:09
TX000172,AC00268,119.18,8/25/2023 18:01,Debit,Los Angeles,Branch,56,Retired,1,5516.5,11/4/2024 8:07
TX000173,AC00247,177.19,5/15/2023 17:25,Debit,Chicago,Online,76,Retired,1,5343.3,11/4/2024 8:06
TX000174,AC00298,260.88,5/29/2023 16:50,Debit,Denver,Branch,22,Student,1,903.05,11/4/2024 8:06
TX000175,AC00106,169.47,3/22/2023 16:10,Debit,Chicago,Online,24,Student,1,1806.16,11/4/2024 8:07
TX000176,AC00035,73.23,5/19/2023 16:52,Debit,Portland,Branch,26,Student,1,787.74,11/4/2024 8:11
TX000177,AC00363,1362.55,2/10/2023 18:07,Debit,El Paso,ATM,29,Engineer,1,2429.68,11/4/2024 8:11
TX000178,AC00273,792.57,5/22/2023 16:22,Debit,Baltimore,ATM,19,Student,1,770.37,11/4/2024 8:10
TX000179,AC00156,237.06,12/18/2023 16:47,Debit,Phoenix,Online,71,Retired,1,1182.77,11/4/2024 8:07
TX000180,AC00010,34.17,11/21/2023 16:57,Credit,Philadelphia,Online,54,Engineer,1,726.55,11/4/2024 8:06
TX000181,AC00036,740.25,7/19/2023 17:03,Debit,Philadelphia,Online,41,Doctor,1,14464.3,11/4/2024 8:08
TX000182,AC00149,453.54,4/19/2023 16:36,Debit,Albuquerque,ATM,58,Doctor,1,12046.3,11/4/2024 8:12
TX000183,AC00225,300.47,11/13/2023 16:11,Debit,Jacksonville,Branch,73,Retired,1,7885.64,11/4/2024 8:08
TX000184,AC00077,110.93,4/7/2023 16:38,Credit,Virginia Beach,Branch,19,Student,1,1952.35,11/4/2024 8:10
TX000185,AC00440,201.69,1/3/2023 16:46,Debit,Las Vegas,ATM,59,Doctor,1,7328.52,11/4/2024 8:10
TX000186,AC00321,399.21,1/30/2023 16:15,Debit,Portland,ATM,59,Engineer,1,3210.39,11/4/2024 8:08
TX000187,AC00099,1041.88,9/6/2023 16:44,Debit,Jacksonville,Online,78,Retired,1,5726.2,11/4/2024 8:06
TX000188,AC00258,630.36,3/2/2023 16:11,Debit,Mesa,ATM,62,Retired,1,1363.65,11/4/2024 8:12
TX000189,AC00132,10.94,10/23/2023 17:24,Credit,Philadelphia,ATM,60,Engineer,1,1241.99,11/4/2024 8:11
TX000190,AC00113,215.9,1/4/2023 16:02,Debit,Los Angeles,ATM,38,Doctor,1,7873.28,11/4/2024 8:10
TX000191,AC00396,1422.55,7/10/2023 17:49,Debit,Washington,Branch,79,Retired,1,5674.32,11/4/2024 8:06
TX000192,AC00099,226.37,9/18/2023 17:07,Credit,Louisville,Branch,49,Doctor,1,9840.04,11/4/2024 8:09
TX000193,AC00265,444.89,9/11/2023 16:27,Credit,Las Vegas,Branch,43,Doctor,1,10328.23,11/4/2024 8:11
TX000194,AC00047,280.57,1/27/2023 17:35,Credit,Virginia Beach,Online,25,Student,1,293.24,11/4/2024 8:10
TX000195,AC00005,488.54,7/3/2023 17:47,Debit,Jacksonville,Branch,52,Engineer,1,7486.63,11/4/2024 8:07
TX000196,AC00363,3.3,3/27/2023 16:42,Credit,Los Angeles,Branch,50,Doctor,1,11385.37,11/4/2024 8:10
TX000197,AC00426,199.39,8/21/2023 16:16,Debit,Colorado Springs,Branch,69,Retired,1,7264.79,11/4/2024 8:09
TX000198,AC00107,20.36,7/24/2023 17:02,Debit,Tucson,Branch,62,Retired,1,2762.48,11/4/2024 8:11
TX000199,AC00237,113.64,10/24/2023 17:09,Debit,Detroit,Online,62,Retired,1,6675.03,11/4/2024 8:07
TX000200,AC00358,493.11,7/31/2023 16:25,Debit,Colorado Springs,Branch,53,Retired,1,7432.99,11/4/2024 8:08
TX000201,AC00113,307.41,6/12/2023 17:32,Debit,Los Angeles,ATM,19,Student,1,1057,11/4/2024 8:09
TX000202,AC00010,11.18,11/30/2023 16:52,Debit,Atlanta,Online,43,Doctor,1,5956.89,11/4/2024 8:10
TX000203,AC00499,313.82,11/15/2023 18:57,Debit,Tucson,Branch,59,Engineer,1,7261.59,11/4/2024 8:08
TX000204,AC00380,51,1/30/2023 16:00,Debit,Seattle,Branch,64,Retired,1,4943.16,11/4/2024 8:08
TX000205,AC00452,140.98,5/25/2023 16:34,Debit,Memphis,Branch,60,Engineer,1,8127.48,11/4/2024 8:12
TX000206,AC00020,288.04,8/24/2023 16:47,Debit,Denver,ATM,68,Retired,1,1748.02,11/4/2024 8:10
TX000207,AC00181,800.55,5/4/2023 16:21,Debit,Oklahoma City,ATM,31,Engineer,1,9660.22,11/4/2024 8:06
TX000208,AC00370,485.54,2/6/2023 17:46,Debit,Houston,ATM,46,Engineer,1,6371.51,11/4/2024 8:11
TX000209,AC00453,521.15,2/17/2023 18:16,Debit,Kansas City,ATM,54,Doctor,1,9442.47,11/4/2024 8:07
TX000210,AC00339,321.79,8/7/2023 17:30,Credit,Raleigh,ATM,63,Retired,1,5959.2,11/4/2024 8:10
TX000211,AC00249,304.93,2/24/2023 16:23,Debit,Portland,ATM,65,Doctor,1,13531.22,11/4/2024 8:08
TX000212,AC00479,432.08,7/31/2023 16:04,Debit,El Paso,ATM,40,Doctor,1,11500.62,11/4/2024 8:11
TX000213,AC00301,694.2,12/7/2023 16:20,Debit,Milwaukee,ATM,61,Retired,1,1389.37,11/4/2024 8:07
TX000214,AC00380,116.86,3/20/2023 18:28,Debit,Louisville,ATM,55,Engineer,1,6706.56,11/4/2024 8:12
TX000215,AC00130,386.81,3/3/2023 18:02,Credit,Detroit,Online,57,Doctor,1,7175.29,11/4/2024 8:10
TX000216,AC00006,74.88,5/24/2023 16:25,Debit,Atlanta,ATM,25,Student,1,420.67,11/4/2024 8:07
TX000217,AC00096,195.76,5/22/2023 16:17,Debit,Philadelphia,Branch,75,Retired,1,7323.53,11/4/2024 8:09
TX000218,AC00108,134.7,8/21/2023 16:03,Debit,Fort Worth,ATM,50,Doctor,1,8395.85,11/4/2024 8:11
TX000219,AC00070,890.24,7/7/2023 18:03,Credit,Las Vegas,Online,33,Engineer,1,5140.93,11/4/2024 8:07
TX000220,AC00417,361.27,1/6/2023 17:01,Debit,Omaha,ATM,63,Doctor,1,7945.57,11/4/2024 8:10
TX000221,AC00391,131.56,10/19/2023 16:42,Debit,Charlotte,Branch,44,Doctor,1,5873.54,11/4/2024 8:07
TX000222,AC00414,485.51,11/28/2023 16:49,Credit,Milwaukee,Online,76,Retired,1,3074.45,11/4/2024 8:08
TX000223,AC00004,547.87,7/10/2023 17:15,Debit,Columbus,ATM,64,Retired,1,6155.76,11/4/2024 8:10
TX000224,AC00047,457.3,6/26/2023 18:25,Debit,Virginia Beach,Online,28,Engineer,1,8318.29,11/4/2024 8:07
TX000225,AC00198,506.24,1/13/2023 16:44,Debit,Chicago,ATM,58,Engineer,1,230.09,11/4/2024 8:11
TX000226,AC00314,486.59,12/19/2023 16:55,Debit,Indianapolis,Branch,57,Retired,1,2513.56,11/4/2024 8:10
TX000227,AC00212,163.68,9/28/2023 16:20,Debit,San Diego,Branch,41,Doctor,1,10090.05,11/4/2024 8:11
TX000228,AC00115,581.65,1/9/2023 16:54,Debit,Boston,ATM,22,Student,1,480.19,11/4/2024 8:09
TX000229,AC00055,52.01,11/7/2023 16:46,Debit,Mesa,ATM,48,Doctor,1,1120.88,11/4/2024 8:11
TX000230,AC00427,630.24,11/29/2023 18:10,Debit,Boston,ATM,21,Student,1,370.81,11/4/2024 8:11
TX000231,AC00401,523.74,11/2/2023 16:36,Debit,Oklahoma City,ATM,43,Doctor,1,13498.55,11/4/2024 8:06
TX000232,AC00430,705.6,2/20/2023 18:41,Debit,Phoenix,Branch,40,Doctor,3,14804.7,11/4/2024 8:09
TX000233,AC00299,217.5,10/23/2023 18:54,Credit,Denver,Branch,46,Engineer,1,3057.4,11/4/2024 8:06
TX000234,AC00345,91.48,1/23/2023 16:50,Debit,Fort Worth,ATM,51,Doctor,1,14942.78,11/4/2024 8:09
TX000235,AC00430,5.25,11/13/2023 18:26,Debit,San Jose,ATM,39,Doctor,1,14143.32,11/4/2024 8:12
TX000236,AC00175,54.03,9/19/2023 17:16,Credit,Milwaukee,ATM,56,Retired,1,6736.3,11/4/2024 8:07
TX000237,AC00177,736.73,11/27/2023 16:05,Debit,Memphis,Branch,48,Engineer,1,3313.07,11/4/2024 8:10
TX000238,AC00225,368.91,3/10/2023 17:49,Debit,Virginia Beach,Branch,54,Doctor,1,829.71,11/4/2024 8:10
TX000239,AC00394,33.06,1/17/2023 16:03,Credit,Fort Worth,Online,53,Retired,1,1540.87,11/4/2024 8:06
TX000240,AC00026,66.5,5/4/2023 16:44,Credit,Louisville,Online,32,Engineer,1,6820.23,11/4/2024 8:08
TX000241,AC00076,177.08,1/6/2023 17:16,Debit,Las Vegas,Online,35,Doctor,1,13475.14,11/4/2024 8:12
TX000242,AC00215,588.54,2/6/2023 17:57,Debit,Portland,Branch,32,Engineer,1,714.45,11/4/2024 8:10
TX000243,AC00202,173.5,10/23/2023 17:16,Debit,Nashville,ATM,21,Student,1,1306.91,11/4/2024 8:11
TX000244,AC00400,78.33,7/31/2023 16:13,Credit,Memphis,Online,56,Engineer,1,7255.33,11/4/2024 8:08
TX000245,AC00004,40.66,1/1/2024 16:08,Debit,Louisville,Branch,59,Retired,1,1153.84,11/4/2024 8:11
TX000246,AC00260,97.22,2/20/2023 17:30,Credit,Atlanta,Branch,77,Retired,1,6647.73,11/4/2024 8:11
TX000247,AC00415,34.07,11/6/2023 17:22,Debit,Philadelphia,Branch,22,Student,1,8709.77,11/4/2024 8:07
TX000248,AC00337,492.06,10/19/2023 16:14,Debit,Fresno,Online,23,Student,1,857.9,11/4/2024 8:09
TX000249,AC00253,842.01,9/12/2023 16:43,Credit,Virginia Beach,Online,53,Doctor,1,509.45,11/4/2024 8:08
TX000250,AC00126,73.55,1/9/2023 16:09,Debit,Atlanta,ATM,51,Engineer,1,2812.06,11/4/2024 8:11
TX000251,AC00304,760.53,9/4/2023 18:13,Debit,Phoenix,Online,57,Engineer,1,6179.91,11/4/2024 8:09
TX000252,AC00470,273.08,1/30/2023 16:09,Credit,Houston,Branch,26,Engineer,1,6609.3,11/4/2024 8:07
TX000253,AC00041,371.69,12/22/2023 16:27,Debit,San Francisco,Branch,67,Retired,1,3484.32,11/4/2024 8:09
TX000254,AC00442,218.96,8/30/2023 16:11,Debit,Seattle,ATM,18,Student,1,754.21,11/4/2024 8:10
TX000255,AC00430,227.39,12/25/2023 16:58,Debit,Atlanta,Online,18,Student,1,751.09,11/4/2024 8:11
TX000256,AC00258,237.99,5/8/2023 16:45,Credit,Kansas City,Branch,39,Doctor,1,8510.09,11/4/2024 8:11
TX000257,AC00073,186.6,7/4/2023 16:27,Debit,Washington,Online,58,Doctor,1,1508.72,11/4/2024 8:06
TX000258,AC00430,341.15,2/13/2023 17:18,Debit,San Jose,Online,18,Student,1,511.37,11/4/2024 8:10
TX000259,AC00363,434.58,9/6/2023 16:28,Debit,Memphis,ATM,59,Doctor,1,12648.32,11/4/2024 8:08
TX000260,AC00307,312.88,5/26/2023 18:12,Credit,Portland,Branch,54,Engineer,1,233.21,11/4/2024 8:07
TX000261,AC00085,75.15,9/18/2023 17:31,Debit,Boston,ATM,23,Student,1,1092.92,11/4/2024 8:11
TX000262,AC00448,23.3,8/14/2023 18:13,Debit,Los Angeles,ATM,59,Engineer,1,6711.15,11/4/2024 8:08
TX000263,AC00194,47.38,2/8/2023 18:18,Credit,Seattle,Online,25,Student,1,459.37,11/4/2024 8:07
TX000264,AC00319,512.81,7/19/2023 16:57,Debit,Sacramento,Branch,79,Retired,1,6994.34,11/4/2024 8:11
TX000265,AC00366,488.15,7/31/2023 16:01,Debit,Louisville,Branch,43,Engineer,1,7071.09,11/4/2024 8:11
TX000266,AC00338,12.82,4/5/2023 18:37,Debit,Fort Worth,ATM,44,Engineer,1,9045.19,11/4/2024 8:08
TX000267,AC00178,66.9,4/17/2023 16:50,Credit,Charlotte,Online,79,Retired,4,5238.71,11/4/2024 8:10
TX000268,AC00424,535.91,7/7/2023 16:38,Debit,Las Vegas,Online,43,Engineer,1,9642.12,11/4/2024 8:10
TX000269,AC00147,270.72,7/3/2023 18:01,Credit,Washington,Online,26,Engineer,1,6263.96,11/4/2024 8:11
TX000270,AC00171,97.98,2/6/2023 16:09,Debit,Denver,Branch,72,Retired,1,7460.33,11/4/2024 8:08
TX000271,AC00023,196.08,8/25/2023 16:52,Debit,San Francisco,Online,61,Retired,1,4233.82,11/4/2024 8:06
TX000272,AC00263,251.18,6/1/2023 16:51,Debit,San Jose,ATM,42,Engineer,1,8303.9,11/4/2024 8:07
TX000273,AC00423,44.52,3/28/2023 18:30,Debit,El Paso,Online,28,Student,1,314.28,11/4/2024 8:10
TX000274,AC00455,178.87,5/23/2023 16:03,Debit,Baltimore,Online,35,Doctor,1,5241.23,11/4/2024 8:10
TX000275,AC00454,1176.28,12/20/2023 16:08,Credit,Kansas City,ATM,54,Engineer,5,323.69,11/4/2024 8:11
TX000276,AC00055,386.68,10/31/2023 16:48,Debit,New York,Branch,46,Doctor,1,6863.06,11/4/2024 8:06
TX000277,AC00403,167.14,4/24/2023 18:33,Debit,Denver,Online,76,Retired,1,3877.73,11/4/2024 8:06
TX000278,AC00220,345.22,9/5/2023 16:55,Debit,Fresno,Branch,69,Retired,1,4046.58,11/4/2024 8:07
TX000279,AC00009,74.85,12/25/2023 17:19,Debit,Raleigh,ATM,72,Retired,1,2409.73,11/4/2024 8:11
TX000280,AC00445,671.73,10/16/2023 16:15,Debit,Washington,Branch,58,Engineer,1,5211.88,11/4/2024 8:12
TX000281,AC00133,255.04,11/23/2023 16:15,Debit,Seattle,ATM,45,Engineer,1,6217.86,11/4/2024 8:11
TX000282,AC00362,45.77,2/9/2023 17:50,Debit,Philadelphia,Online,25,Student,1,5978.12,11/4/2024 8:08
TX000283,AC00026,329.69,1/9/2023 16:54,Credit,San Antonio,Online,26,Student,1,1671.66,11/4/2024 8:09
TX000284,AC00387,362.04,7/10/2023 16:37,Credit,Philadelphia,Branch,58,Doctor,2,8421.88,11/4/2024 8:08
TX000285,AC00451,11.92,10/9/2023 17:48,Debit,San Diego,Branch,53,Doctor,1,14611.9,11/4/2024 8:11
TX000286,AC00033,47.42,12/19/2023 16:46,Debit,San Diego,ATM,64,Doctor,1,8253.52,11/4/2024 8:08
TX000287,AC00087,35.99,1/19/2023 16:14,Debit,Miami,Branch,63,Retired,1,4489.79,11/4/2024 8:09
TX000288,AC00159,151.19,5/5/2023 16:04,Credit,New York,Branch,37,Doctor,1,11903.82,11/4/2024 8:11
TX000289,AC00177,242.62,7/10/2023 16:40,Credit,San Francisco,Online,22,Student,1,483.02,11/4/2024 8:07
TX000290,AC00093,48.72,9/29/2023 18:54,Debit,Virginia Beach,Branch,21,Student,1,816.08,11/4/2024 8:07
TX000291,AC00427,43.46,7/21/2023 17:02,Debit,Boston,ATM,25,Student,1,578.06,11/4/2024 8:10
TX000292,AC00284,1036.21,7/21/2023 18:54,Debit,Omaha,Online,25,Student,1,477.3,11/4/2024 8:12
TX000293,AC00189,443.79,10/9/2023 18:28,Debit,Las Vegas,ATM,53,Retired,1,3133.85,11/4/2024 8:11
TX000294,AC00495,365.14,12/1/2023 18:46,Debit,Dallas,Online,68,Retired,1,5894.09,11/4/2024 8:07
TX000295,AC00148,757.41,5/5/2023 16:31,Debit,Los Angeles,ATM,22,Student,1,9532.42,11/4/2024 8:09
TX000296,AC00272,20.54,8/21/2023 18:09,Debit,Fort Worth,Branch,51,Engineer,1,5327.03,11/4/2024 8:07
TX000297,AC00381,475.36,10/2/2023 16:03,Debit,Phoenix,ATM,34,Engineer,1,2000.6,11/4/2024 8:06
TX000298,AC00110,34.74,6/26/2023 16:40,Debit,San Francisco,ATM,56,Retired,1,6827.57,11/4/2024 8:11
TX000299,AC00495,689.54,3/6/2023 16:46,Debit,Oklahoma City,Branch,27,Student,1,1633.76,11/4/2024 8:08
TX000300,AC00035,211.18,10/16/2023 16:09,Debit,Washington,ATM,73,Retired,1,4069.17,11/4/2024 8:11
TX000301,AC00119,211.36,11/21/2023 16:23,Credit,Fort Worth,Branch,51,Engineer,1,7943.47,11/4/2024 8:11
TX000302,AC00488,744.41,7/31/2023 16:35,Credit,Houston,Online,39,Engineer,1,8842.47,11/4/2024 8:11
TX000303,AC00466,61.43,6/29/2023 16:16,Debit,Phoenix,Online,24,Student,1,1882.77,11/4/2024 8:08
TX000304,AC00489,167.44,9/25/2023 16:11,Debit,Mesa,Branch,37,Doctor,1,12526.71,11/4/2024 8:10
TX000305,AC00306,361.46,4/7/2023 17:23,Debit,Nashville,Online,21,Student,1,4737.84,11/4/2024 8:10
TX000306,AC00431,378.85,6/16/2023 17:21,Debit,Virginia Beach,Branch,78,Retired,1,2300.53,11/4/2024 8:09
TX000307,AC00233,241.11,6/16/2023 16:41,Debit,Columbus,Branch,30,Doctor,1,12385.05,11/4/2024 8:10
TX000308,AC00389,131.93,9/11/2023 17:31,Credit,Fort Worth,Branch,31,Engineer,1,4547.06,11/4/2024 8:06
TX000309,AC00067,20.28,7/19/2023 17:42,Debit,Oklahoma City,Online,36,Engineer,1,2047.83,11/4/2024 8:10
TX000310,AC00300,415.88,4/27/2023 17:30,Debit,San Diego,Branch,70,Doctor,1,10008.33,11/4/2024 8:08
TX000311,AC00386,49.99,2/9/2023 17:53,Debit,Omaha,ATM,62,Retired,1,2299.64,11/4/2024 8:08
TX000312,AC00285,1221.65,9/27/2023 16:55,Debit,Denver,Online,27,Student,1,243.92,11/4/2024 8:10
TX000313,AC00219,100.66,6/16/2023 18:58,Debit,Dallas,Branch,50,Doctor,1,14473.33,11/4/2024 8:11
TX000314,AC00445,485.54,12/8/2023 16:47,Debit,Louisville,Online,19,Student,1,1533.32,11/4/2024 8:11
TX000315,AC00371,321.15,2/10/2023 17:06,Debit,Los Angeles,Branch,46,Doctor,1,7005.05,11/4/2024 8:06
TX000316,AC00164,711.3,6/26/2023 18:57,Debit,San Jose,Branch,21,Student,1,955.4,11/4/2024 8:09
TX000317,AC00200,12.23,10/12/2023 16:02,Debit,Houston,ATM,42,Engineer,1,7844.88,11/4/2024 8:07
TX000318,AC00310,350.94,10/30/2023 17:17,Debit,Colorado Springs,ATM,20,Student,1,221.56,11/4/2024 8:10
TX000319,AC00106,301.85,4/18/2023 17:43,Debit,Columbus,Online,54,Engineer,1,6586.19,11/4/2024 8:10
TX000320,AC00444,29.34,3/9/2023 17:37,Debit,Louisville,Online,65,Retired,1,3944.82,11/4/2024 8:11
TX000321,AC00441,231.71,4/24/2023 17:01,Debit,Raleigh,Branch,27,Student,1,1127.98,11/4/2024 8:07
TX000322,AC00300,179.43,8/11/2023 18:20,Debit,Oklahoma City,ATM,58,Retired,1,2626.63,11/4/2024 8:10
TX000323,AC00194,36.71,1/30/2023 17:11,Debit,Jacksonville,Branch,48,Doctor,1,6459.38,11/4/2024 8:11
TX000324,AC00248,138.12,4/11/2023 17:18,Credit,Los Angeles,Branch,53,Doctor,1,1649.69,11/4/2024 8:11
TX000325,AC00286,233.24,4/17/2023 16:56,Debit,Louisville,ATM,33,Engineer,1,6939.23,11/4/2024 8:07
TX000326,AC00049,609.14,11/23/2023 16:09,Debit,Tucson,ATM,39,Engineer,1,9033.87,11/4/2024 8:11
TX000327,AC00471,436.64,12/25/2023 17:46,Debit,Los Angeles,Branch,31,Doctor,1,14365.18,11/4/2024 8:08
TX000328,AC00434,870.43,5/31/2023 16:54,Debit,Los Angeles,Branch,29,Doctor,1,10115.18,11/4/2024 8:07
TX000329,AC00264,354.4,11/6/2023 17:23,Debit,Chicago,ATM,74,Retired,1,7358.65,11/4/2024 8:10
TX000330,AC00316,22.63,2/20/2023 17:28,Debit,Kansas City,Online,53,Engineer,1,4438.03,11/4/2024 8:10
TX000331,AC00087,182.19,6/19/2023 16:36,Debit,Mesa,Branch,26,Student,1,1176.1,11/4/2024 8:06
TX000332,AC00140,126.81,10/30/2023 16:58,Debit,Philadelphia,Branch,26,Engineer,1,5427.98,11/4/2024 8:12
TX000333,AC00418,288.17,9/8/2023 16:48,Debit,Virginia Beach,Online,37,Engineer,1,3653.11,11/4/2024 8:10
TX000334,AC00187,118.77,10/2/2023 17:44,Debit,Atlanta,Branch,55,Engineer,1,2104.82,11/4/2024 8:10
TX000335,AC00077,651.82,4/14/2023 17:59,Debit,Indianapolis,ATM,21,Student,1,1802.77,11/4/2024 8:07
TX000336,AC00141,66.65,10/17/2023 16:58,Debit,Detroit,ATM,37,Engineer,1,3559.96,11/4/2024 8:11
TX000337,AC00332,98.53,1/16/2023 16:31,Debit,Denver,Branch,69,Retired,1,3564.8,11/4/2024 8:11
TX000338,AC00439,138.95,6/2/2023 16:48,Debit,Washington,Online,71,Retired,1,6752.92,11/4/2024 8:08
TX000339,AC00055,33.89,11/10/2023 16:10,Debit,Nashville,Branch,26,Student,1,1444.75,11/4/2024 8:11
TX000340,AC00299,23.71,9/18/2023 16:04,Debit,Atlanta,Branch,58,Doctor,1,10788.89,11/4/2024 8:09
TX000341,AC00107,1830,3/1/2023 16:31,Debit,San Antonio,Online,55,Engineer,1,2235.7,11/4/2024 8:11
TX000342,AC00171,26.06,12/21/2023 17:01,Debit,San Diego,ATM,65,Doctor,1,12893.63,11/4/2024 8:12
TX000343,AC00493,17.07,5/1/2023 17:17,Debit,Los Angeles,Branch,27,Engineer,1,2798.15,11/4/2024 8:11
TX000344,AC00232,703.89,9/22/2023 16:42,Debit,San Antonio,Online,46,Engineer,1,3583.67,11/4/2024 8:06
TX000345,AC00156,1271.9,8/28/2023 16:43,Debit,Houston,ATM,47,Engineer,1,2120.8,11/4/2024 8:09
TX000346,AC00442,26.55,9/20/2023 17:25,Debit,Houston,ATM,77,Retired,1,3085.38,11/4/2024 8:07
TX000347,AC00375,147.4,6/9/2023 16:10,Debit,San Jose,Branch,42,Engineer,1,6797.71,11/4/2024 8:07
TX000348,AC00034,202.11,3/30/2023 16:09,Debit,Memphis,ATM,27,Student,1,746.47,11/4/2024 8:10
TX000349,AC00376,308.42,5/2/2023 16:14,Debit,Nashville,Branch,75,Retired,1,5427.81,11/4/2024 8:06
TX000350,AC00029,11.18,2/27/2023 16:39,Debit,Miami,ATM,53,Engineer,1,7467.3,11/4/2024 8:10
TX000351,AC00040,294.15,2/2/2023 16:19,Debit,Fresno,Online,38,Engineer,1,6362.16,11/4/2024 8:07
TX000352,AC00482,29.58,10/30/2023 17:54,Debit,Colorado Springs,Branch,54,Engineer,1,8345.26,11/4/2024 8:11
TX000353,AC00365,139.45,7/10/2023 16:43,Debit,Boston,Online,27,Student,1,1305.76,11/4/2024 8:10
TX000354,AC00340,432.63,6/30/2023 17:10,Debit,Colorado Springs,ATM,29,Doctor,1,13648.36,11/4/2024 8:10
TX000355,AC00349,131.43,2/1/2023 18:47,Debit,Charlotte,Online,43,Doctor,1,1337.5,11/4/2024 8:12
TX000356,AC00374,516.72,10/9/2023 18:43,Debit,Mesa,ATM,42,Engineer,1,2015.69,11/4/2024 8:11
TX000357,AC00261,121.82,2/7/2023 17:20,Debit,Colorado Springs,Online,69,Doctor,3,8354.54,11/4/2024 8:08
TX000358,AC00459,374.5,7/24/2023 16:45,Credit,San Francisco,Branch,26,Student,1,1671.51,11/4/2024 8:08
TX000359,AC00331,166.13,9/6/2023 17:01,Debit,Omaha,ATM,68,Doctor,1,11822.53,11/4/2024 8:12
TX000360,AC00165,626.9,10/10/2023 16:42,Debit,Chicago,ATM,23,Student,1,587.11,11/4/2024 8:11
TX000361,AC00397,466.85,7/17/2023 16:57,Debit,Austin,Branch,56,Retired,1,5422.53,11/4/2024 8:09
TX000362,AC00192,788.84,5/17/2023 17:00,Debit,Phoenix,Online,58,Retired,1,1913.73,11/4/2024 8:09
TX000363,AC00063,873.65,3/23/2023 16:38,Credit,Oklahoma City,Online,37,Doctor,1,12139.83,11/4/2024 8:09
TX000364,AC00478,525.28,4/3/2023 16:37,Debit,Colorado Springs,ATM,69,Retired,1,4693.6,11/4/2024 8:09
TX000365,AC00272,110.17,9/7/2023 16:08,Debit,Raleigh,ATM,30,Engineer,1,464.2,11/4/2024 8:12
TX000366,AC00092,632.69,9/12/2023 16:28,Debit,Denver,ATM,80,Retired,1,4363.74,11/4/2024 8:09
TX000367,AC00332,124.35,12/8/2023 16:39,Debit,Oklahoma City,ATM,72,Retired,1,3319.76,11/4/2024 8:11
TX000368,AC00087,43.85,3/13/2023 16:25,Debit,Fresno,ATM,62,Retired,1,4356.98,11/4/2024 8:07
TX000369,AC00327,283.81,3/9/2023 16:31,Debit,San Diego,Branch,28,Student,1,1519.35,11/4/2024 8:10
TX000370,AC00269,168.53,6/14/2023 16:30,Debit,San Francisco,ATM,71,Retired,1,5962.58,11/4/2024 8:12
TX000371,AC00177,218.59,11/27/2023 16:43,Credit,Denver,Branch,40,Engineer,1,6699.23,11/4/2024 8:07
TX000372,AC00322,132.84,8/21/2023 16:28,Debit,Oklahoma City,ATM,21,Student,1,822.73,11/4/2024 8:08
TX000373,AC00069,157.37,11/15/2023 16:54,Credit,Dallas,Branch,42,Doctor,1,13964.31,11/4/2024 8:10
TX000374,AC00264,144.77,7/17/2023 16:48,Debit,Albuquerque,Online,20,Student,1,867.32,11/4/2024 8:10
TX000375,AC00014,643.22,5/3/2023 17:04,Debit,Atlanta,ATM,64,Doctor,1,1035.86,11/4/2024 8:07
TX000376,AC00316,1392.54,11/20/2023 16:51,Debit,El Paso,Branch,41,Doctor,1,13347.69,11/4/2024 8:09
TX000377,AC00131,208.07,7/10/2023 16:51,Debit,Oklahoma City,Online,32,Doctor,1,8478.9,11/4/2024 8:11
TX000378,AC00232,94.3,12/25/2023 17:53,Debit,Phoenix,Branch,57,Doctor,1,11088.95,11/4/2024 8:08
TX000379,AC00410,295.5,11/23/2023 18:00,Debit,Mesa,ATM,59,Retired,1,6280.66,11/4/2024 8:07
TX000380,AC00488,30.23,11/6/2023 17:53,Debit,Austin,ATM,44,Doctor,1,481.13,11/4/2024 8:12
TX000381,AC00329,112.05,10/26/2023 16:16,Credit,Phoenix,ATM,26,Student,1,1122.88,11/4/2024 8:08
TX000382,AC00021,180.24,7/3/2023 17:03,Debit,Phoenix,Branch,58,Engineer,1,8431.23,11/4/2024 8:09
TX000383,AC00188,13.71,5/30/2023 17:54,Credit,Denver,Online,38,Engineer,1,8342.79,11/4/2024 8:11
TX000384,AC00341,96.54,3/13/2023 17:26,Debit,New York,Branch,58,Retired,1,7182.22,11/4/2024 8:10
TX000385,AC00090,79.35,5/29/2023 17:02,Debit,Los Angeles,Online,67,Retired,1,1692.15,11/4/2024 8:09
TX000386,AC00456,101.04,7/10/2023 18:16,Debit,San Antonio,ATM,27,Student,1,1695.57,11/4/2024 8:06
TX000387,AC00322,74.42,11/23/2023 17:23,Debit,El Paso,Online,49,Engineer,1,6264.21,11/4/2024 8:11
TX000388,AC00135,39.66,5/18/2023 16:16,Debit,Virginia Beach,Branch,52,Engineer,1,8497.34,11/4/2024 8:07
TX000389,AC00279,99.36,5/9/2023 16:55,Debit,Seattle,ATM,40,Doctor,1,1272.12,11/4/2024 8:09
TX000390,AC00210,123.85,8/25/2023 18:47,Debit,Las Vegas,Online,56,Engineer,1,3959.62,11/4/2024 8:06
TX000391,AC00251,426.93,12/25/2023 17:05,Debit,Omaha,ATM,19,Student,1,476.19,11/4/2024 8:09
TX000392,AC00116,133.73,5/16/2023 16:21,Credit,San Jose,Online,25,Student,1,1872.22,11/4/2024 8:09
TX000393,AC00131,222.39,8/23/2023 16:32,Debit,Virginia Beach,Online,49,Engineer,1,3117.39,11/4/2024 8:10
TX000394,AC00265,215.94,6/5/2023 16:06,Credit,Virginia Beach,Online,22,Student,1,1841.69,11/4/2024 8:10
TX000395,AC00326,6.3,12/14/2023 18:52,Debit,Columbus,Branch,80,Retired,5,7697.68,11/4/2024 8:12
TX000396,AC00411,826.23,5/31/2023 16:25,Debit,Colorado Springs,ATM,29,Doctor,1,7580.59,11/4/2024 8:07
TX000397,AC00039,416.37,10/11/2023 16:14,Debit,Columbus,Online,35,Engineer,1,7936.91,11/4/2024 8:08
TX000398,AC00293,131.46,5/15/2023 16:37,Debit,Charlotte,Branch,67,Retired,1,6642.33,11/4/2024 8:11
TX000399,AC00306,202.86,5/22/2023 17:24,Credit,Memphis,Branch,61,Doctor,1,7642.25,11/4/2024 8:08
TX000400,AC00285,268.39,6/26/2023 18:25,Debit,Miami,ATM,26,Student,1,136.74,11/4/2024 8:06
TX000401,AC00145,194.85,9/12/2023 16:50,Debit,Jacksonville,Online,23,Student,4,319.84,11/4/2024 8:08
TX000402,AC00128,137.35,3/29/2023 18:12,Credit,Sacramento,Online,40,Doctor,1,12662.66,11/4/2024 8:10
TX000403,AC00292,712.75,5/26/2023 17:07,Debit,Philadelphia,Branch,44,Doctor,1,8126.06,11/4/2024 8:09
TX000404,AC00020,353.82,4/10/2023 17:57,Debit,Milwaukee,ATM,42,Doctor,1,705.75,11/4/2024 8:06
TX000405,AC00229,507.25,10/30/2023 17:21,Debit,Washington,Branch,73,Retired,1,5331.57,11/4/2024 8:11
TX000406,AC00053,212.74,12/14/2023 18:53,Debit,Seattle,Branch,27,Engineer,1,7645.47,11/4/2024 8:07
TX000407,AC00401,364.42,10/10/2023 17:07,Debit,Colorado Springs,ATM,51,Engineer,1,8119.73,11/4/2024 8:09
TX000408,AC00208,195.12,7/25/2023 17:42,Debit,Louisville,ATM,46,Doctor,1,6101.15,11/4/2024 8:10
TX000409,AC00177,230.61,9/4/2023 16:41,Debit,Raleigh,Branch,80,Retired,1,2561.42,11/4/2024 8:09
TX000410,AC00136,739.28,6/19/2023 16:46,Credit,Tucson,Branch,58,Doctor,1,11905.64,11/4/2024 8:11
TX000411,AC00029,390.35,9/26/2023 18:36,Credit,Omaha,ATM,64,Doctor,1,7095.88,11/4/2024 8:10
TX000412,AC00210,242.03,3/13/2023 16:08,Debit,Dallas,Online,58,Engineer,1,4382.73,11/4/2024 8:07
TX000413,AC00421,242.39,11/20/2023 16:29,Credit,San Antonio,ATM,18,Student,1,1328.73,11/4/2024 8:06
TX000414,AC00400,135.03,2/24/2023 17:00,Debit,San Francisco,ATM,23,Student,1,1278,11/4/2024 8:08
TX000415,AC00495,83.5,5/15/2023 18:47,Debit,Dallas,Branch,61,Retired,5,1749.79,11/4/2024 8:07
TX000416,AC00301,193.54,10/24/2023 16:43,Debit,Oklahoma City,Branch,80,Retired,1,2929.51,11/4/2024 8:08
TX000417,AC00434,617.36,11/21/2023 17:05,Debit,Kansas City,Branch,29,Engineer,1,8926.38,11/4/2024 8:09
TX000418,AC00274,775.23,8/7/2023 16:40,Credit,Albuquerque,Online,59,Doctor,1,5977.59,11/4/2024 8:07
TX000419,AC00365,266.57,9/26/2023 17:07,Debit,El Paso,ATM,72,Retired,1,7676.92,11/4/2024 8:09
TX000420,AC00480,153.4,3/31/2023 17:36,Debit,Mesa,ATM,45,Engineer,1,4657.7,11/4/2024 8:08
TX000421,AC00318,946.94,12/11/2023 17:19,Debit,Charlotte,Branch,53,Retired,1,5579.11,11/4/2024 8:07
TX000422,AC00235,5.12,10/13/2023 16:08,Debit,New York,Branch,34,Engineer,1,3293.01,11/4/2024 8:10
TX000423,AC00333,119.11,6/30/2023 16:31,Debit,Detroit,ATM,57,Engineer,1,7998.25,11/4/2024 8:09
TX000424,AC00262,1096.7,3/27/2023 16:51,Debit,Colorado Springs,Online,24,Student,1,1093.89,11/4/2024 8:11
TX000425,AC00267,119.72,2/3/2023 18:15,Debit,Tucson,Branch,30,Engineer,1,3435.34,11/4/2024 8:10
TX000426,AC00490,107.4,6/22/2023 16:47,Debit,Virginia Beach,Online,58,Doctor,1,344.07,11/4/2024 8:08
TX000427,AC00229,115.92,1/17/2023 18:42,Debit,Raleigh,ATM,53,Retired,1,3897.17,11/4/2024 8:09
TX000428,AC00196,438.04,8/24/2023 18:54,Debit,Philadelphia,ATM,67,Retired,1,5358.95,11/4/2024 8:06
TX000429,AC00182,677.29,5/1/2023 18:28,Debit,Houston,Online,27,Engineer,1,627.79,11/4/2024 8:07
TX000430,AC00357,296,5/15/2023 16:25,Debit,Las Vegas,Branch,35,Doctor,1,7418.82,11/4/2024 8:06
TX000431,AC00443,299.09,1/16/2023 16:14,Credit,Boston,Branch,36,Engineer,1,5615.26,11/4/2024 8:08
TX000432,AC00499,461.52,5/15/2023 16:40,Credit,Denver,Branch,24,Student,1,1995.18,11/4/2024 8:08
TX000433,AC00285,100.52,1/30/2023 17:28,Debit,Las Vegas,ATM,50,Engineer,1,453.39,11/4/2024 8:11
TX000434,AC00475,85.35,7/5/2023 16:08,Debit,Washington,ATM,66,Retired,1,2173.76,11/4/2024 8:06
TX000435,AC00217,79.76,2/6/2023 16:26,Debit,Raleigh,Branch,39,Engineer,1,6452.14,11/4/2024 8:09
TX000436,AC00452,778.49,7/3/2023 16:48,Credit,Omaha,Online,75,Retired,1,7713.67,11/4/2024 8:09
TX000437,AC00357,386.38,1/24/2023 16:00,Debit,Phoenix,Online,42,Engineer,1,5528.36,11/4/2024 8:10
TX000438,AC00080,165.25,11/24/2023 17:11,Debit,Sacramento,Online,35,Doctor,1,9939.94,11/4/2024 8:11
TX000439,AC00493,14.29,2/28/2023 16:28,Debit,Los Angeles,ATM,34,Engineer,1,7016.99,11/4/2024 8:08
TX000440,AC00420,232.79,9/20/2023 17:36,Credit,Indianapolis,Branch,55,Retired,1,2661.3,11/4/2024 8:11
TX000441,AC00040,1237.56,11/13/2023 17:49,Credit,Austin,Branch,60,Engineer,1,9410.17,11/4/2024 8:11
TX000442,AC00351,92.29,2/15/2023 16:17,Debit,Albuquerque,Branch,54,Engineer,1,2026.32,11/4/2024 8:11
TX000443,AC00070,293.97,11/13/2023 17:34,Debit,Phoenix,Branch,68,Retired,1,7371.85,11/4/2024 8:08
TX000444,AC00273,136.32,10/11/2023 18:50,Debit,Miami,Online,19,Student,1,264.83,11/4/2024 8:09
TX000445,AC00280,251.06,12/6/2023 17:27,Debit,Colorado Springs,Online,36,Doctor,1,10001.66,11/4/2024 8:10
TX000446,AC00480,50.17,9/18/2023 16:57,Credit,Sacramento,ATM,77,Retired,1,7752.14,11/4/2024 8:10
TX000447,AC00122,21.4,12/26/2023 16:07,Debit,Fresno,Branch,34,Engineer,1,9594.11,11/4/2024 8:11
TX000448,AC00072,73.28,3/10/2023 17:33,Debit,Boston,Branch,21,Student,1,1329.41,11/4/2024 8:10
TX000449,AC00093,70.23,9/13/2023 16:18,Debit,Memphis,ATM,38,Doctor,1,11624.93,11/4/2024 8:07
TX000450,AC00407,689.29,1/6/2023 17:30,Debit,El Paso,ATM,22,Student,1,168.84,11/4/2024 8:07
TX000451,AC00495,745.03,8/3/2023 17:42,Debit,Fort Worth,Online,28,Student,1,160.57,11/4/2024 8:09
TX000452,AC00119,54.61,12/4/2023 16:10,Debit,Milwaukee,ATM,58,Engineer,1,7135.64,11/4/2024 8:07
TX000453,AC00271,54.05,4/25/2023 16:53,Debit,Louisville,Branch,27,Student,1,469.14,11/4/2024 8:11
TX000454,AC00235,107.47,4/12/2023 17:39,Debit,Austin,Online,67,Retired,1,7517.5,11/4/2024 8:12
TX000455,AC00264,611.11,10/18/2023 18:32,Debit,Detroit,ATM,20,Student,4,919.84,11/4/2024 8:11
TX000456,AC00307,219.63,11/10/2023 16:06,Debit,Charlotte,ATM,48,Doctor,1,8013.63,11/4/2024 8:07
TX000457,AC00434,188.7,2/10/2023 16:01,Debit,New York,Branch,54,Retired,1,5077.06,11/4/2024 8:09
TX000458,AC00290,93.52,8/14/2023 17:41,Debit,Philadelphia,Online,51,Engineer,1,2791.2,11/4/2024 8:08
TX000459,AC00021,275.92,9/18/2023 18:47,Credit,Nashville,Branch,62,Retired,1,1777.38,11/4/2024 8:07
TX000460,AC00499,376.79,1/30/2023 17:47,Debit,Milwaukee,Branch,68,Retired,1,7749.14,11/4/2024 8:08
TX000461,AC00148,8.98,8/21/2023 16:07,Debit,Detroit,Online,66,Retired,1,4516.76,11/4/2024 8:10
TX000462,AC00200,697.32,5/11/2023 16:30,Debit,Atlanta,Online,68,Retired,1,2016.02,11/4/2024 8:11
TX000463,AC00074,17.45,9/13/2023 16:41,Debit,Omaha,ATM,18,Student,1,1959.52,11/4/2024 8:09
TX000464,AC00417,302.16,10/18/2023 17:47,Debit,Kansas City,Online,80,Retired,5,3876.61,11/4/2024 8:07
TX000465,AC00182,442.74,10/16/2023 17:47,Debit,San Diego,Branch,23,Student,1,1790.27,11/4/2024 8:09
TX000466,AC00177,623.9,8/8/2023 17:44,Debit,San Jose,ATM,27,Student,1,711.47,11/4/2024 8:10
TX000467,AC00063,445.41,11/20/2023 16:27,Debit,Fresno,ATM,35,Doctor,3,12154.66,11/4/2024 8:08
TX000468,AC00300,63.41,11/24/2023 17:29,Debit,Fort Worth,ATM,26,Student,1,1546.22,11/4/2024 8:07
TX000469,AC00218,346.85,11/3/2023 18:33,Debit,Kansas City,ATM,44,Doctor,1,7208.15,11/4/2024 8:10
TX000470,AC00036,71.95,2/13/2023 16:39,Credit,Omaha,Online,59,Engineer,1,9267.32,11/4/2024 8:06
TX000471,AC00371,7.5,2/17/2023 16:08,Debit,Dallas,Online,63,Retired,1,6485.78,11/4/2024 8:11
TX000472,AC00398,206.46,11/27/2023 18:26,Debit,Virginia Beach,ATM,65,Retired,1,3984.38,11/4/2024 8:06
TX000473,AC00213,423.11,7/25/2023 18:41,Debit,Columbus,ATM,60,Engineer,1,412.78,11/4/2024 8:10
TX000474,AC00464,35.84,3/28/2023 17:23,Credit,Colorado Springs,Online,54,Retired,1,4795.65,11/4/2024 8:10
TX000475,AC00219,88.6,2/14/2023 17:01,Credit,Raleigh,Branch,28,Student,1,246.57,11/4/2024 8:08
TX000476,AC00464,1431.3,9/4/2023 18:46,Debit,Oklahoma City,ATM,18,Student,1,1058.13,11/4/2024 8:11
TX000477,AC00442,53.81,10/16/2023 16:55,Credit,Raleigh,ATM,55,Engineer,2,2564.62,11/4/2024 8:12
TX000478,AC00054,22.46,5/17/2023 16:03,Debit,New York,Online,54,Retired,1,6631.5,11/4/2024 8:07
TX000479,AC00392,334.89,7/20/2023 18:23,Debit,Fort Worth,Online,21,Student,1,1661.68,11/4/2024 8:08
TX000480,AC00350,319.27,7/20/2023 16:58,Credit,Omaha,Online,54,Retired,1,5504.01,11/4/2024 8:06
TX000481,AC00306,144.3,12/8/2023 17:24,Debit,Oklahoma City,ATM,18,Student,1,312.19,11/4/2024 8:10
TX000482,AC00229,348.7,5/2/2023 17:13,Credit,Fresno,Branch,69,Retired,1,2445.58,11/4/2024 8:06
TX000483,AC00148,366.21,1/12/2023 17:57,Debit,Oklahoma City,ATM,62,Doctor,1,10862.99,11/4/2024 8:11
TX000484,AC00305,99.11,5/1/2023 16:58,Debit,Philadelphia,Online,55,Retired,1,5414.87,11/4/2024 8:09
TX000485,AC00329,539.35,5/22/2023 17:34,Debit,Milwaukee,ATM,55,Retired,1,3919.44,11/4/2024 8:11
TX000486,AC00400,188.99,6/8/2023 16:43,Debit,Oklahoma City,Branch,58,Engineer,1,7315.34,11/4/2024 8:07
TX000487,AC00148,1416.69,1/16/2023 17:00,Debit,Nashville,ATM,46,Engineer,1,3740.73,11/4/2024 8:11
TX000488,AC00128,710.14,3/8/2023 16:20,Debit,El Paso,ATM,26,Student,1,465.63,11/4/2024 8:12
TX000489,AC00463,308.68,2/27/2023 17:14,Debit,Milwaukee,Online,53,Doctor,1,9992.36,11/4/2024 8:10
TX000490,AC00256,166.68,3/27/2023 18:47,Debit,Mesa,ATM,57,Retired,1,5141.19,11/4/2024 8:12
TX000491,AC00166,0.99,9/13/2023 16:55,Debit,Los Angeles,ATM,45,Engineer,1,4317.85,11/4/2024 8:09
TX000492,AC00318,505.19,3/14/2023 16:25,Debit,Kansas City,ATM,30,Doctor,5,5326.68,11/4/2024 8:10
TX000493,AC00213,66.58,12/4/2023 17:06,Debit,Raleigh,Branch,23,Student,1,1636.32,11/4/2024 8:08
TX000494,AC00075,223.43,2/8/2023 17:59,Debit,Dallas,Branch,77,Retired,1,7932.41,11/4/2024 8:09
TX000495,AC00498,659.95,9/20/2023 16:59,Debit,Detroit,Online,60,Engineer,1,3927.69,11/4/2024 8:06
TX000496,AC00039,634.86,8/10/2023 16:28,Debit,Chicago,ATM,27,Student,1,588.5,11/4/2024 8:08
TX000497,AC00114,286.5,10/23/2023 16:58,Credit,Boston,Branch,30,Engineer,1,8517.95,11/4/2024 8:09
TX000498,AC00326,322.96,11/27/2023 16:21,Credit,Philadelphia,Branch,76,Retired,1,2401.59,11/4/2024 8:11
TX000499,AC00450,654.48,8/7/2023 16:37,Debit,Columbus,Branch,19,Student,1,6776.41,11/4/2024 8:10
TX000500,AC00325,157.97,6/21/2023 16:00,Debit,Philadelphia,Branch,48,Doctor,1,5529.92,11/4/2024 8:10
TX000501,AC00433,120.9,7/12/2023 16:17,Debit,Tucson,Branch,40,Doctor,1,9009.42,11/4/2024 8:08
TX000502,AC00284,254.77,1/18/2023 16:47,Debit,Denver,Branch,57,Engineer,1,5994.87,11/4/2024 8:07
TX000503,AC00103,795.96,9/28/2023 17:53,Debit,Raleigh,Online,65,Retired,1,5468.58,11/4/2024 8:08
TX000504,AC00080,149.25,4/10/2023 16:38,Debit,Omaha,ATM,39,Engineer,1,5677.52,11/4/2024 8:07
TX000505,AC00052,3.42,9/25/2023 16:14,Credit,San Antonio,Online,43,Doctor,1,14180.21,11/4/2024 8:08
TX000506,AC00095,68.19,3/14/2023 16:07,Credit,Fresno,Online,40,Doctor,1,9895.1,11/4/2024 8:07
TX000507,AC00327,493.42,6/14/2023 17:21,Debit,Baltimore,Branch,39,Engineer,1,2232.84,11/4/2024 8:10
TX000508,AC00491,37.57,4/26/2023 18:35,Debit,El Paso,ATM,57,Retired,1,7739.54,11/4/2024 8:09
TX000509,AC00353,127,9/15/2023 17:09,Credit,Nashville,Branch,19,Student,5,431.16,11/4/2024 8:10
TX000510,AC00266,96.89,3/16/2023 16:02,Debit,Sacramento,ATM,59,Retired,1,6044.93,11/4/2024 8:11
TX000511,AC00167,448.33,5/1/2023 16:11,Debit,Atlanta,ATM,25,Student,1,922.19,11/4/2024 8:09
TX000512,AC00153,1116.48,9/18/2023 17:44,Debit,San Diego,ATM,51,Engineer,1,447.53,11/4/2024 8:11
TX000513,AC00012,8.65,6/5/2023 17:08,Debit,Las Vegas,Online,48,Doctor,1,10778.35,11/4/2024 8:09
TX000514,AC00469,65.57,4/6/2023 17:24,Debit,Miami,Online,41,Engineer,1,7513.79,11/4/2024 8:06
TX000515,AC00127,539.81,2/21/2023 16:14,Debit,San Francisco,Online,46,Engineer,1,2051.25,11/4/2024 8:09
TX000516,AC00480,363.53,1/18/2023 17:03,Debit,Kansas City,ATM,63,Retired,1,1038.91,11/4/2024 8:10
TX000517,AC00092,64.9,2/14/2023 16:23,Credit,Detroit,Branch,51,Retired,1,6854.61,11/4/2024 8:10
TX000518,AC00122,358.18,4/10/2023 16:44,Debit,Boston,ATM,18,Student,1,619.86,11/4/2024 8:07
TX000519,AC00067,167.2,1/18/2023 17:53,Debit,San Antonio,Branch,30,Doctor,1,11320.83,11/4/2024 8:06
TX000520,AC00014,121.91,6/26/2023 18:39,Debit,Chicago,Branch,60,Doctor,1,14510.8,11/4/2024 8:08
TX000521,AC00098,137.57,12/11/2023 17:26,Debit,Louisville,Online,54,Engineer,1,5103.67,11/4/2024 8:11
TX000522,AC00345,534.62,12/5/2023 17:51,Debit,Oklahoma City,Online,55,Doctor,1,13793.53,11/4/2024 8:06
TX000523,AC00360,463.92,3/13/2023 16:41,Debit,Mesa,Online,50,Engineer,1,2403.39,11/4/2024 8:09
TX000524,AC00043,320.14,1/31/2023 16:58,Debit,Milwaukee,Online,60,Retired,1,3075.97,11/4/2024 8:07
TX000525,AC00295,214.93,5/15/2023 17:02,Debit,Albuquerque,Online,28,Student,1,7835.4,11/4/2024 8:08
TX000526,AC00313,660.02,10/12/2023 16:57,Debit,Nashville,Branch,20,Student,1,414.43,11/4/2024 8:08
TX000527,AC00173,345.81,6/26/2023 16:10,Debit,Raleigh,Branch,40,Engineer,1,6116.8,11/4/2024 8:12
TX000528,AC00364,143.54,10/16/2023 16:06,Debit,Philadelphia,ATM,71,Retired,1,6067.62,11/4/2024 8:08
TX000529,AC00339,42.55,3/31/2023 18:57,Debit,Seattle,Branch,53,Engineer,1,7341.43,11/4/2024 8:10
TX000530,AC00265,1063.25,1/17/2023 16:48,Credit,Omaha,Online,21,Student,1,1240.71,11/4/2024 8:07
TX000531,AC00369,541.79,8/11/2023 16:43,Debit,Mesa,ATM,22,Student,1,1454.08,11/4/2024 8:11
TX000532,AC00033,40.57,2/13/2023 17:02,Debit,Columbus,Branch,26,Student,1,1476.91,11/4/2024 8:06
TX000533,AC00077,120.24,8/28/2023 16:52,Debit,Milwaukee,Branch,18,Student,2,1943.13,11/4/2024 8:08
TX000534,AC00437,498.67,12/5/2023 16:19,Debit,Miami,Online,28,Student,1,1719.97,11/4/2024 8:08
TX000535,AC00152,227.22,3/27/2023 18:52,Debit,El Paso,ATM,53,Doctor,1,832.82,11/4/2024 8:11
TX000536,AC00161,1182.86,12/11/2023 16:06,Debit,Tucson,Online,30,Engineer,1,7696.16,11/4/2024 8:08
TX000537,AC00125,56.94,12/11/2023 16:52,Credit,Charlotte,Online,76,Retired,1,7004.63,11/4/2024 8:07
TX000538,AC00311,629.82,7/17/2023 16:22,Debit,Colorado Springs,ATM,68,Retired,1,6385.69,11/4/2024 8:11
TX000539,AC00183,59.44,6/13/2023 17:52,Debit,Chicago,Online,35,Engineer,1,5472.03,11/4/2024 8:06
TX000540,AC00407,186.69,12/29/2023 16:38,Debit,New York,Branch,30,Engineer,1,8602.22,11/4/2024 8:08
TX000541,AC00093,230.46,4/25/2023 17:33,Debit,Mesa,Online,19,Student,1,162.53,11/4/2024 8:08
TX000542,AC00314,65.09,2/28/2023 17:58,Credit,Seattle,Online,44,Engineer,1,9370.9,11/4/2024 8:09
TX000543,AC00467,457.09,5/25/2023 16:52,Credit,Nashville,Online,55,Engineer,1,8570.82,11/4/2024 8:08
TX000544,AC00316,552.02,11/30/2023 16:51,Credit,Chicago,ATM,44,Engineer,1,522.08,11/4/2024 8:09
TX000545,AC00145,377.12,8/14/2023 17:12,Debit,Houston,ATM,34,Engineer,1,836.67,11/4/2024 8:11
TX000546,AC00045,204.56,9/11/2023 17:51,Credit,San Diego,Branch,18,Student,1,364.72,11/4/2024 8:10
TX000547,AC00005,420.28,5/17/2023 17:28,Debit,Washington,Branch,35,Doctor,1,8557.32,11/4/2024 8:09
TX000548,AC00456,97.09,4/10/2023 18:26,Debit,Fort Worth,ATM,24,Student,4,1579.57,11/4/2024 8:06
TX000549,AC00041,124.59,5/5/2023 17:32,Debit,Charlotte,Branch,27,Student,1,129.29,11/4/2024 8:09
TX000550,AC00257,73.88,1/2/2023 16:27,Debit,Charlotte,Online,39,Doctor,1,6474.41,11/4/2024 8:09
TX000551,AC00356,77.43,1/19/2023 16:11,Debit,Raleigh,Online,21,Student,1,1380.21,11/4/2024 8:06
TX000552,AC00465,106.16,4/14/2023 17:21,Debit,Phoenix,ATM,56,Doctor,4,7487.79,11/4/2024 8:08
TX000553,AC00158,245.93,6/6/2023 18:53,Debit,Fresno,Branch,54,Engineer,1,7986.63,11/4/2024 8:11
TX000554,AC00086,622.41,12/11/2023 16:57,Debit,Indianapolis,ATM,64,Doctor,1,7322.01,11/4/2024 8:07
TX000555,AC00322,43.73,4/3/2023 16:43,Debit,Omaha,ATM,34,Doctor,1,9929.43,11/4/2024 8:10
TX000556,AC00433,1282.86,5/15/2023 16:52,Debit,Austin,Branch,19,Student,1,1830.98,11/4/2024 8:07
TX000557,AC00083,2.03,1/1/2024 16:07,Credit,Detroit,ATM,33,Engineer,1,3012.31,11/4/2024 8:08
TX000558,AC00402,770.65,7/5/2023 17:49,Debit,Jacksonville,Online,31,Doctor,1,7198.8,11/4/2024 8:09
TX000559,AC00317,260.31,2/28/2023 16:46,Debit,Austin,Branch,63,Doctor,1,10980.38,11/4/2024 8:12
TX000560,AC00030,356.1,10/25/2023 16:13,Credit,Fort Worth,Branch,26,Student,1,868.35,11/4/2024 8:11
TX000561,AC00114,27.07,3/6/2023 17:39,Credit,Virginia Beach,Branch,80,Retired,1,3773.29,11/4/2024 8:09
TX000562,AC00301,119.89,12/19/2023 17:11,Debit,Tucson,ATM,67,Doctor,1,6697.77,11/4/2024 8:09
TX000563,AC00216,106.39,2/13/2023 18:42,Debit,Virginia Beach,Online,37,Doctor,1,9410.99,11/4/2024 8:10
TX000564,AC00223,12.04,11/15/2023 16:08,Debit,Fort Worth,Online,37,Engineer,1,6213.32,11/4/2024 8:08
TX000565,AC00413,365.7,1/27/2023 16:35,Debit,Houston,Branch,21,Student,2,368.78,11/4/2024 8:10
TX000566,AC00086,29.38,2/15/2023 16:30,Credit,Baltimore,Branch,28,Student,1,1663.31,11/4/2024 8:11
TX000567,AC00216,319.85,7/26/2023 16:44,Debit,Denver,ATM,60,Doctor,1,711.66,11/4/2024 8:07
TX000568,AC00240,350.14,3/24/2023 18:50,Credit,Los Angeles,Online,75,Retired,1,2403.25,11/4/2024 8:08
TX000569,AC00298,163.94,8/3/2023 18:49,Credit,Virginia Beach,Branch,52,Retired,1,5957.37,11/4/2024 8:09
TX000570,AC00460,170.53,2/6/2023 18:59,Debit,Oklahoma City,Branch,24,Student,1,801.01,11/4/2024 8:09
TX000571,AC00424,262.22,7/13/2023 17:48,Credit,Baltimore,ATM,40,Engineer,1,5711.71,11/4/2024 8:12
TX000572,AC00434,41.49,4/24/2023 16:47,Debit,Albuquerque,Online,24,Student,1,928.33,11/4/2024 8:12
TX000573,AC00471,121.43,3/21/2023 16:20,Credit,Sacramento,Branch,52,Engineer,1,7365.28,11/4/2024 8:07
TX000574,AC00461,350.46,12/8/2023 16:16,Debit,Nashville,Branch,51,Retired,1,5839.38,11/4/2024 8:06
TX000575,AC00188,220.41,9/4/2023 16:42,Credit,El Paso,Online,26,Engineer,1,5116.98,11/4/2024 8:10
TX000576,AC00013,33.46,2/20/2023 16:52,Debit,Seattle,ATM,72,Retired,1,3641.07,11/4/2024 8:09
TX000577,AC00345,104.79,8/7/2023 16:06,Debit,Denver,ATM,70,Doctor,1,1352.19,11/4/2024 8:10
TX000578,AC00013,246.27,12/27/2023 16:48,Debit,Fresno,Online,29,Doctor,1,7299.86,11/4/2024 8:10
TX000579,AC00296,48.85,12/8/2023 16:45,Debit,Dallas,ATM,19,Student,1,1503.56,11/4/2024 8:07
TX000580,AC00192,332,4/27/2023 16:27,Debit,Charlotte,ATM,69,Retired,1,5943.13,11/4/2024 8:07
TX000581,AC00378,118.1,10/31/2023 16:49,Debit,Memphis,Online,54,Engineer,1,895.66,11/4/2024 8:09
TX000582,AC00205,84.59,4/19/2023 16:54,Credit,Las Vegas,Branch,67,Doctor,1,5669.1,11/4/2024 8:07
TX000583,AC00475,295.64,12/14/2023 17:31,Debit,Jacksonville,Online,21,Student,1,1061.96,11/4/2024 8:10
TX000584,AC00022,514.33,6/2/2023 16:27,Debit,Philadelphia,Branch,25,Student,1,1592.94,11/4/2024 8:12
TX000585,AC00150,992.17,2/27/2023 18:23,Debit,San Antonio,ATM,43,Doctor,1,6215.96,11/4/2024 8:12
TX000586,AC00362,94.59,12/1/2023 17:04,Debit,Washington,Online,39,Doctor,1,6171.89,11/4/2024 8:10
TX000587,AC00170,80.43,1/4/2023 16:09,Debit,Columbus,Branch,59,Retired,1,5987.67,11/4/2024 8:08
TX000588,AC00429,54.25,7/31/2023 16:51,Debit,Virginia Beach,Online,68,Doctor,1,14783.33,11/4/2024 8:08
TX000589,AC00418,178.88,6/19/2023 17:31,Credit,Dallas,Branch,76,Retired,4,4708.29,11/4/2024 8:12
TX000590,AC00144,518.85,10/23/2023 18:37,Debit,Kansas City,Online,22,Student,1,1806,11/4/2024 8:06
TX000591,AC00449,10.65,4/24/2023 16:24,Debit,Louisville,Online,54,Doctor,1,13240.72,11/4/2024 8:10
TX000592,AC00057,198.62,5/15/2023 16:19,Credit,Tucson,Branch,27,Student,1,1196.07,11/4/2024 8:06
TX000593,AC00426,107.03,3/6/2023 18:27,Debit,Miami,Branch,27,Student,1,1408.07,11/4/2024 8:12
TX000594,AC00039,139.57,11/17/2023 17:59,Debit,Fort Worth,ATM,19,Student,3,271.78,11/4/2024 8:07
TX000595,AC00051,312.47,5/2/2023 17:24,Debit,Milwaukee,ATM,49,Engineer,4,9419.27,11/4/2024 8:08
TX000596,AC00471,346.11,1/4/2023 17:00,Debit,Dallas,Branch,41,Engineer,1,9551.64,11/4/2024 8:08
TX000597,AC00039,138.06,7/25/2023 17:21,Debit,Charlotte,Branch,44,Engineer,1,1070.47,11/4/2024 8:06
TX000598,AC00274,158.02,9/20/2023 17:09,Debit,New York,ATM,49,Engineer,1,9374.24,11/4/2024 8:09
TX000599,AC00095,830.01,7/21/2023 16:43,Credit,Chicago,Online,66,Retired,1,4253.18,11/4/2024 8:11
TX000600,AC00211,435.5,5/15/2023 18:41,Debit,Oklahoma City,ATM,55,Retired,1,6981.03,11/4/2024 8:09
TX000601,AC00184,110.49,10/31/2023 17:06,Debit,Raleigh,Online,57,Doctor,1,10483.93,11/4/2024 8:12
TX000602,AC00436,329.4,12/25/2023 16:30,Debit,Denver,Online,34,Doctor,1,9588.07,11/4/2024 8:07
TX000603,AC00107,635.4,9/19/2023 16:55,Debit,Denver,ATM,47,Doctor,1,1238.11,11/4/2024 8:11
TX000604,AC00203,769.97,2/16/2023 18:56,Debit,San Diego,Branch,22,Student,1,1244.93,11/4/2024 8:09
TX000605,AC00398,175.07,9/4/2023 17:46,Debit,Colorado Springs,Branch,26,Student,1,1040.25,11/4/2024 8:08
TX000606,AC00312,7.31,6/26/2023 16:04,Debit,Las Vegas,Branch,78,Retired,1,5757.67,11/4/2024 8:07
TX000607,AC00225,175.15,11/9/2023 17:02,Debit,Detroit,ATM,27,Student,1,1712.65,11/4/2024 8:09
TX000608,AC00150,32.54,7/4/2023 16:25,Debit,Oklahoma City,Online,25,Student,4,1544.88,11/4/2024 8:07
TX000609,AC00413,121.82,9/8/2023 18:24,Debit,Dallas,Online,60,Doctor,1,13293.83,11/4/2024 8:11
TX000610,AC00479,56.12,9/13/2023 18:49,Debit,El Paso,ATM,30,Doctor,1,8839.67,11/4/2024 8:09
TX000611,AC00078,424.7,1/30/2023 17:37,Credit,Miami,Online,56,Retired,1,6239.89,11/4/2024 8:08
TX000612,AC00242,35.16,10/25/2023 17:50,Debit,Chicago,Branch,32,Engineer,1,8459.18,11/4/2024 8:10
TX000613,AC00149,35.73,6/12/2023 16:48,Debit,Miami,Branch,65,Doctor,1,9073.17,11/4/2024 8:11
TX000614,AC00084,3.44,1/19/2023 17:24,Debit,Fort Worth,ATM,78,Retired,1,7561.33,11/4/2024 8:12
TX000615,AC00466,1342.25,4/28/2023 18:11,Credit,Fort Worth,Branch,21,Student,1,694.03,11/4/2024 8:08
TX000616,AC00359,139.03,8/30/2023 18:00,Credit,Los Angeles,Online,50,Engineer,1,2276.57,11/4/2024 8:11
TX000617,AC00023,254.92,9/18/2023 16:04,Credit,San Antonio,ATM,28,Engineer,1,2791.12,11/4/2024 8:07
TX000618,AC00366,115.11,5/5/2023 17:34,Debit,Albuquerque,Online,28,Engineer,1,9808.97,11/4/2024 8:10
TX000619,AC00170,171.11,5/15/2023 16:52,Debit,San Francisco,ATM,57,Retired,1,6324.09,11/4/2024 8:08
TX000620,AC00130,168.54,2/2/2023 16:13,Debit,Oklahoma City,ATM,70,Doctor,2,13406,11/4/2024 8:08
TX000621,AC00183,420.76,2/23/2023 16:04,Debit,Miami,Branch,51,Retired,1,6581.55,11/4/2024 8:08
TX000622,AC00219,408.46,3/1/2023 16:17,Debit,Raleigh,Branch,64,Retired,1,3140.79,11/4/2024 8:08
TX000623,AC00354,1162.42,8/23/2023 16:35,Credit,Detroit,Online,30,Doctor,1,10357.26,11/4/2024 8:09
TX000624,AC00290,342.17,12/14/2023 16:09,Credit,New York,Branch,21,Student,1,461.83,11/4/2024 8:08
TX000625,AC00425,580.71,9/20/2023 16:37,Debit,Philadelphia,ATM,53,Engineer,1,5670,11/4/2024 8:10
TX000626,AC00370,821.54,8/22/2023 18:11,Credit,Atlanta,Branch,79,Retired,1,4040.32,11/4/2024 8:11
TX000627,AC00454,253.47,6/14/2023 17:07,Debit,Atlanta,Branch,20,Student,1,220.51,11/4/2024 8:08
TX000628,AC00403,22.81,5/29/2023 17:53,Debit,New York,Online,62,Retired,1,3634.76,11/4/2024 8:07
TX000629,AC00358,266.57,7/3/2023 17:56,Credit,Boston,Online,39,Engineer,1,7180.48,11/4/2024 8:07
TX000630,AC00296,374.61,8/29/2023 18:30,Credit,Mesa,Online,75,Retired,1,1389.71,11/4/2024 8:11
TX000631,AC00393,339.35,2/3/2023 16:08,Credit,Boston,ATM,78,Retired,1,5002.7,11/4/2024 8:08
TX000632,AC00223,810.36,1/17/2023 16:59,Debit,Columbus,ATM,20,Student,1,9239.12,11/4/2024 8:07
TX000633,AC00487,9.83,7/24/2023 17:04,Debit,Memphis,ATM,24,Student,1,666.42,11/4/2024 8:09
TX000634,AC00215,135.57,6/14/2023 17:17,Credit,Boston,Branch,51,Doctor,1,11351.64,11/4/2024 8:11
TX000635,AC00275,340.05,10/27/2023 17:26,Debit,Detroit,ATM,43,Engineer,1,7234.15,11/4/2024 8:07
TX000636,AC00482,283.45,10/17/2023 17:24,Debit,Colorado Springs,Branch,27,Engineer,1,2049.51,11/4/2024 8:08
TX000637,AC00357,100.99,5/29/2023 16:20,Debit,New York,ATM,68,Doctor,1,8865.27,11/4/2024 8:09
TX000638,AC00026,90.88,2/20/2023 16:48,Debit,Albuquerque,Branch,18,Student,1,3908.47,11/4/2024 8:07
TX000639,AC00416,655.15,1/2/2023 16:22,Debit,Seattle,ATM,26,Engineer,1,5587.44,11/4/2024 8:07
TX000640,AC00058,320.55,5/1/2023 17:11,Debit,Milwaukee,Online,50,Engineer,1,438.75,11/4/2024 8:08
TX000641,AC00170,41.51,10/4/2023 16:47,Debit,Phoenix,Online,28,Student,1,609.6,11/4/2024 8:11
TX000642,AC00262,71.53,10/30/2023 16:49,Credit,Jacksonville,Branch,68,Retired,1,2393.73,11/4/2024 8:12
TX000643,AC00032,467.13,9/28/2023 17:18,Credit,Kansas City,Branch,54,Retired,1,3914.84,11/4/2024 8:06
TX000644,AC00131,235.4,9/26/2023 17:02,Debit,Detroit,Branch,28,Student,1,818.36,11/4/2024 8:10
TX000645,AC00176,159.32,1/16/2023 18:57,Debit,Seattle,Branch,18,Student,1,304.44,11/4/2024 8:10
TX000646,AC00139,50.83,12/18/2023 16:06,Credit,Philadelphia,Online,30,Doctor,1,9553.42,11/4/2024 8:10
TX000647,AC00056,56.89,2/3/2023 18:03,Credit,Houston,Branch,59,Engineer,1,3034.67,11/4/2024 8:09
TX000648,AC00276,20.22,3/10/2023 18:26,Debit,Jacksonville,ATM,43,Engineer,1,5515.32,11/4/2024 8:06
TX000649,AC00447,50.4,3/27/2023 17:02,Debit,San Antonio,Branch,36,Doctor,1,1677.01,11/4/2024 8:07
TX000650,AC00143,73.88,5/8/2023 17:42,Debit,Los Angeles,Branch,53,Retired,1,4055.55,11/4/2024 8:08
TX000651,AC00139,119.61,3/14/2023 16:21,Debit,San Diego,ATM,33,Doctor,1,9899.94,11/4/2024 8:07
TX000652,AC00208,1241.05,11/21/2023 16:26,Debit,Miami,Branch,18,Student,1,756.74,11/4/2024 8:11
TX000653,AC00426,116.58,8/31/2023 16:38,Debit,Raleigh,Branch,43,Engineer,1,2620.74,11/4/2024 8:06
TX000654,AC00423,1919.11,6/27/2023 17:48,Debit,Portland,ATM,30,Doctor,1,11090.24,11/4/2024 8:10
TX000655,AC00381,391.96,6/19/2023 16:21,Debit,Nashville,ATM,64,Retired,1,2174.16,11/4/2024 8:06
TX000656,AC00458,156.26,1/2/2023 17:49,Credit,Virginia Beach,Branch,46,Engineer,1,7854.1,11/4/2024 8:09
TX000657,AC00014,427,7/31/2023 17:04,Credit,Oklahoma City,Branch,49,Engineer,1,8253.65,11/4/2024 8:07
TX000658,AC00071,443.68,4/25/2023 18:58,Debit,Tucson,ATM,18,Student,1,874.15,11/4/2024 8:10
TX000659,AC00054,101.76,2/20/2023 17:27,Debit,Philadelphia,Branch,31,Doctor,1,6043.25,11/4/2024 8:11
TX000660,AC00182,67.57,8/17/2023 16:44,Debit,Charlotte,Branch,37,Engineer,1,2766.12,11/4/2024 8:11
TX000661,AC00257,326.29,12/6/2023 17:10,Debit,Denver,Online,56,Engineer,1,8171.26,11/4/2024 8:10
TX000662,AC00006,158.56,2/28/2023 17:28,Debit,Sacramento,ATM,33,Doctor,1,5401.21,11/4/2024 8:10
TX000663,AC00424,56.02,6/19/2023 17:50,Debit,Memphis,Online,27,Student,1,3548.02,11/4/2024 8:07
TX000664,AC00131,288.28,1/17/2023 17:11,Debit,Portland,Online,27,Student,1,160.83,11/4/2024 8:06
TX000665,AC00133,245.67,1/2/2023 18:35,Credit,Portland,Branch,24,Student,1,752.25,11/4/2024 8:07
TX000666,AC00393,152.18,8/7/2023 16:57,Credit,Los Angeles,Online,39,Engineer,4,2459.84,11/4/2024 8:10
TX000667,AC00361,114.35,11/27/2023 16:16,Credit,El Paso,Branch,41,Engineer,1,469.12,11/4/2024 8:10
TX000668,AC00092,373.27,7/18/2023 18:03,Credit,Miami,Online,61,Doctor,1,8441.61,11/4/2024 8:06
TX000669,AC00049,504.63,11/13/2023 17:07,Debit,Portland,Online,60,Engineer,1,3806.16,11/4/2024 8:07
TX000670,AC00023,126.22,5/4/2023 16:25,Debit,Atlanta,ATM,46,Engineer,4,6133.41,11/4/2024 8:07
TX000671,AC00323,820.15,12/18/2023 16:33,Debit,Kansas City,Branch,47,Doctor,1,8802.97,11/4/2024 8:10
TX000672,AC00372,986.81,3/31/2023 16:52,Credit,Houston,Online,68,Doctor,1,14881.77,11/4/2024 8:09
TX000673,AC00497,8.37,1/12/2023 16:21,Debit,Colorado Springs,ATM,63,Retired,1,1106.34,11/4/2024 8:11
TX000674,AC00130,197.49,7/3/2023 16:36,Credit,Fresno,Online,53,Retired,1,5005.33,11/4/2024 8:06
TX000675,AC00034,637.97,10/23/2023 17:17,Debit,New York,Branch,58,Retired,1,7949.03,11/4/2024 8:07
TX000676,AC00286,13.52,5/15/2023 16:51,Debit,Seattle,ATM,26,Student,1,259.77,11/4/2024 8:06
TX000677,AC00232,432.1,3/20/2023 16:28,Debit,San Francisco,ATM,49,Engineer,1,2114.3,11/4/2024 8:10
TX000678,AC00182,375.17,6/8/2023 17:20,Debit,Fort Worth,ATM,51,Engineer,2,5495.3,11/4/2024 8:11
TX000679,AC00136,642.68,2/17/2023 16:57,Debit,Fresno,Branch,50,Doctor,1,8461.46,11/4/2024 8:08
TX000680,AC00101,78.44,11/21/2023 17:25,Credit,San Jose,Online,52,Retired,1,6870.84,11/4/2024 8:10
TX000681,AC00328,139.72,1/16/2023 17:53,Debit,Memphis,Branch,49,Engineer,1,5058.83,11/4/2024 8:08
TX000682,AC00356,499.99,8/2/2023 16:01,Debit,San Jose,Branch,31,Engineer,1,8885,11/4/2024 8:09
TX000683,AC00312,10.07,1/17/2023 16:47,Debit,Albuquerque,Online,24,Student,1,530.81,11/4/2024 8:08
TX000684,AC00242,120.62,2/27/2023 16:37,Debit,Raleigh,ATM,23,Student,1,9379.53,11/4/2024 8:06
TX000685,AC00123,578.49,10/16/2023 17:46,Debit,Nashville,Branch,59,Retired,1,6475.13,11/4/2024 8:06
TX000686,AC00071,119.3,8/28/2023 16:08,Debit,Mesa,Branch,34,Engineer,5,319.04,11/4/2024 8:08
TX000687,AC00370,280.92,1/1/2024 18:21,Debit,Phoenix,Online,41,Doctor,1,5298.85,11/4/2024 8:06
TX000688,AC00330,42.42,6/1/2023 17:19,Debit,Sacramento,Online,21,Student,1,490.57,11/4/2024 8:09
TX000689,AC00218,77.03,6/19/2023 16:57,Debit,Fresno,ATM,67,Doctor,1,11310.27,11/4/2024 8:08
TX000690,AC00437,22.59,3/27/2023 16:12,Debit,Seattle,ATM,62,Retired,1,3988.75,11/4/2024 8:08
TX000691,AC00287,568.76,10/9/2023 16:48,Debit,Baltimore,ATM,51,Retired,1,7484.32,11/4/2024 8:12
TX000692,AC00418,25.94,10/16/2023 18:53,Credit,San Jose,Online,58,Retired,5,4815.11,11/4/2024 8:06
TX000693,AC00465,105.94,8/7/2023 16:02,Debit,Oklahoma City,Branch,51,Engineer,1,5963.1,11/4/2024 8:09
TX000694,AC00011,733.29,3/15/2023 18:42,Debit,Virginia Beach,ATM,52,Doctor,5,10427,11/4/2024 8:07
TX000695,AC00432,350.15,11/27/2023 16:18,Credit,Fresno,ATM,21,Student,1,296.47,11/4/2024 8:08
TX000696,AC00240,1151.18,8/25/2023 17:26,Debit,Kansas City,ATM,65,Doctor,1,1100.06,11/4/2024 8:07
TX000697,AC00497,183.67,6/26/2023 16:11,Debit,San Diego,Online,19,Student,1,910.26,11/4/2024 8:11
TX000698,AC00026,278.27,4/10/2023 16:47,Debit,Tucson,Branch,29,Doctor,1,6684.34,11/4/2024 8:09
TX000699,AC00277,470.3,9/12/2023 18:46,Debit,Austin,ATM,40,Doctor,1,8524.09,11/4/2024 8:08
TX000700,AC00116,261.69,11/27/2023 17:29,Debit,Philadelphia,ATM,53,Retired,1,5126.65,11/4/2024 8:09
TX000701,AC00367,365.04,3/6/2023 16:29,Debit,Virginia Beach,Branch,22,Student,1,873.89,11/4/2024 8:12
TX000702,AC00030,211.1,9/14/2023 16:58,Debit,Miami,Branch,57,Retired,1,7059.77,11/4/2024 8:07
TX000703,AC00111,21.49,5/4/2023 16:51,Debit,Denver,ATM,58,Doctor,1,11991.24,11/4/2024 8:08
TX000704,AC00220,63.58,9/11/2023 17:43,Debit,Columbus,ATM,18,Student,1,8086.04,11/4/2024 8:11
TX000705,AC00295,321.86,7/24/2023 16:25,Debit,San Antonio,ATM,63,Doctor,1,12626.49,11/4/2024 8:06
TX000706,AC00137,12.11,12/12/2023 16:17,Debit,Jacksonville,Branch,75,Retired,1,1730.28,11/4/2024 8:07
TX000707,AC00004,642.54,5/10/2023 18:49,Debit,Milwaukee,Branch,44,Engineer,1,3143.17,11/4/2024 8:10
TX000708,AC00442,210.45,12/11/2023 16:47,Debit,Las Vegas,ATM,27,Student,1,1242.49,11/4/2024 8:06
TX000709,AC00201,313.65,1/30/2023 16:08,Credit,Chicago,Branch,55,Retired,1,1886.36,11/4/2024 8:10
TX000710,AC00462,99.76,8/7/2023 16:21,Debit,Sacramento,Branch,26,Student,1,416.89,11/4/2024 8:06
TX000711,AC00390,115.32,7/25/2023 17:24,Debit,Denver,Branch,53,Retired,1,5929.08,11/4/2024 8:08
TX000712,AC00297,33.61,8/21/2023 17:25,Debit,Milwaukee,Online,23,Student,1,479.08,11/4/2024 8:08
TX000713,AC00173,498.59,1/30/2023 16:20,Credit,Oklahoma City,Online,33,Doctor,1,5862.99,11/4/2024 8:06
TX000714,AC00382,98.81,9/4/2023 16:48,Debit,San Francisco,Branch,27,Student,1,797.1,11/4/2024 8:08
TX000715,AC00175,1.87,10/20/2023 18:34,Debit,Washington,ATM,65,Retired,1,7287.94,11/4/2024 8:09
TX000716,AC00035,78.92,6/15/2023 18:57,Credit,Jacksonville,Online,59,Engineer,1,5624.86,11/4/2024 8:08
TX000717,AC00219,194.29,1/23/2023 16:05,Credit,Seattle,Branch,39,Engineer,1,2988.41,11/4/2024 8:08
TX000718,AC00416,28.73,10/31/2023 16:11,Debit,Kansas City,ATM,53,Engineer,1,2712.96,11/4/2024 8:08
TX000719,AC00467,105.53,6/16/2023 16:36,Debit,Colorado Springs,Online,24,Student,1,1433.66,11/4/2024 8:10
TX000720,AC00465,737.34,3/20/2023 17:45,Debit,Miami,Online,30,Doctor,1,7336.56,11/4/2024 8:08
TX000721,AC00102,237.86,2/6/2023 17:48,Debit,Philadelphia,ATM,18,Student,1,475.63,11/4/2024 8:10
TX000722,AC00119,409.61,7/26/2023 16:05,Debit,Kansas City,Branch,65,Doctor,1,11698.15,11/4/2024 8:10
TX000723,AC00418,75.53,8/21/2023 17:36,Credit,Fresno,Online,21,Student,1,1034.35,11/4/2024 8:07
TX000724,AC00237,72.75,5/1/2023 16:30,Debit,Phoenix,ATM,64,Doctor,1,12042.79,11/4/2024 8:07
TX000725,AC00279,39.11,9/1/2023 18:05,Debit,Columbus,Online,26,Student,1,518.54,11/4/2024 8:08
TX000726,AC00067,1309.79,3/6/2023 16:33,Debit,San Francisco,ATM,23,Student,1,1258.93,11/4/2024 8:11
TX000727,AC00043,729.38,11/14/2023 17:23,Debit,Los Angeles,ATM,68,Doctor,1,9127.65,11/4/2024 8:08
TX000728,AC00012,137.49,7/26/2023 16:54,Debit,Fort Worth,ATM,34,Engineer,1,4471.05,11/4/2024 8:07
TX000729,AC00244,504.71,4/10/2023 18:27,Debit,Detroit,Online,29,Engineer,1,6214.54,11/4/2024 8:08
TX000730,AC00395,371.47,5/30/2023 16:15,Credit,Milwaukee,Branch,24,Student,1,1187.04,11/4/2024 8:07
TX000731,AC00253,430.35,2/20/2023 17:23,Debit,Charlotte,Online,36,Doctor,1,354.9,11/4/2024 8:10
TX000732,AC00394,230.32,5/15/2023 18:15,Debit,Las Vegas,Branch,35,Engineer,1,791.46,11/4/2024 8:08
TX000733,AC00457,121.71,9/5/2023 17:02,Debit,Chicago,ATM,52,Retired,1,5878.89,11/4/2024 8:11
TX000734,AC00046,98.87,1/3/2023 17:51,Debit,Detroit,Online,20,Student,1,533.2,11/4/2024 8:06
TX000735,AC00011,117.55,5/19/2023 16:35,Debit,Fresno,ATM,24,Student,1,897.94,11/4/2024 8:11
TX000736,AC00045,244.64,2/21/2023 18:41,Debit,Tucson,Branch,30,Doctor,1,9159.56,11/4/2024 8:06
TX000737,AC00181,321.93,12/4/2023 18:27,Debit,Nashville,ATM,45,Engineer,1,4392.73,11/4/2024 8:07
TX000738,AC00149,1092.73,1/23/2023 17:24,Debit,Columbus,Branch,58,Retired,1,1390.98,11/4/2024 8:07
TX000739,AC00288,283.23,2/6/2023 16:48,Debit,El Paso,Online,40,Engineer,1,2008.77,11/4/2024 8:07
TX000740,AC00014,346.65,1/1/2024 16:17,Debit,Washington,Online,30,Engineer,1,6356.96,11/4/2024 8:06
TX000741,AC00153,381.62,1/27/2023 16:40,Debit,Las Vegas,Online,64,Retired,1,6009.12,11/4/2024 8:11
TX000742,AC00164,388.65,2/21/2023 16:02,Debit,Oklahoma City,ATM,76,Retired,1,7896.85,11/4/2024 8:08
TX000743,AC00159,29.22,7/6/2023 18:16,Debit,San Antonio,ATM,24,Student,1,1649.43,11/4/2024 8:09
TX000744,AC00360,46.75,7/31/2023 17:37,Debit,Colorado Springs,Branch,67,Retired,1,2840.43,11/4/2024 8:09
TX000745,AC00326,348.64,6/9/2023 17:12,Debit,San Jose,Online,57,Retired,1,3274.96,11/4/2024 8:11
TX000746,AC00110,319.17,1/11/2023 16:58,Debit,Tucson,Online,73,Retired,1,6501.56,11/4/2024 8:08
TX000747,AC00110,73.95,11/3/2023 16:39,Debit,Kansas City,ATM,26,Student,1,363.92,11/4/2024 8:07
TX000748,AC00257,389.63,2/16/2023 16:20,Debit,Mesa,Online,27,Engineer,1,9748.48,11/4/2024 8:08
TX000749,AC00145,217.61,3/16/2023 17:36,Debit,Chicago,ATM,19,Student,1,1404.53,11/4/2024 8:10
TX000750,AC00455,199.84,1/16/2023 16:01,Debit,Dallas,ATM,21,Student,1,706.44,11/4/2024 8:09
TX000751,AC00282,56.35,2/9/2023 16:09,Debit,Charlotte,ATM,44,Doctor,1,5095.73,11/4/2024 8:07
TX000752,AC00045,248.95,6/16/2023 16:19,Credit,San Francisco,Branch,65,Retired,1,3059.79,11/4/2024 8:09
TX000753,AC00390,142.58,6/19/2023 16:20,Debit,San Antonio,ATM,33,Engineer,1,7844.23,11/4/2024 8:06
TX000754,AC00032,1020.73,7/24/2023 16:42,Debit,Fort Worth,ATM,28,Student,1,1119.61,11/4/2024 8:11
TX000755,AC00153,84.34,6/8/2023 16:27,Debit,Memphis,Online,58,Retired,3,5313.97,11/4/2024 8:09
TX000756,AC00460,1607.55,9/7/2023 16:27,Debit,Phoenix,ATM,31,Engineer,1,6227.99,11/4/2024 8:07
TX000757,AC00154,333.78,11/30/2023 17:53,Debit,San Diego,ATM,60,Retired,1,6810.94,11/4/2024 8:07
TX000758,AC00190,332.59,7/13/2023 17:50,Debit,San Antonio,Online,55,Retired,1,1457.07,11/4/2024 8:09
TX000759,AC00156,236.81,10/26/2023 16:59,Debit,Oklahoma City,Branch,22,Student,1,813.68,11/4/2024 8:07
TX000760,AC00005,417.8,6/26/2023 16:21,Credit,Philadelphia,Branch,27,Student,1,1518.82,11/4/2024 8:09
TX000761,AC00126,319.27,8/7/2023 16:54,Debit,San Antonio,ATM,50,Doctor,1,10269.78,11/4/2024 8:12
TX000762,AC00201,384.1,5/24/2023 18:32,Debit,Detroit,Branch,42,Engineer,1,672.79,11/4/2024 8:11
TX000763,AC00165,820.62,3/3/2023 17:18,Credit,Fresno,Branch,61,Doctor,1,6024.8,11/4/2024 8:07
TX000764,AC00420,474.77,12/25/2023 16:28,Credit,Indianapolis,Online,56,Engineer,1,2158.59,11/4/2024 8:08
TX000765,AC00329,542.72,9/4/2023 18:37,Credit,Indianapolis,Branch,43,Doctor,1,6011.8,11/4/2024 8:08
TX000766,AC00037,79.8,12/22/2023 17:17,Debit,Fort Worth,ATM,73,Retired,1,6372.58,11/4/2024 8:06
TX000767,AC00293,46.24,3/13/2023 16:05,Debit,San Diego,Branch,57,Engineer,1,2569.56,11/4/2024 8:07
TX000768,AC00481,327.8,11/23/2023 17:44,Debit,San Francisco,ATM,61,Doctor,1,10585.48,11/4/2024 8:09
TX000769,AC00233,445.79,7/7/2023 17:19,Debit,Las Vegas,ATM,52,Doctor,1,717.99,11/4/2024 8:12
TX000770,AC00235,55.89,8/17/2023 16:54,Debit,Fresno,Online,72,Retired,1,3689.65,11/4/2024 8:11
TX000771,AC00324,158.41,2/9/2023 16:28,Debit,Sacramento,Branch,28,Student,1,1512.16,11/4/2024 8:10
TX000772,AC00029,101.19,11/29/2023 18:38,Credit,Denver,Online,64,Doctor,1,14389.45,11/4/2024 8:09
TX000773,AC00093,827.14,1/17/2023 17:25,Debit,El Paso,Branch,36,Engineer,4,9800.21,11/4/2024 8:08
TX000774,AC00141,61.97,5/22/2023 18:45,Debit,Phoenix,ATM,74,Retired,1,7014.69,11/4/2024 8:10
TX000775,AC00061,27.21,6/14/2023 16:34,Debit,San Jose,ATM,79,Retired,1,3520.61,11/4/2024 8:06
TX000776,AC00092,173.74,9/8/2023 17:48,Debit,Houston,Online,80,Retired,1,4913.42,11/4/2024 8:11
TX000777,AC00354,176.11,8/10/2023 16:48,Debit,San Jose,Branch,38,Engineer,1,9155.35,11/4/2024 8:10
TX000778,AC00358,88.4,11/10/2023 18:02,Debit,Fort Worth,Online,46,Engineer,1,2567.53,11/4/2024 8:09
TX000779,AC00078,567.92,6/20/2023 16:27,Debit,Columbus,Online,53,Retired,1,3779.47,11/4/2024 8:12
TX000780,AC00013,138.11,12/11/2023 17:29,Credit,Phoenix,Online,68,Retired,1,4177.65,11/4/2024 8:07
TX000781,AC00030,456.93,9/26/2023 16:18,Credit,Virginia Beach,Branch,28,Engineer,1,7284.76,11/4/2024 8:09
TX000782,AC00074,101.42,4/25/2023 17:00,Debit,Atlanta,Online,66,Retired,1,6530.59,11/4/2024 8:12
TX000783,AC00399,300.61,5/1/2023 17:21,Debit,El Paso,Online,44,Doctor,1,7895.54,11/4/2024 8:11
TX000784,AC00323,265.94,6/5/2023 16:11,Debit,Boston,Online,54,Engineer,1,6781.3,11/4/2024 8:06
TX000785,AC00107,345.54,1/24/2023 16:05,Debit,San Diego,Online,29,Engineer,1,2091.78,11/4/2024 8:11
TX000786,AC00211,411.52,1/10/2023 17:40,Debit,Los Angeles,ATM,41,Doctor,1,11108.39,11/4/2024 8:09
TX000787,AC00297,111.21,8/21/2023 18:36,Debit,Portland,Branch,35,Doctor,1,9088.36,11/4/2024 8:12
TX000788,AC00102,316.37,8/28/2023 17:34,Debit,Colorado Springs,ATM,53,Engineer,1,4671.69,11/4/2024 8:08
TX000789,AC00196,260.63,12/20/2023 18:58,Debit,Fort Worth,Branch,37,Engineer,1,7534.73,11/4/2024 8:08
TX000790,AC00342,92.36,3/27/2023 16:48,Debit,Dallas,ATM,29,Engineer,1,6353.14,11/4/2024 8:07
TX000791,AC00027,262.06,9/11/2023 16:09,Debit,Oklahoma City,Branch,63,Doctor,1,13587.52,11/4/2024 8:10
TX000792,AC00339,64.5,8/17/2023 18:32,Debit,Denver,ATM,74,Retired,1,1351.24,11/4/2024 8:08
TX000793,AC00468,253.55,1/11/2023 16:56,Debit,Jacksonville,ATM,28,Engineer,5,2797.26,11/4/2024 8:09
TX000794,AC00262,408.28,3/15/2023 16:33,Credit,Nashville,Branch,21,Student,3,1222.77,11/4/2024 8:10
TX000795,AC00425,175.94,6/5/2023 16:16,Debit,Indianapolis,ATM,57,Retired,1,3728.04,11/4/2024 8:07
TX000796,AC00161,199.47,8/14/2023 16:26,Debit,Detroit,Online,57,Doctor,1,6067.44,11/4/2024 8:07
TX000797,AC00417,51.07,1/23/2023 18:06,Debit,Dallas,Branch,63,Retired,1,4292.16,11/4/2024 8:12
TX000798,AC00208,435.86,12/29/2023 17:17,Debit,Jacksonville,ATM,56,Retired,1,3801.82,11/4/2024 8:09
TX000799,AC00304,74.73,1/30/2023 17:17,Credit,Jacksonville,Branch,64,Retired,1,6353.22,11/4/2024 8:08
TX000800,AC00166,182.79,10/25/2023 16:21,Credit,Louisville,Online,23,Student,1,1251.85,11/4/2024 8:06
TX000801,AC00279,628.36,1/20/2023 16:09,Debit,Austin,Online,44,Doctor,1,11869.71,11/4/2024 8:07
TX000802,AC00114,268.39,2/21/2023 18:13,Debit,San Antonio,Online,29,Doctor,1,9409.43,11/4/2024 8:11
TX000803,AC00411,362.27,5/11/2023 16:36,Debit,Jacksonville,ATM,80,Retired,1,6003.59,11/4/2024 8:07
TX000804,AC00380,560.15,8/14/2023 18:01,Credit,Memphis,Online,50,Engineer,1,817.83,11/4/2024 8:10
TX000805,AC00272,351.99,6/12/2023 16:58,Debit,Chicago,ATM,80,Retired,2,3663.64,11/4/2024 8:11
TX000806,AC00202,132.36,3/13/2023 17:01,Debit,Colorado Springs,Branch,28,Student,1,319.65,11/4/2024 8:10
TX000807,AC00053,24.77,11/1/2023 16:55,Credit,Nashville,Online,40,Engineer,1,478.23,11/4/2024 8:07
TX000808,AC00316,668.67,11/7/2023 17:38,Debit,Detroit,Online,44,Doctor,4,13446.81,11/4/2024 8:06
TX000809,AC00422,80.24,5/19/2023 17:28,Credit,New York,Branch,53,Doctor,1,8012.81,11/4/2024 8:12
TX000810,AC00083,8.65,11/20/2023 16:28,Debit,Mesa,ATM,68,Retired,1,4201.22,11/4/2024 8:11
TX000811,AC00125,178.91,3/15/2023 16:37,Debit,Omaha,ATM,18,Student,1,8870.89,11/4/2024 8:07
TX000812,AC00227,115.22,12/8/2023 17:05,Debit,San Francisco,Branch,27,Engineer,1,906.2,11/4/2024 8:09
TX000813,AC00292,161.63,12/25/2023 16:32,Debit,San Jose,Online,46,Doctor,1,9286.37,11/4/2024 8:08
TX000814,AC00319,542.75,12/7/2023 18:28,Credit,Nashville,Branch,70,Retired,1,2224.08,11/4/2024 8:08
TX000815,AC00431,317.47,5/1/2023 17:31,Credit,Sacramento,Online,67,Doctor,1,14639.28,11/4/2024 8:07
TX000816,AC00365,280.99,2/20/2023 18:03,Debit,Houston,Branch,45,Engineer,1,9733.59,11/4/2024 8:07
TX000817,AC00050,24.19,2/8/2023 17:33,Debit,San Diego,ATM,29,Engineer,1,2756.2,11/4/2024 8:07
TX000818,AC00129,586.85,8/15/2023 16:57,Debit,Mesa,ATM,36,Doctor,1,6655.15,11/4/2024 8:12
TX000819,AC00366,372.41,6/19/2023 18:12,Debit,San Diego,ATM,55,Retired,1,3233.87,11/4/2024 8:06
TX000820,AC00452,63.17,7/25/2023 18:28,Debit,Fresno,ATM,20,Student,1,1676.57,11/4/2024 8:07
TX000821,AC00339,383.69,10/31/2023 17:06,Debit,Colorado Springs,Online,54,Engineer,1,8371.11,11/4/2024 8:10
TX000822,AC00389,247.17,5/22/2023 17:58,Credit,Chicago,Branch,65,Retired,1,2611.64,11/4/2024 8:07
TX000823,AC00188,48.78,8/11/2023 16:43,Credit,Kansas City,Branch,18,Student,1,552.06,11/4/2024 8:10
TX000824,AC00039,4.15,10/19/2023 16:34,Credit,Omaha,Branch,60,Retired,1,6017.36,11/4/2024 8:09
TX000825,AC00319,60.99,8/1/2023 17:14,Debit,Oklahoma City,Branch,34,Engineer,1,7281.46,11/4/2024 8:07
TX000826,AC00077,408.19,12/15/2023 16:48,Debit,Mesa,Branch,26,Engineer,1,6847.47,11/4/2024 8:08
TX000827,AC00131,524.6,4/7/2023 17:37,Debit,El Paso,Branch,58,Doctor,1,13017.7,11/4/2024 8:09
TX000828,AC00180,108.96,10/10/2023 18:12,Debit,Milwaukee,ATM,26,Student,1,7597.66,11/4/2024 8:06
TX000829,AC00249,70.03,12/18/2023 18:34,Debit,Nashville,Branch,63,Retired,1,7330.31,11/4/2024 8:07
TX000830,AC00454,124.84,9/22/2023 17:44,Debit,Louisville,Online,52,Retired,1,6711.78,11/4/2024 8:11
TX000831,AC00076,324.04,7/5/2023 16:49,Debit,Virginia Beach,ATM,54,Retired,1,2248.06,11/4/2024 8:08
TX000832,AC00386,39.69,4/24/2023 17:16,Debit,Austin,Online,70,Retired,1,3524.68,11/4/2024 8:07
TX000833,AC00444,157.7,12/1/2023 17:29,Credit,Omaha,Branch,58,Engineer,1,8332.58,11/4/2024 8:11
TX000834,AC00307,81.27,11/7/2023 16:36,Credit,Seattle,Online,22,Student,1,1814.48,11/4/2024 8:10
TX000835,AC00397,193.82,4/20/2023 17:52,Debit,Kansas City,Branch,37,Engineer,1,3886.77,11/4/2024 8:12
TX000836,AC00078,16.73,11/30/2023 17:48,Debit,Omaha,Online,79,Retired,1,7591.13,11/4/2024 8:08
TX000837,AC00348,474.05,8/10/2023 18:30,Debit,San Jose,ATM,57,Retired,1,1484.31,11/4/2024 8:10
TX000838,AC00169,39.21,5/10/2023 16:15,Debit,Miami,ATM,66,Doctor,4,9385.57,11/4/2024 8:11
TX000839,AC00007,637.75,7/24/2023 16:07,Debit,Dallas,Branch,79,Retired,1,4202.92,11/4/2024 8:08
TX000840,AC00009,153.59,5/4/2023 17:43,Credit,Portland,Branch,66,Retired,1,4813.12,11/4/2024 8:09
TX000841,AC00065,186.6,10/25/2023 16:03,Debit,Tucson,Branch,18,Student,1,9716.68,11/4/2024 8:10
TX000842,AC00362,644.08,5/8/2023 17:29,Debit,Atlanta,Online,24,Student,1,1980.62,11/4/2024 8:07
TX000843,AC00444,226.66,12/27/2023 18:55,Debit,Austin,Branch,41,Doctor,1,10216.25,11/4/2024 8:07
TX000844,AC00106,305,10/12/2023 17:20,Debit,Phoenix,ATM,22,Student,1,944.83,11/4/2024 8:06
TX000845,AC00241,233.1,1/16/2023 17:28,Credit,Nashville,Branch,42,Doctor,1,7469.2,11/4/2024 8:11
TX000846,AC00092,793.13,5/10/2023 16:38,Debit,Memphis,Online,68,Doctor,1,13389.16,11/4/2024 8:09
TX000847,AC00173,224.19,9/21/2023 16:42,Debit,Houston,ATM,52,Doctor,1,8475.47,11/4/2024 8:07
TX000848,AC00363,214.83,3/20/2023 18:12,Credit,Tucson,ATM,23,Student,1,991.69,11/4/2024 8:11
TX000849,AC00185,163.46,9/8/2023 17:09,Credit,Baltimore,Branch,63,Retired,1,6953.8,11/4/2024 8:11
TX000850,AC00370,194.99,12/1/2023 17:01,Debit,Jacksonville,Branch,34,Engineer,1,1370.03,11/4/2024 8:07
TX000851,AC00124,23.4,2/8/2023 18:27,Debit,El Paso,ATM,46,Doctor,4,14851.28,11/4/2024 8:07
TX000852,AC00412,227.5,3/13/2023 16:59,Debit,Sacramento,Online,34,Doctor,1,11505.35,11/4/2024 8:11
TX000853,AC00068,259.9,6/22/2023 16:08,Debit,Oklahoma City,Online,26,Student,1,914.28,11/4/2024 8:07
TX000854,AC00321,59.51,4/4/2023 16:12,Credit,Dallas,Online,36,Doctor,1,9955.88,11/4/2024 8:12
TX000855,AC00302,50.63,5/24/2023 16:21,Debit,Columbus,Online,64,Retired,1,4732.81,11/4/2024 8:12
TX000856,AC00217,1074.95,6/2/2023 16:49,Debit,Jacksonville,Branch,20,Student,1,530.86,11/4/2024 8:09
TX000857,AC00298,112.94,11/24/2023 17:35,Credit,San Antonio,Online,73,Retired,1,3807.84,11/4/2024 8:07
TX000858,AC00327,11.81,2/27/2023 16:07,Debit,Phoenix,ATM,21,Student,1,320.25,11/4/2024 8:07
TX000859,AC00054,329.14,11/14/2023 16:37,Debit,Sacramento,Branch,55,Doctor,1,12033.92,11/4/2024 8:09
TX000860,AC00403,154.24,11/6/2023 16:19,Debit,Mesa,ATM,61,Retired,1,6109.55,11/4/2024 8:08
TX000861,AC00397,233.44,1/20/2023 16:23,Debit,Chicago,Online,20,Student,1,1691.88,11/4/2024 8:07
TX000862,AC00383,141.8,11/15/2023 18:56,Debit,Chicago,ATM,18,Student,1,1697.67,11/4/2024 8:08
TX000863,AC00450,209.03,10/9/2023 18:20,Debit,Detroit,Branch,55,Engineer,1,8359.5,11/4/2024 8:10
TX000864,AC00086,1137.63,2/14/2023 16:55,Debit,Baltimore,ATM,26,Student,1,1629.12,11/4/2024 8:08
TX000865,AC00156,261.14,5/15/2023 18:44,Debit,San Antonio,ATM,42,Engineer,1,6100.08,11/4/2024 8:08
TX000866,AC00418,101.81,6/29/2023 17:51,Debit,Fort Worth,ATM,45,Doctor,1,13872.03,11/4/2024 8:11
TX000867,AC00263,98.71,9/18/2023 17:41,Debit,Fort Worth,ATM,32,Doctor,1,10095.23,11/4/2024 8:07
TX000868,AC00009,87.38,3/3/2023 18:23,Debit,Atlanta,Branch,21,Student,1,1504.99,11/4/2024 8:09
TX000869,AC00436,83.39,9/18/2023 16:00,Debit,Omaha,Branch,32,Doctor,1,13182.11,11/4/2024 8:12
TX000870,AC00399,267.55,6/13/2023 16:06,Debit,Charlotte,Online,46,Engineer,1,4330.04,11/4/2024 8:12
TX000871,AC00182,870.05,8/31/2023 16:42,Debit,El Paso,ATM,29,Doctor,1,905.25,11/4/2024 8:11
TX000872,AC00482,154.32,1/1/2024 16:53,Credit,Tucson,ATM,38,Engineer,1,6972.5,11/4/2024 8:11
TX000873,AC00475,164.51,6/5/2023 18:09,Debit,Louisville,Branch,78,Retired,1,3553.69,11/4/2024 8:07
TX000874,AC00253,758.12,7/3/2023 18:46,Debit,San Francisco,ATM,69,Retired,1,6164.65,11/4/2024 8:11
TX000875,AC00376,103.76,3/29/2023 16:20,Debit,Kansas City,Online,28,Engineer,1,9626.14,11/4/2024 8:11
TX000876,AC00058,583.92,8/1/2023 16:11,Debit,Kansas City,Online,55,Engineer,1,6364.14,11/4/2024 8:06
TX000877,AC00304,204.06,1/2/2023 16:07,Debit,Washington,Online,77,Retired,1,4351.83,11/4/2024 8:07
TX000878,AC00035,53.51,10/26/2023 16:54,Debit,New York,Online,56,Retired,1,5773.5,11/4/2024 8:11
TX000879,AC00366,1108.46,8/31/2023 16:16,Debit,Los Angeles,Branch,30,Engineer,1,9257.04,11/4/2024 8:06
TX000880,AC00362,52.95,8/7/2023 18:02,Credit,Charlotte,Online,68,Retired,1,6335.58,11/4/2024 8:07
TX000881,AC00094,120.17,8/8/2023 17:07,Debit,Portland,ATM,49,Doctor,1,5403.79,11/4/2024 8:11
TX000882,AC00225,220.8,9/6/2023 18:43,Debit,Indianapolis,Online,31,Engineer,1,8135.31,11/4/2024 8:10
TX000883,AC00474,119.01,3/13/2023 17:26,Debit,Philadelphia,ATM,45,Doctor,1,9798.26,11/4/2024 8:09
TX000884,AC00448,183.32,5/10/2023 16:27,Debit,Raleigh,ATM,21,Student,1,137.42,11/4/2024 8:09
TX000885,AC00439,858.88,8/22/2023 16:31,Debit,Jacksonville,Online,60,Engineer,1,7015.46,11/4/2024 8:12
TX000886,AC00133,11.46,2/13/2023 16:53,Credit,San Francisco,Online,41,Engineer,1,2356.71,11/4/2024 8:09
TX000887,AC00480,61.37,2/6/2023 16:54,Debit,Columbus,Branch,75,Retired,1,4294.44,11/4/2024 8:10
TX000888,AC00265,103.08,2/27/2023 16:48,Credit,Milwaukee,Branch,49,Engineer,1,9251.38,11/4/2024 8:06
TX000889,AC00176,1.21,8/21/2023 17:19,Debit,Atlanta,Branch,55,Retired,1,7542.74,11/4/2024 8:11
TX000890,AC00278,425.18,10/4/2023 16:00,Credit,Colorado Springs,Online,26,Engineer,1,9880.71,11/4/2024 8:08
TX000891,AC00216,60.96,10/23/2023 16:35,Debit,Colorado Springs,ATM,52,Retired,1,6189.24,11/4/2024 8:09
TX000892,AC00431,64.21,1/9/2023 16:36,Debit,Omaha,ATM,51,Doctor,1,12540.18,11/4/2024 8:09
TX000893,AC00063,523.02,5/19/2023 18:32,Debit,Jacksonville,Online,53,Retired,1,4586.11,11/4/2024 8:06
TX000894,AC00090,50.26,11/9/2023 17:51,Debit,Las Vegas,Branch,65,Retired,1,1519.38,11/4/2024 8:10
TX000895,AC00133,110.08,11/20/2023 17:15,Debit,Detroit,Branch,19,Student,1,1447.26,11/4/2024 8:08
TX000896,AC00357,54.47,11/13/2023 17:47,Credit,Philadelphia,Branch,23,Student,1,1131.42,11/4/2024 8:11
TX000897,AC00404,79.76,4/3/2023 16:25,Debit,Kansas City,Online,68,Doctor,1,10278.75,11/4/2024 8:08
TX000898,AC00390,16.79,11/6/2023 16:42,Credit,Detroit,Online,30,Doctor,1,535.15,11/4/2024 8:11
TX000899,AC00083,1531.31,10/23/2023 18:00,Debit,San Diego,Online,18,Student,4,859.86,11/4/2024 8:06
TX000900,AC00161,68.62,6/29/2023 16:57,Debit,Omaha,Branch,29,Doctor,1,13891.47,11/4/2024 8:10
TX000901,AC00425,157.16,3/13/2023 17:34,Debit,New York,Branch,20,Student,1,1545.77,11/4/2024 8:07
TX000902,AC00363,643.38,11/6/2023 17:19,Credit,Detroit,Online,18,Student,1,1046.74,11/4/2024 8:12
TX000903,AC00385,328.34,10/12/2023 16:17,Credit,San Diego,Online,42,Engineer,1,2840.45,11/4/2024 8:09
TX000904,AC00045,72.68,7/21/2023 17:56,Debit,Seattle,Online,69,Retired,1,6216.77,11/4/2024 8:10
TX000905,AC00480,354.76,5/17/2023 16:30,Debit,Detroit,Branch,51,Doctor,1,10141.92,11/4/2024 8:07
TX000906,AC00369,793.88,2/22/2023 16:17,Credit,Los Angeles,ATM,22,Student,1,1404.06,11/4/2024 8:07
TX000907,AC00109,29.22,2/27/2023 18:33,Debit,Detroit,ATM,27,Engineer,1,7795.79,11/4/2024 8:10
TX000908,AC00264,653.97,10/4/2023 17:41,Debit,Miami,Online,37,Engineer,1,3886.65,11/4/2024 8:11
TX000909,AC00076,366.43,1/30/2023 16:38,Credit,Portland,Online,21,Student,1,1560.45,11/4/2024 8:09
TX000910,AC00438,120.86,11/16/2023 17:57,Debit,Colorado Springs,Online,33,Doctor,4,13566.58,11/4/2024 8:11
TX000911,AC00453,233.74,2/13/2023 16:43,Debit,Boston,Online,72,Retired,1,4749.54,11/4/2024 8:06
TX000912,AC00222,471.84,9/29/2023 17:31,Debit,Raleigh,ATM,18,Student,1,1044.33,11/4/2024 8:08
TX000913,AC00179,213.4,8/14/2023 16:40,Credit,Fort Worth,Branch,73,Retired,1,2012.24,11/4/2024 8:09
TX000914,AC00386,254.21,5/22/2023 16:48,Debit,Phoenix,ATM,48,Engineer,1,2487.2,11/4/2024 8:10
TX000915,AC00171,577.73,11/10/2023 16:26,Debit,San Jose,ATM,37,Doctor,1,14977.99,11/4/2024 8:06
TX000916,AC00336,170.26,9/25/2023 16:58,Debit,Chicago,ATM,27,Student,1,1969.48,11/4/2024 8:07
TX000917,AC00272,337.73,5/23/2023 17:12,Debit,San Antonio,Online,78,Retired,4,7001.2,11/4/2024 8:07
TX000918,AC00402,330.61,7/6/2023 16:04,Credit,Nashville,Branch,64,Retired,1,2525.25,11/4/2024 8:10
TX000919,AC00136,132.33,11/10/2023 16:32,Credit,Phoenix,ATM,35,Engineer,1,7457.94,11/4/2024 8:08
TX000920,AC00280,672.74,8/10/2023 16:39,Credit,Colorado Springs,Branch,46,Engineer,1,5386.52,11/4/2024 8:11
TX000921,AC00352,74.04,2/23/2023 18:23,Debit,Memphis,Online,18,Student,1,1690.23,11/4/2024 8:11
TX000922,AC00495,197.18,5/9/2023 16:47,Debit,Tucson,Online,28,Engineer,1,3114.92,11/4/2024 8:10
TX000923,AC00061,21.15,11/20/2023 16:06,Debit,Columbus,Branch,70,Retired,1,3466.74,11/4/2024 8:09
TX000924,AC00129,218.37,6/5/2023 16:27,Debit,Houston,ATM,62,Doctor,1,9942.24,11/4/2024 8:10
TX000925,AC00237,590.01,2/6/2023 16:42,Debit,San Jose,Online,29,Doctor,3,9791.74,11/4/2024 8:07
TX000926,AC00230,697.82,11/27/2023 16:10,Debit,New York,Online,44,Engineer,1,6824,11/4/2024 8:07
TX000927,AC00224,302.76,11/16/2023 17:14,Debit,Sacramento,ATM,38,Engineer,3,8583.39,11/4/2024 8:11
TX000928,AC00354,148,1/23/2023 16:48,Debit,Tucson,Branch,20,Student,1,1488.65,11/4/2024 8:06
TX000929,AC00479,22.26,1/30/2023 18:50,Debit,San Antonio,Branch,19,Student,1,5583.88,11/4/2024 8:08
TX000930,AC00329,0.86,2/13/2023 17:49,Debit,Colorado Springs,ATM,25,Student,1,1357.22,11/4/2024 8:12
TX000931,AC00160,757.1,1/23/2023 17:22,Debit,Atlanta,Branch,65,Doctor,1,10553.23,11/4/2024 8:11
TX000932,AC00050,38.81,4/28/2023 18:52,Credit,Virginia Beach,Online,25,Student,1,1619.6,11/4/2024 8:12
TX000933,AC00200,76.51,4/3/2023 16:01,Credit,Mesa,Online,49,Engineer,4,9475.4,11/4/2024 8:07
TX000934,AC00254,32.46,3/10/2023 18:59,Debit,Charlotte,Online,31,Doctor,1,8656.18,11/4/2024 8:09
TX000935,AC00456,1022.75,1/19/2023 16:45,Credit,San Jose,Branch,62,Doctor,1,207.74,11/4/2024 8:10
TX000936,AC00320,20.64,4/20/2023 16:01,Debit,Charlotte,Branch,22,Student,1,949.38,11/4/2024 8:09
TX000937,AC00446,662.11,2/2/2023 16:52,Debit,Atlanta,Branch,23,Student,1,1996.38,11/4/2024 8:07
TX000938,AC00292,288.77,11/13/2023 16:42,Debit,Los Angeles,ATM,55,Engineer,1,8836.51,11/4/2024 8:09
TX000939,AC00111,35.05,9/27/2023 18:52,Debit,Boston,Branch,30,Doctor,1,14330.47,11/4/2024 8:07
TX000940,AC00157,214.73,11/10/2023 18:28,Credit,Los Angeles,ATM,46,Doctor,1,5368.42,11/4/2024 8:07
TX000941,AC00429,25.38,10/23/2023 16:03,Debit,Louisville,Branch,57,Engineer,1,8616.05,11/4/2024 8:11
TX000942,AC00182,617.66,1/30/2023 16:34,Debit,Memphis,ATM,41,Engineer,1,5906.58,11/4/2024 8:10
TX000943,AC00166,446.39,12/12/2023 17:41,Debit,Houston,ATM,63,Retired,1,7863.6,11/4/2024 8:07
TX000944,AC00005,377.92,2/22/2023 17:29,Debit,Raleigh,Branch,33,Engineer,1,2254.71,11/4/2024 8:06
TX000945,AC00459,11.04,2/13/2023 18:17,Debit,Phoenix,Online,30,Engineer,1,6983.04,11/4/2024 8:10
TX000946,AC00432,275.46,7/24/2023 17:09,Debit,Fort Worth,ATM,36,Doctor,1,9697.75,11/4/2024 8:12
TX000947,AC00317,179.76,7/12/2023 16:11,Debit,Philadelphia,Online,78,Retired,1,5909.52,11/4/2024 8:09
TX000948,AC00377,32.34,6/21/2023 16:52,Debit,Kansas City,Branch,44,Doctor,1,7847.62,11/4/2024 8:09
TX000949,AC00130,273.92,7/4/2023 17:50,Debit,Portland,Branch,79,Retired,1,4543.56,11/4/2024 8:11
TX000950,AC00236,375.45,12/5/2023 17:57,Debit,Fort Worth,Branch,19,Student,1,1307.23,11/4/2024 8:08
TX000951,AC00243,388.98,8/21/2023 17:10,Debit,Fresno,ATM,23,Student,1,1819.91,11/4/2024 8:08
TX000952,AC00017,492.84,3/1/2023 17:43,Debit,Indianapolis,ATM,25,Student,1,577.67,11/4/2024 8:09
TX000953,AC00295,148.85,11/29/2023 16:46,Debit,Mesa,ATM,57,Doctor,1,7802.36,11/4/2024 8:08
TX000954,AC00187,119.95,4/10/2023 17:53,Credit,Philadelphia,Branch,62,Retired,5,2596.61,11/4/2024 8:10
TX000955,AC00395,391.66,7/10/2023 17:29,Debit,Fresno,Branch,50,Engineer,1,2406.31,11/4/2024 8:06
TX000956,AC00225,185.99,4/24/2023 16:49,Credit,Fresno,Branch,41,Engineer,1,402.45,11/4/2024 8:09
TX000957,AC00355,322.48,3/13/2023 16:10,Debit,Jacksonville,ATM,27,Student,1,1238.43,11/4/2024 8:11
TX000958,AC00217,20.27,12/4/2023 16:27,Debit,Miami,Branch,18,Student,1,796.35,11/4/2024 8:09
TX000959,AC00282,280.61,11/27/2023 16:37,Debit,Mesa,ATM,47,Engineer,3,7888.76,11/4/2024 8:10
TX000960,AC00477,199.02,5/29/2023 16:31,Debit,Houston,ATM,61,Retired,1,4658.89,11/4/2024 8:07
TX000961,AC00158,104.23,10/17/2023 16:41,Credit,Louisville,Online,63,Retired,1,5009.29,11/4/2024 8:09
TX000962,AC00174,353.59,8/11/2023 17:57,Credit,New York,Branch,52,Retired,5,1822.34,11/4/2024 8:10
TX000963,AC00124,55.86,1/23/2023 17:18,Debit,Seattle,Online,39,Engineer,1,5346.46,11/4/2024 8:06
TX000964,AC00247,10.77,3/8/2023 16:58,Debit,Indianapolis,ATM,31,Doctor,1,10704.95,11/4/2024 8:10
TX000965,AC00297,95.55,4/10/2023 16:25,Debit,Louisville,Branch,33,Engineer,1,2434.74,11/4/2024 8:10
TX000966,AC00114,477.07,11/27/2023 16:30,Debit,Columbus,Online,27,Engineer,1,6568.07,11/4/2024 8:07
TX000967,AC00170,9.1,3/2/2023 16:09,Credit,San Francisco,Online,52,Retired,1,2791.45,11/4/2024 8:09
TX000968,AC00185,21.41,12/4/2023 16:27,Debit,Louisville,Online,57,Doctor,1,658.91,11/4/2024 8:08
TX000969,AC00487,278.28,10/2/2023 16:20,Debit,Jacksonville,Branch,28,Student,1,1346.88,11/4/2024 8:07
TX000970,AC00280,388.1,8/21/2023 18:06,Credit,Los Angeles,Online,73,Retired,1,3022.12,11/4/2024 8:07
TX000971,AC00017,215.39,6/21/2023 16:23,Debit,Detroit,ATM,27,Student,1,1582.55,11/4/2024 8:11
TX000972,AC00496,194.37,4/26/2023 17:55,Debit,Milwaukee,ATM,66,Doctor,1,14395.88,11/4/2024 8:09
TX000973,AC00304,37.7,6/29/2023 16:04,Debit,Miami,ATM,20,Student,1,1741.1,11/4/2024 8:12
TX000974,AC00475,19.59,6/16/2023 18:47,Debit,Charlotte,Branch,64,Retired,1,1061.69,11/4/2024 8:10
TX000975,AC00111,81.35,1/23/2023 17:39,Debit,Houston,Online,41,Engineer,1,7192.45,11/4/2024 8:07
TX000976,AC00316,314.54,9/29/2023 16:34,Credit,Virginia Beach,Branch,58,Engineer,1,9923.45,11/4/2024 8:11
TX000977,AC00007,466.64,9/4/2023 16:57,Debit,Las Vegas,ATM,58,Doctor,1,10915.11,11/4/2024 8:09
TX000978,AC00033,397.01,8/7/2023 17:45,Debit,Los Angeles,ATM,22,Student,1,719.52,11/4/2024 8:06
TX000979,AC00453,472.48,2/27/2023 17:06,Debit,New York,Branch,55,Engineer,1,7128.82,11/4/2024 8:09
TX000980,AC00147,67.15,11/20/2023 17:17,Debit,Indianapolis,Online,59,Doctor,1,9028.49,11/4/2024 8:10
TX000981,AC00401,102.67,5/10/2023 17:41,Debit,Albuquerque,Branch,79,Retired,1,4656.94,11/4/2024 8:06
TX000982,AC00336,460.09,3/6/2023 17:05,Credit,Fresno,Online,35,Doctor,3,6990.64,11/4/2024 8:08
TX000983,AC00281,453.49,1/2/2023 16:06,Debit,Seattle,Branch,66,Doctor,1,6366.43,11/4/2024 8:08
TX000984,AC00082,267.17,8/24/2023 16:56,Debit,Seattle,ATM,26,Student,1,1382.62,11/4/2024 8:07
TX000985,AC00247,111.26,8/18/2023 17:07,Debit,Boston,ATM,66,Doctor,1,14350.11,11/4/2024 8:07
TX000986,AC00278,121.17,12/25/2023 17:31,Debit,Phoenix,ATM,68,Doctor,1,12990.77,11/4/2024 8:10
TX000987,AC00176,213.28,12/25/2023 18:29,Debit,Mesa,Branch,51,Retired,1,4835.91,11/4/2024 8:11
TX000988,AC00159,187.88,8/10/2023 16:39,Debit,Nashville,ATM,60,Engineer,1,2154.58,11/4/2024 8:10
TX000989,AC00035,471.88,10/30/2023 18:44,Credit,San Jose,Online,34,Doctor,1,14833.34,11/4/2024 8:07
TX000990,AC00463,83.79,10/12/2023 16:37,Debit,Nashville,ATM,57,Engineer,1,5061.3,11/4/2024 8:09
TX000991,AC00339,212.14,8/14/2023 17:28,Debit,Austin,Branch,72,Retired,1,7225.06,11/4/2024 8:08
TX000992,AC00239,99.16,2/28/2023 17:55,Debit,San Francisco,Online,79,Retired,1,2607.58,11/4/2024 8:10
TX000993,AC00090,839.33,5/2/2023 16:03,Credit,Louisville,Branch,60,Doctor,1,11538.97,11/4/2024 8:09
TX000994,AC00144,29.91,7/31/2023 16:26,Credit,Philadelphia,Online,76,Retired,3,2834.84,11/4/2024 8:08
TX000995,AC00488,4.24,4/17/2023 16:46,Debit,San Diego,Online,38,Engineer,1,7822.73,11/4/2024 8:07
TX000996,AC00039,50.29,9/18/2023 16:13,Credit,Raleigh,Online,58,Doctor,1,7604.9,11/4/2024 8:07
TX000997,AC00475,135.85,8/3/2023 17:25,Debit,Fresno,Online,57,Retired,1,1480.39,11/4/2024 8:08
TX000998,AC00368,368.53,4/3/2023 16:09,Debit,Raleigh,Branch,68,Doctor,1,13696.31,11/4/2024 8:06
TX000999,AC00339,17.95,6/5/2023 17:22,Credit,Sacramento,Branch,64,Doctor,1,12344.9,11/4/2024 8:09
TX001000,AC00297,127.8,3/2/2023 16:05,Credit,Virginia Beach,Branch,31,Engineer,1,8630.99,11/4/2024 8:07
TX001001,AC00345,16.73,2/22/2023 17:39,Debit,Houston,Online,45,Engineer,1,2202.62,11/4/2024 8:09
TX001002,AC00458,317.12,12/11/2023 16:03,Debit,Fort Worth,Branch,44,Doctor,1,14409.74,11/4/2024 8:08
TX001003,AC00062,476.63,7/25/2023 17:17,Debit,Charlotte,ATM,79,Retired,1,4894.25,11/4/2024 8:09
TX001004,AC00070,156.58,9/18/2023 16:03,Debit,Portland,Branch,24,Student,1,8981.61,11/4/2024 8:09
TX001005,AC00183,55.12,9/18/2023 16:19,Credit,Houston,Online,34,Engineer,1,3791.99,11/4/2024 8:11
TX001006,AC00190,15.74,1/9/2023 16:05,Debit,Denver,Branch,27,Student,1,690.16,11/4/2024 8:10
TX001007,AC00255,353.68,11/6/2023 16:32,Debit,Las Vegas,Online,70,Retired,1,6777.12,11/4/2024 8:08
TX001008,AC00311,297.15,10/12/2023 18:11,Debit,Phoenix,Online,76,Retired,1,5449.37,11/4/2024 8:10
TX001009,AC00075,647.85,12/4/2023 16:31,Debit,Omaha,Branch,36,Doctor,1,13779.97,11/4/2024 8:09
TX001010,AC00013,75.04,7/27/2023 17:04,Debit,El Paso,ATM,49,Engineer,1,9648.6,11/4/2024 8:07
TX001011,AC00247,273.92,5/8/2023 17:54,Debit,Virginia Beach,Online,28,Student,1,1029.15,11/4/2024 8:09
TX001012,AC00329,215.8,5/18/2023 16:03,Credit,Jacksonville,Branch,51,Retired,1,3656.62,11/4/2024 8:08
TX001013,AC00257,963.77,7/11/2023 16:45,Debit,Louisville,ATM,41,Engineer,1,6710.51,11/4/2024 8:10
TX001014,AC00414,420.6,4/17/2023 16:10,Debit,Louisville,Branch,26,Student,1,1778.75,11/4/2024 8:09
TX001015,AC00011,688.36,6/30/2023 16:31,Credit,Memphis,Branch,23,Student,1,5191.13,11/4/2024 8:11
TX001016,AC00416,285.18,3/8/2023 16:39,Credit,Sacramento,Branch,55,Doctor,1,14847.97,11/4/2024 8:09
TX001017,AC00174,213.55,3/30/2023 16:00,Debit,Boston,ATM,63,Doctor,1,5238.37,11/4/2024 8:07
TX001018,AC00218,463.11,9/26/2023 16:50,Credit,Las Vegas,Branch,51,Doctor,1,10238.82,11/4/2024 8:07
TX001019,AC00323,150.03,7/10/2023 16:17,Debit,Columbus,ATM,73,Retired,1,7491.42,11/4/2024 8:11
TX001020,AC00209,428.61,10/9/2023 16:00,Debit,Fresno,Branch,51,Retired,1,2116.36,11/4/2024 8:07
TX001021,AC00337,309.56,6/5/2023 17:29,Debit,Charlotte,Online,58,Doctor,1,972.04,11/4/2024 8:09
TX001022,AC00083,377.08,2/15/2023 17:33,Credit,Mesa,Branch,26,Student,1,6430.86,11/4/2024 8:10
TX001023,AC00246,77.25,12/22/2023 17:49,Debit,Virginia Beach,Branch,68,Doctor,1,14077.97,11/4/2024 8:07
TX001024,AC00194,146.92,9/8/2023 16:28,Debit,Portland,ATM,64,Retired,1,3990.6,11/4/2024 8:07
TX001025,AC00361,126.6,5/26/2023 16:00,Debit,San Antonio,Branch,22,Student,1,961.65,11/4/2024 8:08
TX001026,AC00214,101.34,3/3/2023 17:49,Debit,Boston,ATM,24,Student,1,703.26,11/4/2024 8:10
TX001027,AC00204,184.97,6/26/2023 16:46,Debit,Denver,Branch,58,Doctor,1,1156.67,11/4/2024 8:11
TX001028,AC00394,451.15,2/27/2023 16:47,Debit,Colorado Springs,ATM,46,Engineer,1,1356.47,11/4/2024 8:10
TX001029,AC00002,516.47,12/21/2023 17:00,Credit,Charlotte,ATM,25,Student,1,1305.06,11/4/2024 8:09
TX001030,AC00337,880.04,10/30/2023 18:58,Debit,Sacramento,ATM,25,Student,1,261.97,11/4/2024 8:07
TX001031,AC00184,353.69,8/22/2023 16:49,Debit,San Jose,Online,59,Engineer,1,9500.79,11/4/2024 8:08
TX001032,AC00258,66.69,11/1/2023 16:03,Credit,San Antonio,Branch,25,Student,1,1210.33,11/4/2024 8:07
TX001033,AC00164,95.75,7/12/2023 16:54,Debit,Los Angeles,Branch,31,Engineer,1,337.62,11/4/2024 8:07
TX001034,AC00032,43.91,8/17/2023 18:31,Debit,Albuquerque,Online,27,Student,1,1806.68,11/4/2024 8:12
TX001035,AC00092,98.03,12/18/2023 18:41,Debit,El Paso,Branch,54,Engineer,1,6323.45,11/4/2024 8:08
TX001036,AC00485,617.66,2/16/2023 17:05,Debit,Boston,ATM,42,Engineer,1,7155.95,11/4/2024 8:08
TX001037,AC00067,888.57,6/13/2023 16:24,Debit,San Antonio,Online,62,Retired,1,7896.14,11/4/2024 8:10
TX001038,AC00005,107.48,12/4/2023 18:01,Debit,Omaha,Branch,22,Student,1,591.23,11/4/2024 8:08
TX001039,AC00291,36.57,8/7/2023 16:49,Debit,Omaha,ATM,62,Retired,1,2583.07,11/4/2024 8:07
TX001040,AC00284,575.62,6/12/2023 18:30,Debit,Oklahoma City,Online,43,Doctor,1,234.41,11/4/2024 8:11
TX001041,AC00024,84.89,5/22/2023 17:27,Debit,San Jose,ATM,37,Engineer,1,4735.61,11/4/2024 8:12
TX001042,AC00310,832.3,7/12/2023 16:55,Credit,Austin,Branch,69,Retired,1,6617.52,11/4/2024 8:06
TX001043,AC00246,180.65,12/4/2023 17:54,Debit,Charlotte,Branch,22,Student,5,816.01,11/4/2024 8:09
TX001044,AC00463,7.76,3/27/2023 17:16,Credit,Las Vegas,Online,52,Retired,1,7393.11,11/4/2024 8:12
TX001045,AC00318,109.3,8/2/2023 16:52,Debit,Fort Worth,Branch,56,Doctor,1,13510.11,11/4/2024 8:06
TX001046,AC00474,230.08,5/1/2023 16:23,Debit,Austin,Online,79,Retired,1,4466.1,11/4/2024 8:11
TX001047,AC00192,361.92,2/20/2023 16:08,Debit,Detroit,ATM,54,Retired,1,7474.31,11/4/2024 8:10
TX001048,AC00100,71.29,2/2/2023 17:02,Debit,Chicago,ATM,68,Retired,2,7225.63,11/4/2024 8:07
TX001049,AC00407,122.45,1/16/2023 16:50,Debit,New York,Branch,46,Doctor,1,7255.49,11/4/2024 8:07
TX001050,AC00276,642.53,8/14/2023 16:36,Debit,Mesa,ATM,65,Doctor,1,11417.91,11/4/2024 8:12
TX001051,AC00420,62.86,5/8/2023 16:24,Debit,Houston,Branch,25,Student,1,1040.43,11/4/2024 8:10
TX001052,AC00228,175.21,12/21/2023 18:44,Credit,Mesa,ATM,69,Doctor,1,6039.04,11/4/2024 8:08
TX001053,AC00022,168,8/24/2023 16:01,Credit,Tucson,Branch,32,Engineer,1,3498.58,11/4/2024 8:12
TX001054,AC00052,11.46,10/9/2023 16:50,Debit,Chicago,Online,67,Retired,1,6628.75,11/4/2024 8:07
TX001055,AC00151,382.07,6/5/2023 17:48,Credit,Omaha,Branch,62,Doctor,1,10156.09,11/4/2024 8:08
TX001056,AC00317,13.48,9/20/2023 17:49,Debit,Las Vegas,Online,18,Student,3,521.88,11/4/2024 8:10
TX001057,AC00348,65.32,11/2/2023 16:15,Debit,Mesa,ATM,28,Student,1,9165.02,11/4/2024 8:11
TX001058,AC00191,83.07,1/6/2023 16:13,Debit,Miami,Branch,27,Engineer,4,6704.76,11/4/2024 8:10
TX001059,AC00120,730.1,7/25/2023 18:04,Credit,Chicago,Branch,77,Retired,1,6384.05,11/4/2024 8:06
TX001060,AC00487,85.31,12/11/2023 16:06,Debit,Kansas City,ATM,62,Retired,1,6095.65,11/4/2024 8:08
TX001061,AC00173,726.61,11/3/2023 16:31,Debit,Phoenix,ATM,18,Student,1,1008.76,11/4/2024 8:10
TX001062,AC00089,130.4,4/3/2023 16:31,Debit,Raleigh,Branch,45,Engineer,1,4381.24,11/4/2024 8:09
TX001063,AC00456,68.1,1/2/2023 16:00,Debit,Milwaukee,ATM,20,Student,1,1382.8,11/4/2024 8:10
TX001064,AC00025,65.26,12/8/2023 17:05,Debit,Sacramento,Branch,26,Student,1,7380.63,11/4/2024 8:10
TX001065,AC00158,191.62,7/28/2023 17:19,Debit,Jacksonville,Branch,63,Doctor,1,1981.67,11/4/2024 8:07
TX001066,AC00041,212.88,5/19/2023 18:44,Debit,Fresno,Online,39,Doctor,1,7036.72,11/4/2024 8:11
TX001067,AC00458,88.38,1/17/2023 16:10,Debit,Virginia Beach,ATM,30,Engineer,1,3707.82,11/4/2024 8:08
TX001068,AC00248,48.77,6/15/2023 17:49,Credit,Austin,Online,42,Engineer,1,2040.16,11/4/2024 8:08
TX001069,AC00356,289.1,7/11/2023 16:08,Debit,Baltimore,ATM,27,Student,1,267.53,11/4/2024 8:09
TX001070,AC00065,390.09,10/9/2023 16:52,Debit,El Paso,Online,26,Engineer,1,2617.23,11/4/2024 8:10
TX001071,AC00249,48.29,9/25/2023 17:58,Debit,San Diego,Online,37,Engineer,1,8883.4,11/4/2024 8:07
TX001072,AC00497,333.83,7/31/2023 17:46,Debit,Fresno,ATM,63,Retired,1,1660.66,11/4/2024 8:11
TX001073,AC00045,1074.29,1/5/2023 16:43,Debit,Portland,Branch,67,Retired,1,2011.6,11/4/2024 8:11
TX001074,AC00442,100.27,7/10/2023 17:25,Debit,Miami,Online,79,Retired,1,4309.9,11/4/2024 8:10
TX001075,AC00248,44.54,10/16/2023 16:23,Debit,San Antonio,ATM,31,Engineer,1,362.4,11/4/2024 8:07
TX001076,AC00078,1156.18,9/21/2023 16:11,Credit,Phoenix,Online,52,Doctor,1,836.69,11/4/2024 8:11
TX001077,AC00345,82.17,12/18/2023 18:25,Debit,Fort Worth,Branch,28,Student,1,1913.06,11/4/2024 8:09
TX001078,AC00331,1045.45,10/30/2023 16:45,Debit,Baltimore,Online,19,Student,1,563.46,11/4/2024 8:11
TX001079,AC00332,447.42,12/18/2023 16:32,Debit,Charlotte,Online,32,Engineer,1,6133.22,11/4/2024 8:08
TX001080,AC00448,590.26,6/19/2023 16:20,Credit,Austin,Branch,25,Student,1,1068.28,11/4/2024 8:08
TX001081,AC00102,192.73,10/16/2023 16:51,Debit,Milwaukee,Branch,71,Retired,1,2037.75,11/4/2024 8:11
TX001082,AC00200,146.01,4/25/2023 16:28,Debit,San Francisco,Online,26,Student,1,221.79,11/4/2024 8:09
TX001083,AC00200,136.05,1/23/2023 16:19,Debit,Atlanta,Online,24,Student,3,1127.54,11/4/2024 8:12
TX001084,AC00086,11.57,12/20/2023 16:17,Credit,New York,Branch,56,Retired,1,2061.61,11/4/2024 8:10
TX001085,AC00139,102.34,5/18/2023 16:19,Debit,San Antonio,Online,51,Doctor,1,9326.28,11/4/2024 8:09
TX001086,AC00154,7.82,1/9/2023 17:56,Debit,Boston,ATM,36,Engineer,1,2240.49,11/4/2024 8:09
TX001087,AC00403,79.43,7/24/2023 17:30,Debit,Dallas,ATM,74,Retired,1,6579.37,11/4/2024 8:07
TX001088,AC00330,386.97,1/31/2023 16:51,Debit,Raleigh,Branch,58,Retired,1,1876.35,11/4/2024 8:06
TX001089,AC00362,51.22,6/29/2023 16:11,Debit,Fresno,Branch,23,Student,1,1664.59,11/4/2024 8:10
TX001090,AC00423,256.05,6/7/2023 16:26,Debit,Nashville,ATM,54,Retired,1,6910.18,11/4/2024 8:11
TX001091,AC00286,7.79,6/16/2023 17:33,Debit,Los Angeles,Branch,34,Doctor,1,1319.85,11/4/2024 8:09
TX001092,AC00332,233.71,10/3/2023 17:06,Debit,Louisville,Branch,63,Doctor,1,6095.5,11/4/2024 8:08
TX001093,AC00080,176.37,1/16/2023 16:38,Debit,Boston,Branch,55,Retired,1,2420.86,11/4/2024 8:07
TX001094,AC00150,122.63,4/20/2023 18:39,Debit,Milwaukee,Branch,21,Student,1,359.06,11/4/2024 8:10
TX001095,AC00441,86.41,3/27/2023 17:54,Debit,Fresno,ATM,75,Retired,1,3128.71,11/4/2024 8:11
TX001096,AC00196,21.57,10/26/2023 16:11,Debit,San Francisco,ATM,54,Retired,1,7587.48,11/4/2024 8:09
TX001097,AC00444,82.67,8/25/2023 16:40,Debit,Milwaukee,Branch,26,Student,1,290.59,11/4/2024 8:07
TX001098,AC00295,451.35,9/5/2023 18:45,Credit,Baltimore,Branch,47,Engineer,1,7707.96,11/4/2024 8:07
TX001099,AC00157,299.42,12/4/2023 17:25,Credit,San Jose,Branch,63,Retired,1,4735.41,11/4/2024 8:09
TX001100,AC00456,543.47,8/14/2023 17:18,Debit,Los Angeles,ATM,18,Student,1,6165.03,11/4/2024 8:11
TX001101,AC00271,346.76,12/29/2023 16:32,Credit,San Jose,Branch,21,Student,1,1637.75,11/4/2024 8:09
TX001102,AC00462,47.48,2/20/2023 16:47,Debit,El Paso,Branch,24,Student,1,585.52,11/4/2024 8:08
TX001103,AC00310,64.92,5/19/2023 18:47,Debit,Atlanta,Branch,58,Engineer,1,5481.76,11/4/2024 8:11
TX001104,AC00189,350.72,8/2/2023 16:37,Credit,Fresno,ATM,28,Student,1,1982.9,11/4/2024 8:07
TX001105,AC00328,3.8,8/1/2023 16:13,Debit,Charlotte,Online,65,Doctor,1,5766.96,11/4/2024 8:12
TX001106,AC00057,22.54,8/29/2023 16:19,Debit,El Paso,Online,26,Engineer,1,7139.11,11/4/2024 8:10
TX001107,AC00360,767.14,8/29/2023 16:24,Credit,Mesa,Branch,62,Retired,1,4732.57,11/4/2024 8:08
TX001108,AC00209,167.47,12/1/2023 17:45,Debit,Sacramento,ATM,35,Engineer,1,2293.13,11/4/2024 8:12
TX001109,AC00390,43.65,10/30/2023 16:23,Credit,Charlotte,Branch,30,Engineer,1,2870.67,11/4/2024 8:11
TX001110,AC00061,391.08,4/28/2023 17:12,Debit,Fresno,Online,56,Retired,1,6885.16,11/4/2024 8:10
TX001111,AC00345,390.77,10/30/2023 16:02,Debit,Portland,Online,44,Doctor,1,5500.56,11/4/2024 8:09
TX001112,AC00254,508.16,3/28/2023 18:19,Debit,Mesa,ATM,39,Engineer,1,5609.44,11/4/2024 8:09
TX001113,AC00271,36.76,4/10/2023 16:51,Credit,Philadelphia,Online,65,Retired,1,1228.93,11/4/2024 8:12
TX001114,AC00451,332.33,6/20/2023 17:05,Debit,Kansas City,ATM,27,Student,1,192.63,11/4/2024 8:11
TX001115,AC00061,362.09,2/27/2023 16:59,Debit,New York,Branch,32,Engineer,1,6590.28,11/4/2024 8:07
TX001116,AC00245,42.58,2/6/2023 16:32,Debit,San Jose,Online,30,Doctor,1,13485,11/4/2024 8:10
TX001117,AC00105,122.35,4/12/2023 17:50,Credit,Atlanta,Branch,53,Retired,1,6472.5,11/4/2024 8:09
TX001118,AC00122,248.66,2/3/2023 17:46,Debit,Chicago,Online,28,Engineer,1,2571.39,11/4/2024 8:11
TX001119,AC00202,461.25,8/28/2023 17:32,Credit,Sacramento,Online,54,Doctor,1,676.1,11/4/2024 8:09
TX001120,AC00423,61.77,9/28/2023 17:06,Debit,Charlotte,Branch,56,Doctor,1,12352.2,11/4/2024 8:11
TX001121,AC00362,268.92,8/14/2023 16:32,Debit,Chicago,Branch,29,Engineer,1,8765.38,11/4/2024 8:06
TX001122,AC00426,303.97,2/2/2023 16:55,Debit,Fort Worth,Online,24,Student,5,1590.88,11/4/2024 8:07
TX001123,AC00204,219.02,1/1/2024 16:30,Credit,San Diego,Online,54,Engineer,1,7375.73,11/4/2024 8:09
TX001124,AC00369,125.14,8/28/2023 17:19,Debit,Baltimore,Branch,20,Student,1,1845.18,11/4/2024 8:10
TX001125,AC00365,47.6,2/23/2023 18:42,Debit,Austin,Online,53,Engineer,1,1382.51,11/4/2024 8:08
TX001126,AC00063,592.82,9/14/2023 17:25,Debit,Memphis,Online,74,Retired,1,7508.98,11/4/2024 8:12
TX001127,AC00455,372.5,10/16/2023 18:15,Debit,Nashville,ATM,22,Student,1,3901.82,11/4/2024 8:10
TX001128,AC00415,4.72,4/17/2023 16:03,Debit,Fort Worth,Branch,32,Engineer,1,4792.01,11/4/2024 8:09
TX001129,AC00279,144.93,5/16/2023 16:32,Debit,Fresno,Branch,42,Engineer,1,6887.52,11/4/2024 8:09
TX001130,AC00262,316.56,8/29/2023 18:30,Debit,Denver,Online,28,Engineer,1,8643.51,11/4/2024 8:09
TX001131,AC00306,9.18,7/6/2023 18:10,Debit,San Francisco,Online,22,Student,1,887.32,11/4/2024 8:09
TX001132,AC00164,421.25,1/5/2023 16:13,Debit,Fort Worth,Online,25,Student,1,7174.69,11/4/2024 8:07
TX001133,AC00236,185.71,8/7/2023 16:15,Debit,Virginia Beach,Branch,48,Engineer,1,2679.91,11/4/2024 8:09
TX001134,AC00095,1432.02,9/8/2023 17:50,Debit,Louisville,Branch,60,Retired,1,4315.07,11/4/2024 8:09
TX001135,AC00016,26.27,3/17/2023 16:22,Credit,Portland,Online,45,Engineer,1,8853.93,11/4/2024 8:10
TX001136,AC00386,297.03,9/8/2023 17:08,Debit,Austin,Online,61,Retired,1,1088.62,11/4/2024 8:10
TX001137,AC00032,341.67,3/6/2023 16:45,Debit,Omaha,Branch,53,Retired,5,1442.29,11/4/2024 8:09
TX001138,AC00152,99.52,4/10/2023 17:49,Debit,San Diego,ATM,52,Engineer,1,3798.09,11/4/2024 8:11
TX001139,AC00020,881.1,11/13/2023 16:46,Debit,Phoenix,Branch,28,Student,1,9951.68,11/4/2024 8:08
TX001140,AC00360,139.69,6/15/2023 17:22,Debit,Indianapolis,Online,52,Engineer,1,9567.94,11/4/2024 8:07
TX001141,AC00286,42.72,8/17/2023 16:55,Debit,Nashville,ATM,37,Engineer,1,2669.66,11/4/2024 8:06
TX001142,AC00241,112.72,3/27/2023 16:34,Debit,Washington,Branch,31,Doctor,1,9630,11/4/2024 8:12
TX001143,AC00331,568.88,2/10/2023 16:28,Debit,Nashville,Branch,19,Student,1,1307.86,11/4/2024 8:08
TX001144,AC00258,189.03,4/20/2023 17:54,Debit,Oklahoma City,ATM,28,Student,1,1916.46,11/4/2024 8:09
TX001145,AC00040,199.8,7/24/2023 16:18,Debit,Detroit,ATM,20,Student,1,167.28,11/4/2024 8:11
TX001146,AC00143,189.08,3/13/2023 16:13,Debit,Miami,Branch,68,Doctor,1,10790.8,11/4/2024 8:08
TX001147,AC00068,958.9,7/4/2023 16:30,Debit,Memphis,Branch,31,Engineer,1,9977.49,11/4/2024 8:06
TX001148,AC00052,409.59,3/20/2023 16:08,Debit,Albuquerque,Online,35,Doctor,1,14563.02,11/4/2024 8:11
TX001149,AC00352,349.34,1/9/2023 16:53,Credit,Indianapolis,ATM,28,Student,1,614.14,11/4/2024 8:10
TX001150,AC00254,283.15,8/11/2023 16:31,Debit,Baltimore,Online,24,Student,1,603.79,11/4/2024 8:11
TX001151,AC00100,151.82,7/17/2023 16:32,Debit,Chicago,ATM,51,Retired,1,2197.12,11/4/2024 8:11
TX001152,AC00412,438.59,10/30/2023 17:48,Debit,San Jose,Online,37,Engineer,1,8994.39,11/4/2024 8:09
TX001153,AC00012,590.57,6/28/2023 16:07,Debit,Milwaukee,ATM,79,Retired,1,3224.6,11/4/2024 8:07
TX001154,AC00353,63.74,9/12/2023 17:50,Debit,Chicago,Online,63,Retired,1,4336.4,11/4/2024 8:08
TX001155,AC00445,77.02,8/17/2023 16:18,Credit,Miami,Online,59,Doctor,1,800.83,11/4/2024 8:07
TX001156,AC00281,501.15,8/21/2023 18:07,Debit,Phoenix,Branch,47,Engineer,1,8821.84,11/4/2024 8:11
TX001157,AC00211,917.81,8/30/2023 18:38,Debit,Kansas City,ATM,64,Retired,2,3173.17,11/4/2024 8:09
TX001158,AC00379,8.95,10/4/2023 16:01,Debit,Oklahoma City,Online,76,Retired,1,3299.84,11/4/2024 8:09
TX001159,AC00108,173.6,11/28/2023 16:38,Debit,Austin,Online,21,Student,1,421.44,11/4/2024 8:09
TX001160,AC00243,149.4,5/2/2023 16:30,Debit,Chicago,ATM,53,Retired,1,1035.22,11/4/2024 8:10
TX001161,AC00032,388.21,12/19/2023 16:39,Credit,Columbus,Branch,53,Doctor,1,9724.49,11/4/2024 8:08
TX001162,AC00460,484.3,10/17/2023 17:46,Credit,Boston,Online,61,Retired,3,7910.3,11/4/2024 8:11
TX001163,AC00459,126.04,6/19/2023 16:38,Credit,Charlotte,Branch,65,Retired,1,6041.69,11/4/2024 8:08
TX001164,AC00309,52.04,7/27/2023 16:28,Credit,Colorado Springs,Branch,50,Doctor,1,8436.12,11/4/2024 8:07
TX001165,AC00109,389.7,3/10/2023 16:40,Credit,Austin,Branch,62,Doctor,1,7125.15,11/4/2024 8:10
TX001166,AC00393,161.1,4/10/2023 17:28,Credit,Miami,ATM,19,Student,1,239.12,11/4/2024 8:10
TX001167,AC00175,309.77,5/8/2023 16:31,Credit,San Antonio,Online,67,Retired,1,4378.14,11/4/2024 8:06
TX001168,AC00010,838.57,6/26/2023 16:08,Debit,Phoenix,ATM,41,Doctor,1,14576.47,11/4/2024 8:11
TX001169,AC00120,202.55,11/14/2023 18:49,Debit,Dallas,ATM,21,Student,2,701.73,11/4/2024 8:09
TX001170,AC00477,724.18,2/6/2023 16:07,Debit,Fort Worth,Branch,41,Doctor,1,10922.78,11/4/2024 8:08
TX001171,AC00410,124.98,2/21/2023 16:52,Debit,Washington,ATM,24,Student,1,642,11/4/2024 8:08
TX001172,AC00044,487.32,10/19/2023 18:11,Debit,Kansas City,Branch,52,Doctor,1,7707.96,11/4/2024 8:09
TX001173,AC00490,635.91,11/28/2023 16:55,Credit,Jacksonville,Branch,46,Doctor,1,13267.09,11/4/2024 8:10
TX001174,AC00342,205.65,7/13/2023 16:44,Debit,Houston,Branch,62,Retired,1,3582.16,11/4/2024 8:09
TX001175,AC00462,39.41,11/27/2023 16:27,Debit,Louisville,Branch,25,Student,1,921.91,11/4/2024 8:11
TX001176,AC00267,254,5/15/2023 17:33,Debit,Nashville,Branch,35,Doctor,1,5788.53,11/4/2024 8:08
TX001177,AC00363,436.8,11/16/2023 16:30,Debit,Houston,Branch,36,Engineer,1,4515.43,11/4/2024 8:06
TX001178,AC00211,224.73,2/9/2023 16:27,Debit,Miami,Branch,76,Retired,1,7551.89,11/4/2024 8:08
TX001179,AC00204,752.69,5/29/2023 18:55,Credit,Dallas,ATM,65,Doctor,1,14489.69,11/4/2024 8:09
TX001180,AC00456,78.5,2/14/2023 16:06,Credit,San Jose,Branch,31,Doctor,1,13991.5,11/4/2024 8:11
TX001181,AC00016,50,2/24/2023 18:05,Credit,Jacksonville,ATM,53,Doctor,1,185.87,11/4/2024 8:11
TX001182,AC00093,132.42,7/24/2023 16:22,Debit,Denver,ATM,18,Student,1,726.39,11/4/2024 8:11
TX001183,AC00401,11.67,11/13/2023 16:30,Debit,Fort Worth,Branch,76,Retired,1,7458.63,11/4/2024 8:10
TX001184,AC00366,83.16,8/16/2023 16:11,Debit,Los Angeles,ATM,61,Retired,1,3065.87,11/4/2024 8:08
TX001185,AC00107,149.02,9/1/2023 16:35,Credit,Fort Worth,Branch,46,Engineer,1,9379.72,11/4/2024 8:06
TX001186,AC00060,74.27,7/13/2023 17:17,Credit,Memphis,Online,59,Doctor,1,13696.61,11/4/2024 8:11
TX001187,AC00384,876.57,9/11/2023 16:16,Credit,Portland,ATM,62,Retired,1,3743.63,11/4/2024 8:06
TX001188,AC00483,615.58,9/25/2023 16:40,Debit,Jacksonville,ATM,42,Doctor,1,14343,11/4/2024 8:10
TX001189,AC00126,643.03,8/1/2023 16:23,Credit,Jacksonville,Online,36,Engineer,1,2882.16,11/4/2024 8:08
TX001190,AC00437,7.95,1/9/2023 16:45,Debit,Phoenix,ATM,79,Retired,1,5631.2,11/4/2024 8:10
TX001191,AC00382,270.92,4/21/2023 17:03,Credit,Louisville,Branch,77,Retired,1,4574.43,11/4/2024 8:06
TX001192,AC00339,499.48,1/17/2023 16:57,Debit,Charlotte,ATM,24,Student,1,1242.62,11/4/2024 8:08
TX001193,AC00498,841.5,5/22/2023 16:33,Credit,Atlanta,Branch,25,Student,1,352.31,11/4/2024 8:09
TX001194,AC00178,138.82,10/16/2023 16:12,Debit,Fort Worth,Online,77,Retired,1,3100.22,11/4/2024 8:11
TX001195,AC00201,231.46,6/8/2023 16:42,Credit,Miami,Branch,60,Engineer,1,4707.24,11/4/2024 8:08
TX001196,AC00124,292.08,12/29/2023 18:07,Debit,Columbus,ATM,72,Retired,1,7950.48,11/4/2024 8:09
TX001197,AC00404,63.98,10/30/2023 16:01,Debit,Baltimore,Online,54,Doctor,1,7954.12,11/4/2024 8:06
TX001198,AC00347,235.21,10/16/2023 16:44,Debit,Boston,Branch,67,Doctor,1,5946.61,11/4/2024 8:10
TX001199,AC00480,201.73,9/5/2023 18:45,Debit,Baltimore,Online,57,Engineer,1,6650.71,11/4/2024 8:12
TX001200,AC00303,161.31,9/11/2023 16:24,Debit,Nashville,ATM,28,Student,1,1268.67,11/4/2024 8:08
TX001201,AC00249,18.41,12/1/2023 17:26,Debit,Atlanta,Branch,53,Doctor,1,8287.54,11/4/2024 8:11
TX001202,AC00263,471.75,6/6/2023 18:31,Credit,San Jose,Branch,34,Doctor,1,12948.5,11/4/2024 8:10
TX001203,AC00108,290.02,9/25/2023 17:48,Debit,Milwaukee,Branch,55,Engineer,1,4746.71,11/4/2024 8:07
TX001204,AC00490,48.05,5/18/2023 17:34,Debit,New York,Branch,27,Engineer,1,5334.97,11/4/2024 8:09
TX001205,AC00411,359.42,5/29/2023 16:17,Debit,Baltimore,Branch,55,Doctor,1,1765.45,11/4/2024 8:06
TX001206,AC00087,32.91,5/4/2023 16:37,Debit,Fort Worth,Online,19,Student,1,427.3,11/4/2024 8:06
TX001207,AC00196,3.8,8/8/2023 16:47,Debit,Denver,Branch,67,Retired,1,6285.39,11/4/2024 8:08
TX001208,AC00267,31.81,4/6/2023 17:41,Debit,Fort Worth,Online,51,Retired,1,1406.6,11/4/2024 8:06
TX001209,AC00267,220.2,9/11/2023 16:25,Debit,Boston,Online,28,Student,1,1075.15,11/4/2024 8:11
TX001210,AC00125,476.03,9/1/2023 16:12,Credit,Houston,Branch,77,Retired,1,5958.34,11/4/2024 8:09
TX001211,AC00428,141.91,1/19/2023 17:08,Debit,Miami,Branch,23,Student,1,791.97,11/4/2024 8:09
TX001212,AC00477,95.83,12/1/2023 16:01,Debit,Washington,Online,27,Student,1,1726.4,11/4/2024 8:08
TX001213,AC00417,51.15,3/1/2023 17:26,Credit,Los Angeles,Branch,46,Engineer,1,8992.25,11/4/2024 8:10
TX001214,AC00170,1192.2,12/21/2023 16:21,Credit,Jacksonville,Branch,60,Retired,5,7816.41,11/4/2024 8:09
TX001215,AC00147,50.75,8/14/2023 18:14,Debit,Boston,ATM,62,Doctor,1,8271.47,11/4/2024 8:07
TX001216,AC00097,185.07,12/19/2023 16:57,Debit,Colorado Springs,Branch,22,Student,1,636.42,11/4/2024 8:07
TX001217,AC00433,293.54,1/16/2023 17:26,Debit,Sacramento,Online,40,Engineer,1,2290.1,11/4/2024 8:08
TX001218,AC00381,23.38,9/25/2023 18:46,Debit,Memphis,Branch,32,Engineer,1,9968.49,11/4/2024 8:09
TX001219,AC00398,285.26,11/1/2023 16:09,Debit,Atlanta,ATM,28,Student,1,167.72,11/4/2024 8:11
TX001220,AC00029,129.48,2/6/2023 16:30,Debit,Seattle,ATM,31,Engineer,1,7581.7,11/4/2024 8:10
TX001221,AC00291,743.03,7/27/2023 16:55,Debit,New York,ATM,50,Engineer,1,4111.38,11/4/2024 8:09
TX001222,AC00431,297.86,2/6/2023 17:32,Credit,Milwaukee,ATM,28,Student,1,1680.14,11/4/2024 8:11
TX001223,AC00275,231.92,7/10/2023 18:00,Debit,Indianapolis,ATM,66,Doctor,1,5715.08,11/4/2024 8:11
TX001224,AC00093,295.82,12/14/2023 16:15,Credit,Chicago,Branch,47,Engineer,1,5897.73,11/4/2024 8:07
TX001225,AC00442,302.86,7/3/2023 18:56,Debit,Los Angeles,Online,55,Doctor,1,5239.24,11/4/2024 8:12
TX001226,AC00465,81.08,9/19/2023 16:56,Debit,Omaha,ATM,58,Engineer,1,7788.91,11/4/2024 8:07
TX001227,AC00158,775.6,8/21/2023 17:43,Credit,Mesa,Branch,79,Retired,1,3898.64,11/4/2024 8:08
TX001228,AC00334,178.43,12/26/2023 18:13,Debit,Baltimore,Branch,26,Student,1,1214.93,11/4/2024 8:07
TX001229,AC00093,211.91,9/18/2023 16:51,Debit,Indianapolis,Online,20,Student,1,927.47,11/4/2024 8:08
TX001230,AC00229,17.21,12/25/2023 17:18,Debit,Omaha,Online,23,Student,1,914.16,11/4/2024 8:06
TX001231,AC00373,124.22,5/19/2023 17:57,Debit,Charlotte,ATM,23,Student,1,9695.04,11/4/2024 8:08
TX001232,AC00328,38.37,9/1/2023 16:07,Debit,San Antonio,ATM,63,Doctor,1,8647.04,11/4/2024 8:10
TX001233,AC00160,269.79,10/3/2023 16:15,Debit,San Jose,ATM,52,Engineer,1,1292.1,11/4/2024 8:07
TX001234,AC00014,605.42,6/13/2023 16:10,Debit,Mesa,ATM,21,Student,1,392.34,11/4/2024 8:09
TX001235,AC00090,11.19,1/2/2023 17:34,Debit,Austin,ATM,60,Engineer,1,9877.17,11/4/2024 8:12
TX001236,AC00053,29.19,1/25/2023 17:39,Credit,Nashville,Branch,58,Doctor,1,12059.85,11/4/2024 8:11
TX001237,AC00478,701.7,6/30/2023 16:57,Credit,Seattle,Online,61,Retired,1,6643.24,11/4/2024 8:09
TX001238,AC00356,862.34,5/25/2023 16:16,Debit,Kansas City,Branch,57,Doctor,1,9903.48,11/4/2024 8:12
TX001239,AC00244,410.97,9/25/2023 17:01,Debit,Los Angeles,ATM,22,Student,1,151.42,11/4/2024 8:11
TX001240,AC00103,36.97,8/23/2023 17:22,Debit,Virginia Beach,Branch,41,Engineer,1,2850.92,11/4/2024 8:07
TX001241,AC00053,137.59,1/3/2023 16:27,Debit,Nashville,ATM,30,Doctor,1,10679.67,11/4/2024 8:11
TX001242,AC00151,168.11,5/19/2023 16:44,Credit,New York,Online,51,Doctor,1,10652.13,11/4/2024 8:06
TX001243,AC00494,430.98,10/10/2023 18:14,Debit,Baltimore,Branch,24,Student,1,569.25,11/4/2024 8:11
TX001244,AC00219,13.87,12/11/2023 18:32,Debit,Phoenix,Branch,24,Student,1,954.83,11/4/2024 8:07
TX001245,AC00202,642.68,5/25/2023 16:45,Debit,Jacksonville,ATM,76,Retired,1,1831.2,11/4/2024 8:10
TX001246,AC00254,175.07,11/23/2023 16:59,Debit,Las Vegas,Online,28,Engineer,2,9274.64,11/4/2024 8:12
TX001247,AC00285,302.82,11/3/2023 16:50,Debit,Jacksonville,ATM,36,Engineer,1,9384.54,11/4/2024 8:07
TX001248,AC00071,1647.74,12/25/2023 17:41,Debit,Louisville,ATM,67,Retired,1,1483.84,11/4/2024 8:09
TX001249,AC00073,406.81,12/5/2023 16:32,Debit,New York,Online,66,Retired,1,1968.36,11/4/2024 8:08
TX001250,AC00383,256.3,4/5/2023 16:21,Debit,New York,Online,53,Retired,1,4203.05,11/4/2024 8:06
TX001251,AC00326,80.96,9/27/2023 17:47,Credit,Jacksonville,Online,19,Student,1,959.94,11/4/2024 8:06
TX001252,AC00153,95.78,3/23/2023 17:09,Debit,Atlanta,Online,22,Student,1,271.64,11/4/2024 8:09
TX001253,AC00460,379.54,1/3/2023 17:14,Credit,Indianapolis,Branch,41,Doctor,1,12571.76,11/4/2024 8:06
TX001254,AC00439,903.19,7/6/2023 17:52,Debit,El Paso,Online,22,Student,1,8627.08,11/4/2024 8:06
TX001255,AC00070,142.19,6/15/2023 18:28,Debit,Houston,Branch,18,Student,4,524.46,11/4/2024 8:09
TX001256,AC00086,847.45,6/19/2023 16:24,Debit,Jacksonville,Branch,28,Student,1,422.32,11/4/2024 8:09
TX001257,AC00330,295.18,5/9/2023 17:54,Credit,Dallas,Branch,66,Doctor,1,12961.53,11/4/2024 8:07
TX001258,AC00027,18.46,11/20/2023 16:29,Debit,Charlotte,Branch,68,Retired,1,6381.6,11/4/2024 8:10
TX001259,AC00020,603.23,8/24/2023 17:34,Debit,Detroit,Branch,28,Student,1,117.98,11/4/2024 8:08
TX001260,AC00232,54.5,11/22/2023 16:59,Credit,Philadelphia,Branch,57,Retired,1,1715.22,11/4/2024 8:08
TX001261,AC00247,414.77,1/1/2024 17:37,Debit,San Francisco,Online,29,Doctor,1,5599.81,11/4/2024 8:08
TX001262,AC00136,886.19,8/21/2023 17:32,Debit,Colorado Springs,Branch,61,Retired,1,7904.24,11/4/2024 8:08
TX001263,AC00322,440.03,11/29/2023 16:11,Debit,San Jose,Online,49,Engineer,1,1490.44,11/4/2024 8:10
TX001264,AC00461,35.46,3/23/2023 16:16,Debit,Nashville,ATM,56,Retired,1,1532.72,11/4/2024 8:07
TX001265,AC00079,76.39,1/13/2023 17:19,Debit,Denver,Branch,18,Student,1,5976,11/4/2024 8:10
TX001266,AC00176,595.91,8/10/2023 18:39,Credit,San Antonio,ATM,19,Student,1,1673.76,11/4/2024 8:10
TX001267,AC00417,6.03,8/9/2023 18:42,Debit,Chicago,Branch,76,Retired,1,3290.72,11/4/2024 8:09
TX001268,AC00260,249.34,8/15/2023 17:21,Debit,Charlotte,ATM,26,Engineer,1,3030.97,11/4/2024 8:07
TX001269,AC00471,421.52,8/15/2023 17:35,Debit,San Jose,Branch,20,Student,1,369.86,11/4/2024 8:10
TX001270,AC00231,189.77,2/27/2023 16:08,Debit,Raleigh,Branch,58,Engineer,1,6570.36,11/4/2024 8:11
TX001271,AC00184,73.19,10/18/2023 16:20,Debit,Atlanta,Branch,76,Retired,1,2264.98,11/4/2024 8:10
TX001272,AC00475,188.13,6/2/2023 18:12,Credit,Jacksonville,Online,75,Retired,1,5029.87,11/4/2024 8:10
TX001273,AC00329,30.52,5/19/2023 17:19,Debit,Jacksonville,Branch,62,Doctor,1,12327.74,11/4/2024 8:07
TX001274,AC00431,1235.69,5/24/2023 16:14,Credit,San Jose,Branch,20,Student,1,420.25,11/4/2024 8:09
TX001275,AC00398,1159.39,10/12/2023 16:29,Debit,Oklahoma City,Online,41,Doctor,1,6499.53,11/4/2024 8:06
TX001276,AC00221,170.24,6/5/2023 16:24,Debit,San Francisco,Branch,62,Retired,1,5172.99,11/4/2024 8:08
TX001277,AC00299,56.62,2/27/2023 17:59,Debit,Austin,Branch,54,Doctor,1,8981.1,11/4/2024 8:08
TX001278,AC00266,53.14,4/21/2023 17:19,Debit,Las Vegas,ATM,34,Doctor,1,7915,11/4/2024 8:07
TX001279,AC00297,587.23,7/31/2023 17:54,Debit,Omaha,Online,27,Student,1,500.84,11/4/2024 8:09
TX001280,AC00373,146.15,1/6/2023 17:52,Debit,Phoenix,Branch,43,Doctor,1,13784.4,11/4/2024 8:06
TX001281,AC00489,21.27,7/24/2023 17:01,Credit,Indianapolis,Online,62,Retired,1,7392.79,11/4/2024 8:09
TX001282,AC00128,1397.59,11/13/2023 17:28,Credit,Austin,ATM,26,Student,1,1134.79,11/4/2024 8:06
TX001283,AC00409,76.02,7/12/2023 16:58,Credit,Albuquerque,Online,34,Doctor,1,14765.41,11/4/2024 8:11
TX001284,AC00410,170.19,7/7/2023 17:40,Credit,Los Angeles,Branch,27,Student,5,745.87,11/4/2024 8:12
TX001285,AC00360,155.51,8/21/2023 18:51,Debit,Raleigh,ATM,68,Doctor,1,5360.19,11/4/2024 8:08
TX001286,AC00422,135.15,3/20/2023 17:13,Debit,Colorado Springs,Online,72,Retired,1,5878.14,11/4/2024 8:10
TX001287,AC00225,39.48,5/26/2023 16:47,Debit,Omaha,ATM,56,Retired,1,5889.51,11/4/2024 8:11
TX001288,AC00261,451.68,4/18/2023 18:55,Debit,Houston,Online,33,Engineer,1,4381.54,11/4/2024 8:09
TX001289,AC00468,19.11,9/18/2023 16:31,Credit,Colorado Springs,Online,49,Engineer,1,8478.46,11/4/2024 8:11
TX001290,AC00138,355,8/29/2023 16:50,Credit,Fort Worth,Online,26,Student,1,185.47,11/4/2024 8:10
TX001291,AC00013,427.69,3/28/2023 16:02,Debit,Raleigh,ATM,43,Engineer,1,2443.54,11/4/2024 8:11
TX001292,AC00275,254.86,1/26/2023 17:21,Debit,Boston,Branch,23,Student,1,699.9,11/4/2024 8:11
TX001293,AC00125,19.48,7/10/2023 16:01,Debit,Dallas,ATM,27,Engineer,1,4739.59,11/4/2024 8:08
TX001294,AC00200,190.17,6/9/2023 17:41,Debit,Baltimore,ATM,49,Doctor,1,12893.85,11/4/2024 8:08
TX001295,AC00213,91.38,4/3/2023 16:41,Debit,Jacksonville,ATM,65,Retired,1,2402.58,11/4/2024 8:06
TX001296,AC00035,206.63,12/7/2023 16:11,Credit,Oklahoma City,Online,59,Retired,1,7626.53,11/4/2024 8:10
TX001297,AC00070,93.22,4/7/2023 17:11,Debit,Charlotte,Online,52,Retired,1,1014.63,11/4/2024 8:09
TX001298,AC00275,547.98,10/24/2023 17:04,Debit,Oklahoma City,ATM,28,Student,1,1358.54,11/4/2024 8:09
TX001299,AC00060,641.06,12/11/2023 16:09,Debit,Colorado Springs,ATM,23,Student,1,1602.13,11/4/2024 8:07
TX001300,AC00304,314.55,4/25/2023 17:15,Credit,Dallas,Branch,27,Student,2,1105.89,11/4/2024 8:07
TX001301,AC00372,836.45,2/27/2023 16:02,Debit,Virginia Beach,Online,61,Retired,1,1731.89,11/4/2024 8:12
TX001302,AC00498,1095.09,4/17/2023 17:27,Debit,San Francisco,ATM,29,Engineer,1,8692.47,11/4/2024 8:11
TX001303,AC00465,189.45,3/21/2023 17:12,Credit,Boston,Branch,53,Doctor,1,12578.75,11/4/2024 8:09
TX001304,AC00396,91.84,7/5/2023 17:21,Credit,Mesa,Branch,67,Retired,1,1712.41,11/4/2024 8:08
TX001305,AC00083,609.52,7/28/2023 16:03,Debit,Washington,ATM,78,Retired,1,3485.03,11/4/2024 8:08
TX001306,AC00479,859.3,8/1/2023 17:18,Credit,Colorado Springs,Branch,78,Retired,1,1146.78,11/4/2024 8:06
TX001307,AC00091,100.01,6/29/2023 16:06,Debit,Philadelphia,ATM,50,Doctor,1,6393.12,11/4/2024 8:09
TX001308,AC00024,28.78,8/7/2023 16:08,Credit,Tucson,Online,40,Doctor,1,680.55,11/4/2024 8:11
TX001309,AC00366,111.08,5/15/2023 17:46,Debit,Chicago,Online,70,Doctor,1,7037.34,11/4/2024 8:10
TX001310,AC00470,470.96,3/10/2023 16:22,Credit,Indianapolis,Online,69,Doctor,2,12991.03,11/4/2024 8:11
TX001311,AC00032,52.23,9/11/2023 18:08,Credit,San Francisco,Branch,28,Student,1,105.01,11/4/2024 8:08
TX001312,AC00136,78.62,7/31/2023 16:46,Debit,Oklahoma City,Branch,32,Doctor,1,1360.85,11/4/2024 8:08
TX001313,AC00001,47.79,9/15/2023 17:00,Debit,Denver,Branch,25,Student,1,1649.92,11/4/2024 8:11
TX001314,AC00187,333.97,3/22/2023 16:18,Debit,Fresno,Branch,52,Doctor,1,5237.36,11/4/2024 8:11
TX001315,AC00452,30.87,7/12/2023 16:50,Debit,Fresno,ATM,33,Doctor,1,14348.65,11/4/2024 8:10
TX001316,AC00036,710.43,3/8/2023 17:07,Debit,San Diego,Online,67,Retired,1,5625.55,11/4/2024 8:08
TX001317,AC00125,220.23,9/18/2023 18:35,Debit,Milwaukee,ATM,41,Engineer,1,3438.02,11/4/2024 8:06
TX001318,AC00403,27.28,12/25/2023 16:30,Debit,Atlanta,ATM,29,Doctor,1,10668.24,11/4/2024 8:09
TX001319,AC00264,101.52,8/9/2023 16:22,Debit,Tucson,ATM,49,Engineer,1,2018.9,11/4/2024 8:08
TX001320,AC00123,162.65,5/11/2023 17:15,Debit,New York,ATM,59,Engineer,1,9500.95,11/4/2024 8:11
TX001321,AC00298,10.52,7/19/2023 17:38,Debit,Kansas City,ATM,55,Retired,1,2472.99,11/4/2024 8:11
TX001322,AC00235,270.72,3/27/2023 17:25,Debit,Los Angeles,Branch,38,Doctor,1,6522.47,11/4/2024 8:12
TX001323,AC00259,202.34,1/10/2023 16:32,Debit,New York,Online,20,Student,1,1223.45,11/4/2024 8:11
TX001324,AC00329,247.58,5/29/2023 18:40,Debit,San Antonio,ATM,39,Engineer,1,778.74,11/4/2024 8:07
TX001325,AC00482,686.17,10/3/2023 17:27,Debit,Denver,ATM,61,Retired,1,2246.15,11/4/2024 8:07
TX001326,AC00020,359.65,1/12/2023 17:58,Credit,Jacksonville,Online,25,Student,1,219.53,11/4/2024 8:09
TX001327,AC00453,109.91,5/1/2023 16:23,Debit,Seattle,Branch,38,Doctor,1,12896.06,11/4/2024 8:10
TX001328,AC00367,215.72,10/11/2023 18:04,Credit,Columbus,Branch,30,Engineer,1,8697.11,11/4/2024 8:11
TX001329,AC00167,490.76,1/19/2023 16:28,Debit,Columbus,Online,66,Retired,1,6414.11,11/4/2024 8:09
TX001330,AC00110,224.28,2/15/2023 16:50,Debit,Chicago,Online,64,Retired,1,5767.51,11/4/2024 8:10
TX001331,AC00078,614.03,5/8/2023 16:37,Debit,Dallas,ATM,68,Retired,1,2815.86,11/4/2024 8:08
TX001332,AC00212,608.79,11/3/2023 18:37,Debit,Fort Worth,Online,55,Engineer,1,2991.17,11/4/2024 8:12
TX001333,AC00051,186.55,6/21/2023 16:49,Debit,Philadelphia,Branch,48,Engineer,1,224.65,11/4/2024 8:07
TX001334,AC00250,840.16,3/20/2023 16:35,Credit,Colorado Springs,Branch,20,Student,1,1236.76,11/4/2024 8:12
TX001335,AC00304,203.34,12/20/2023 17:13,Debit,Phoenix,ATM,60,Doctor,1,13586.99,11/4/2024 8:09
TX001336,AC00007,90.88,11/20/2023 17:08,Debit,Colorado Springs,ATM,26,Engineer,1,7117.35,11/4/2024 8:10
TX001337,AC00017,60.11,11/27/2023 17:39,Credit,Albuquerque,Branch,61,Retired,1,7235.87,11/4/2024 8:08
TX001338,AC00158,393.92,5/16/2023 16:57,Debit,Memphis,Branch,72,Retired,1,7318.64,11/4/2024 8:12
TX001339,AC00110,19.39,11/17/2023 16:39,Debit,Colorado Springs,ATM,43,Doctor,1,9847.6,11/4/2024 8:11
TX001340,AC00175,557.41,4/14/2023 16:52,Credit,Washington,Online,80,Retired,1,2968.75,11/4/2024 8:09
TX001341,AC00079,57.07,8/25/2023 16:30,Credit,Boston,Online,31,Doctor,1,9323.71,11/4/2024 8:11
TX001342,AC00403,395.27,8/7/2023 16:38,Credit,Miami,Online,18,Student,1,1764.08,11/4/2024 8:08
TX001343,AC00228,289.05,6/9/2023 17:58,Debit,New York,ATM,75,Retired,1,5683.49,11/4/2024 8:11
TX001344,AC00344,46.11,3/27/2023 17:07,Debit,San Francisco,Online,33,Doctor,1,5225.73,11/4/2024 8:10
TX001345,AC00466,335.5,8/14/2023 16:01,Debit,Sacramento,ATM,63,Retired,1,6445.4,11/4/2024 8:12
TX001346,AC00204,388.07,9/5/2023 17:34,Debit,Seattle,Online,24,Student,1,289.71,11/4/2024 8:10
TX001347,AC00030,520.86,3/20/2023 16:29,Credit,Sacramento,Online,51,Engineer,1,9200.74,11/4/2024 8:08
TX001348,AC00455,787.41,6/19/2023 16:22,Debit,Memphis,Online,25,Student,1,300.87,11/4/2024 8:06
TX001349,AC00094,31.7,6/1/2023 16:56,Credit,Raleigh,ATM,48,Doctor,1,743.9,11/4/2024 8:08
TX001350,AC00185,22.3,5/1/2023 16:57,Debit,Philadelphia,ATM,21,Student,1,1200.35,11/4/2024 8:12
TX001351,AC00351,203.12,1/18/2023 16:59,Debit,San Jose,ATM,56,Retired,1,1562.39,11/4/2024 8:09
TX001352,AC00335,315.94,2/27/2023 17:06,Credit,Raleigh,Branch,49,Doctor,1,7719.71,11/4/2024 8:12
TX001353,AC00409,192.23,12/28/2023 16:34,Debit,Albuquerque,Online,54,Engineer,3,2610.67,11/4/2024 8:06
TX001354,AC00312,1510.71,6/15/2023 16:48,Debit,Oklahoma City,Online,66,Retired,1,2060.02,11/4/2024 8:09
TX001355,AC00097,0.26,11/23/2023 16:14,Debit,Oklahoma City,Online,20,Student,1,1833.67,11/4/2024 8:07
TX001356,AC00447,210.77,5/31/2023 16:50,Debit,Mesa,ATM,71,Retired,1,5396.65,11/4/2024 8:11
TX001357,AC00280,406.65,11/8/2023 18:32,Debit,Mesa,ATM,57,Doctor,1,12995.7,11/4/2024 8:11
TX001358,AC00023,422.9,2/27/2023 16:15,Debit,Tucson,ATM,40,Engineer,1,7616.43,11/4/2024 8:10
TX001359,AC00077,20.62,6/21/2023 17:10,Credit,Philadelphia,ATM,35,Doctor,1,12500.8,11/4/2024 8:08
TX001360,AC00113,174.39,1/9/2023 16:08,Debit,San Francisco,ATM,19,Student,1,1127.08,11/4/2024 8:11
TX001361,AC00391,7.86,10/16/2023 16:47,Credit,Sacramento,Branch,76,Retired,1,3621.98,11/4/2024 8:07
TX001362,AC00136,61.98,1/3/2023 18:18,Debit,Denver,Online,49,Engineer,1,5212.28,11/4/2024 8:08
TX001363,AC00204,54.85,9/5/2023 16:05,Credit,San Francisco,Branch,58,Retired,1,2727.45,11/4/2024 8:09
TX001364,AC00089,204.7,9/21/2023 16:08,Debit,Oklahoma City,Branch,49,Doctor,5,5117.03,11/4/2024 8:10
TX001365,AC00305,16.55,9/11/2023 17:05,Debit,Tucson,Branch,26,Engineer,1,6089.79,11/4/2024 8:08
TX001366,AC00338,91.32,11/10/2023 16:43,Debit,Milwaukee,Branch,58,Engineer,1,2618.1,11/4/2024 8:08
TX001367,AC00268,195.49,6/12/2023 16:34,Debit,Memphis,ATM,31,Doctor,1,11988.12,11/4/2024 8:08
TX001368,AC00363,49.62,12/7/2023 16:19,Debit,Portland,ATM,55,Engineer,1,3841.42,11/4/2024 8:07
TX001369,AC00316,487.16,1/2/2023 16:01,Credit,Los Angeles,Branch,28,Student,1,321.21,11/4/2024 8:12
TX001370,AC00167,405.6,8/8/2023 17:41,Debit,Tucson,Online,37,Engineer,1,9754.73,11/4/2024 8:09
TX001371,AC00405,512.95,10/16/2023 17:08,Debit,Columbus,Branch,57,Engineer,1,9584.52,11/4/2024 8:10
TX001372,AC00098,345.94,10/9/2023 17:32,Debit,Portland,ATM,31,Doctor,1,7624.56,11/4/2024 8:11
TX001373,AC00116,356.56,10/9/2023 17:23,Debit,New York,Online,47,Engineer,1,2485.73,11/4/2024 8:11
TX001374,AC00267,10.31,1/13/2023 16:23,Debit,Louisville,Online,36,Engineer,1,2137.9,11/4/2024 8:11
TX001375,AC00447,211.69,10/20/2023 16:02,Debit,Atlanta,Branch,30,Doctor,1,6412.85,11/4/2024 8:07
TX001376,AC00042,221.49,9/13/2023 18:11,Credit,Oklahoma City,Branch,23,Student,1,707.25,11/4/2024 8:11
TX001377,AC00074,278.23,5/4/2023 17:49,Debit,Fresno,Online,48,Engineer,1,8300.54,11/4/2024 8:09
TX001378,AC00063,116.88,10/4/2023 17:10,Debit,Memphis,ATM,45,Doctor,1,7717.34,11/4/2024 8:10
TX001379,AC00085,328.77,4/3/2023 17:59,Credit,San Diego,Online,39,Doctor,1,6967.03,11/4/2024 8:09
TX001380,AC00126,77.53,7/25/2023 18:00,Debit,Louisville,Branch,54,Retired,1,5158.6,11/4/2024 8:07
TX001381,AC00471,421.74,6/20/2023 17:07,Debit,San Jose,Online,67,Doctor,1,12031.14,11/4/2024 8:10
TX001382,AC00304,313.69,3/10/2023 16:35,Debit,Oklahoma City,Branch,73,Retired,1,7093.68,11/4/2024 8:10
TX001383,AC00242,411.72,6/20/2023 18:43,Debit,Washington,Branch,29,Doctor,1,8539.86,11/4/2024 8:11
TX001384,AC00261,508.73,7/14/2023 16:22,Debit,Chicago,Branch,59,Retired,1,7640.57,11/4/2024 8:09
TX001385,AC00338,153.08,11/27/2023 16:57,Debit,Omaha,ATM,24,Student,1,1292.21,11/4/2024 8:09
TX001386,AC00292,23.01,6/9/2023 18:33,Debit,Las Vegas,Branch,63,Retired,1,5958.75,11/4/2024 8:09
TX001387,AC00024,69.28,10/30/2023 16:36,Debit,Los Angeles,Online,25,Student,1,708.74,11/4/2024 8:11
TX001388,AC00441,51.25,8/29/2023 16:16,Credit,Austin,Branch,28,Student,1,1744.4,11/4/2024 8:11
TX001389,AC00412,407.65,8/7/2023 17:17,Debit,Denver,ATM,25,Student,1,273.78,11/4/2024 8:08
TX001390,AC00315,459.25,5/23/2023 16:44,Debit,Tucson,Branch,25,Student,1,130.76,11/4/2024 8:11
TX001391,AC00120,301.56,2/9/2023 17:46,Debit,Seattle,Branch,49,Doctor,1,10389.6,11/4/2024 8:10
TX001392,AC00462,17.67,6/27/2023 17:50,Debit,San Diego,Online,63,Doctor,1,1048.18,11/4/2024 8:10
TX001393,AC00481,5.29,3/13/2023 18:24,Credit,San Francisco,Online,32,Doctor,1,12896.68,11/4/2024 8:11
TX001394,AC00166,401.37,9/18/2023 16:18,Debit,Los Angeles,Branch,43,Engineer,1,8208.54,11/4/2024 8:11
TX001395,AC00438,145.4,7/6/2023 17:53,Debit,Tucson,Online,38,Engineer,1,5244.49,11/4/2024 8:09
TX001396,AC00090,556.34,10/19/2023 16:34,Debit,Seattle,Online,37,Doctor,1,11935.14,11/4/2024 8:07
TX001397,AC00041,34.31,4/28/2023 16:55,Debit,Philadelphia,ATM,24,Student,1,1484.76,11/4/2024 8:11
TX001398,AC00141,780.59,6/28/2023 17:58,Credit,Tucson,Online,23,Student,1,6513.34,11/4/2024 8:07
TX001399,AC00410,282.65,3/8/2023 17:42,Debit,Fort Worth,ATM,35,Doctor,1,13801.15,11/4/2024 8:08
TX001400,AC00362,305.27,9/27/2023 16:25,Debit,Las Vegas,Online,68,Doctor,1,12958.65,11/4/2024 8:09
TX001401,AC00315,185.81,9/20/2023 16:30,Debit,Austin,Online,32,Doctor,1,9588.71,11/4/2024 8:10
TX001402,AC00092,66.01,10/6/2023 18:39,Debit,Milwaukee,Online,49,Engineer,1,3475.99,11/4/2024 8:07
TX001403,AC00133,447.95,1/11/2023 17:27,Debit,Tucson,Branch,29,Engineer,1,7544.4,11/4/2024 8:09
TX001404,AC00069,279.3,6/22/2023 17:28,Debit,Oklahoma City,ATM,19,Student,1,1193.61,11/4/2024 8:07
TX001405,AC00498,26.75,5/8/2023 16:25,Debit,Indianapolis,Online,33,Doctor,1,12063.77,11/4/2024 8:07
TX001406,AC00006,611.15,8/11/2023 17:12,Debit,Detroit,ATM,27,Student,1,892.83,11/4/2024 8:09
TX001407,AC00104,275.2,8/24/2023 17:13,Debit,New York,Online,54,Engineer,1,1230.12,11/4/2024 8:09
TX001408,AC00311,427.79,2/21/2023 17:42,Debit,San Jose,Branch,18,Student,1,1479.67,11/4/2024 8:08
TX001409,AC00144,469.13,12/4/2023 17:53,Credit,San Antonio,ATM,54,Doctor,1,1265.28,11/4/2024 8:07
TX001410,AC00157,102.81,12/4/2023 16:23,Debit,Seattle,Branch,76,Retired,1,3228.87,11/4/2024 8:08
TX001411,AC00171,22.61,12/21/2023 17:56,Debit,Seattle,Online,19,Student,1,1111.67,11/4/2024 8:06
TX001412,AC00374,68.28,6/8/2023 18:54,Debit,Boston,Online,56,Engineer,1,3213.16,11/4/2024 8:08
TX001413,AC00219,33.65,9/18/2023 17:18,Credit,New York,Online,63,Doctor,1,12719.93,11/4/2024 8:07
TX001414,AC00405,362.68,1/16/2023 18:02,Credit,Miami,ATM,63,Retired,1,2040.77,11/4/2024 8:06
TX001415,AC00075,73.23,6/23/2023 16:41,Debit,San Francisco,Branch,20,Student,1,1309.85,11/4/2024 8:12
TX001416,AC00136,654.49,11/20/2023 16:31,Credit,Austin,Online,25,Student,1,164.61,11/4/2024 8:08
TX001417,AC00056,18.56,4/24/2023 17:04,Credit,Memphis,Branch,49,Engineer,1,4230.37,11/4/2024 8:07
TX001418,AC00368,389.05,1/6/2023 17:35,Debit,Dallas,ATM,27,Student,1,761,11/4/2024 8:11
TX001419,AC00261,7.38,3/15/2023 16:47,Debit,Houston,Online,67,Retired,1,2923.83,11/4/2024 8:10
TX001420,AC00090,109.48,6/26/2023 17:38,Debit,Baltimore,Online,61,Retired,1,7372.47,11/4/2024 8:07
TX001421,AC00297,66.91,1/30/2023 18:47,Debit,Seattle,ATM,39,Doctor,1,871.1,11/4/2024 8:10
TX001422,AC00144,335.48,3/2/2023 16:06,Debit,Oklahoma City,Branch,45,Engineer,1,3023.16,11/4/2024 8:06
TX001423,AC00207,38.14,12/28/2023 16:51,Debit,Albuquerque,Online,19,Student,1,1119.21,11/4/2024 8:09
TX001424,AC00443,1076.98,12/20/2023 18:12,Debit,Detroit,Branch,60,Doctor,1,11833.73,11/4/2024 8:09
TX001425,AC00179,360.02,2/9/2023 16:29,Debit,Dallas,Online,68,Retired,1,6400.59,11/4/2024 8:08
TX001426,AC00175,567.71,2/6/2023 18:39,Debit,Memphis,Online,63,Doctor,1,13884.24,11/4/2024 8:10
TX001427,AC00386,218.19,5/23/2023 16:29,Debit,Austin,ATM,19,Student,1,620.83,11/4/2024 8:10
TX001428,AC00067,209.99,9/7/2023 17:19,Debit,Denver,ATM,19,Student,1,1938.01,11/4/2024 8:11
TX001429,AC00369,11.02,11/13/2023 16:32,Debit,Tucson,Branch,19,Student,1,964.79,11/4/2024 8:06
TX001430,AC00257,83.43,5/30/2023 16:28,Debit,New York,Online,56,Retired,1,1870.16,11/4/2024 8:11
TX001431,AC00059,344.97,3/20/2023 17:30,Debit,Austin,Online,34,Doctor,1,5577.94,11/4/2024 8:09
TX001432,AC00341,172.29,1/30/2023 17:22,Debit,El Paso,ATM,36,Engineer,1,8700.8,11/4/2024 8:08
TX001433,AC00357,195.54,7/17/2023 16:05,Debit,Omaha,Online,60,Retired,1,2794.66,11/4/2024 8:09
TX001434,AC00455,101.23,8/4/2023 18:34,Debit,Colorado Springs,Online,45,Engineer,1,6169.71,11/4/2024 8:06
TX001435,AC00346,180.46,3/13/2023 16:26,Debit,Fresno,ATM,25,Student,1,831.75,11/4/2024 8:11
TX001436,AC00118,692.55,3/7/2023 16:51,Debit,Charlotte,Branch,53,Retired,1,2451.56,11/4/2024 8:12
TX001437,AC00275,147.31,6/12/2023 17:10,Credit,Mesa,Online,34,Doctor,1,13625.52,11/4/2024 8:07
TX001438,AC00028,107.48,2/7/2023 17:38,Debit,Los Angeles,Branch,20,Student,1,1379.39,11/4/2024 8:12
TX001439,AC00179,1831.02,9/15/2023 17:31,Credit,Columbus,Online,62,Doctor,1,11498.01,11/4/2024 8:10
TX001440,AC00090,81.51,8/10/2023 16:10,Debit,Washington,Branch,25,Student,1,865.49,11/4/2024 8:07
TX001441,AC00367,365.48,5/22/2023 17:59,Credit,Seattle,Online,76,Retired,1,7147.4,11/4/2024 8:10
TX001442,AC00441,491.1,6/5/2023 16:08,Credit,Houston,Online,35,Engineer,1,7833.85,11/4/2024 8:07
TX001443,AC00266,452.8,11/24/2023 16:45,Debit,Los Angeles,Branch,80,Retired,1,4840.67,11/4/2024 8:07
TX001444,AC00072,645.04,12/22/2023 17:08,Debit,Memphis,Branch,70,Retired,1,7361.47,11/4/2024 8:07
TX001445,AC00245,169.28,3/27/2023 18:08,Debit,Philadelphia,Branch,45,Doctor,1,5128.44,11/4/2024 8:11
TX001446,AC00119,88.42,10/18/2023 16:28,Debit,El Paso,ATM,62,Doctor,1,12381.45,11/4/2024 8:09
TX001447,AC00061,155.53,3/24/2023 17:04,Debit,Baltimore,ATM,29,Engineer,1,4008.05,11/4/2024 8:08
TX001448,AC00080,991.82,12/4/2023 16:16,Debit,Milwaukee,Online,43,Engineer,1,3493.13,11/4/2024 8:10
TX001449,AC00254,39.24,11/14/2023 18:33,Debit,Dallas,ATM,77,Retired,1,6462.41,11/4/2024 8:11
TX001450,AC00218,152.01,2/23/2023 16:41,Debit,Fort Worth,ATM,42,Engineer,3,4625.12,11/4/2024 8:11
TX001451,AC00268,78.77,5/8/2023 18:36,Credit,Las Vegas,ATM,48,Engineer,1,6470.57,11/4/2024 8:06
TX001452,AC00460,26.5,2/8/2023 16:42,Debit,Indianapolis,Online,48,Engineer,1,4854.83,11/4/2024 8:07
TX001453,AC00257,83.62,6/22/2023 17:18,Debit,Raleigh,ATM,48,Doctor,1,12652.22,11/4/2024 8:12
TX001454,AC00398,142.78,5/9/2023 16:40,Debit,San Diego,Branch,68,Doctor,1,11705.88,11/4/2024 8:12
TX001455,AC00162,55.99,11/13/2023 16:16,Debit,El Paso,ATM,35,Doctor,1,932.61,11/4/2024 8:07
TX001456,AC00015,774.48,3/6/2023 16:12,Debit,Louisville,Branch,61,Doctor,1,11613.58,11/4/2024 8:08
TX001457,AC00462,105.37,5/11/2023 18:31,Debit,Sacramento,ATM,25,Student,1,1068.55,11/4/2024 8:09
TX001458,AC00218,118.83,6/26/2023 16:10,Debit,Virginia Beach,Online,28,Student,1,1616.3,11/4/2024 8:08
TX001459,AC00217,46.22,11/13/2023 16:41,Debit,San Jose,Branch,23,Student,1,471.28,11/4/2024 8:08
TX001460,AC00460,659.71,5/5/2023 16:10,Credit,San Jose,Branch,21,Student,1,106.86,11/4/2024 8:09
TX001461,AC00068,377.97,11/17/2023 16:50,Debit,Miami,Online,72,Retired,1,2457.1,11/4/2024 8:11
TX001462,AC00214,114.1,5/22/2023 17:45,Debit,Boston,Branch,69,Retired,1,5882.12,11/4/2024 8:11
TX001463,AC00266,11.3,12/1/2023 16:33,Credit,Louisville,Online,55,Retired,1,1938.99,11/4/2024 8:09
TX001464,AC00193,95.5,5/22/2023 16:24,Debit,Omaha,Online,57,Retired,1,4079.09,11/4/2024 8:08
TX001465,AC00132,130.93,2/8/2023 16:52,Credit,Houston,Branch,28,Engineer,1,860.12,11/4/2024 8:11
TX001466,AC00241,272.97,4/17/2023 18:42,Debit,Boston,Online,68,Retired,1,7811.31,11/4/2024 8:10
TX001467,AC00015,73.35,3/13/2023 16:33,Debit,San Francisco,Branch,24,Student,1,1181.84,11/4/2024 8:09
TX001468,AC00352,29.94,10/13/2023 16:22,Debit,San Francisco,ATM,58,Doctor,1,10915.54,11/4/2024 8:12
TX001469,AC00396,307.24,11/2/2023 16:05,Debit,San Jose,ATM,19,Student,2,1670.72,11/4/2024 8:09
TX001470,AC00174,50.52,10/16/2023 16:29,Debit,Boston,Online,20,Student,1,1121.19,11/4/2024 8:09
TX001471,AC00024,820.46,4/3/2023 16:22,Credit,Fort Worth,Online,53,Engineer,1,5621.86,11/4/2024 8:10
TX001472,AC00250,153.07,4/3/2023 18:37,Debit,Detroit,ATM,56,Engineer,1,8873.43,11/4/2024 8:12
TX001473,AC00373,52.94,6/12/2023 17:36,Debit,Tucson,Branch,41,Doctor,1,6990.92,11/4/2024 8:11
TX001474,AC00030,384.41,4/17/2023 16:53,Debit,Jacksonville,ATM,60,Engineer,1,7831.56,11/4/2024 8:10
TX001475,AC00422,235.42,7/10/2023 18:34,Debit,Phoenix,Branch,51,Retired,1,6173.23,11/4/2024 8:11
TX001476,AC00229,114.23,6/7/2023 17:35,Debit,Dallas,ATM,56,Doctor,1,9523.72,11/4/2024 8:06
TX001477,AC00002,12.62,5/5/2023 16:35,Debit,El Paso,Branch,33,Doctor,1,6420.47,11/4/2024 8:09
TX001478,AC00227,997.37,12/22/2023 18:24,Debit,Fort Worth,ATM,23,Student,1,1146.09,11/4/2024 8:07
TX001479,AC00393,373.52,9/25/2023 16:23,Debit,Colorado Springs,ATM,35,Engineer,1,6430.41,11/4/2024 8:11
TX001480,AC00042,336.05,4/24/2023 17:18,Debit,San Antonio,Branch,28,Student,1,1635.05,11/4/2024 8:12
TX001481,AC00111,366.93,12/11/2023 18:43,Debit,Houston,Online,66,Retired,1,6697.79,11/4/2024 8:11
TX001482,AC00178,112.27,10/19/2023 17:34,Debit,Seattle,Branch,58,Doctor,1,7369.89,11/4/2024 8:11
TX001483,AC00218,494.96,3/31/2023 16:34,Debit,Sacramento,ATM,40,Engineer,1,6903.68,11/4/2024 8:08
TX001484,AC00198,561.58,6/23/2023 17:38,Debit,Sacramento,Online,65,Doctor,1,11748.86,11/4/2024 8:06
TX001485,AC00060,440.94,9/13/2023 18:38,Debit,San Antonio,Online,42,Doctor,1,7303.23,11/4/2024 8:11
TX001486,AC00397,71.9,2/20/2023 16:28,Debit,Los Angeles,Branch,29,Doctor,1,10619.35,11/4/2024 8:12
TX001487,AC00338,256.66,7/17/2023 17:08,Credit,Raleigh,Online,54,Retired,1,1794.5,11/4/2024 8:06
TX001488,AC00101,166.55,7/13/2023 17:51,Credit,Houston,Branch,59,Doctor,1,12970.21,11/4/2024 8:09
TX001489,AC00384,276.26,2/13/2023 17:04,Debit,Louisville,Branch,56,Doctor,1,120.89,11/4/2024 8:11
TX001490,AC00368,35.46,7/18/2023 16:38,Debit,Indianapolis,ATM,67,Doctor,1,5692.31,11/4/2024 8:10
TX001491,AC00233,38.14,4/7/2023 16:16,Debit,Portland,Branch,50,Engineer,1,9879.87,11/4/2024 8:07
TX001492,AC00375,506.26,12/18/2023 18:26,Credit,Baltimore,ATM,64,Retired,1,6266.65,11/4/2024 8:11
TX001493,AC00277,736.32,4/12/2023 17:06,Debit,Indianapolis,Online,31,Doctor,1,14268.95,11/4/2024 8:10
TX001494,AC00202,389.43,11/27/2023 18:01,Credit,Austin,ATM,52,Engineer,1,6449.83,11/4/2024 8:10
TX001495,AC00142,25.58,11/16/2023 16:33,Debit,Omaha,ATM,60,Engineer,1,6741.41,11/4/2024 8:06
TX001496,AC00178,446.1,9/19/2023 17:45,Debit,Seattle,ATM,25,Student,1,1008.44,11/4/2024 8:08
TX001497,AC00130,147.74,9/5/2023 16:52,Debit,Raleigh,Branch,23,Student,1,1711.78,11/4/2024 8:12
TX001498,AC00018,1228.81,2/20/2023 16:36,Debit,San Francisco,ATM,26,Student,1,1821,11/4/2024 8:09
TX001499,AC00293,46.23,5/29/2023 17:45,Debit,Fresno,Online,77,Retired,1,5107.75,11/4/2024 8:09
TX001500,AC00449,265.37,5/26/2023 17:56,Debit,Washington,Branch,33,Engineer,1,5229.95,11/4/2024 8:09
TX001501,AC00496,342.57,2/3/2023 17:10,Debit,Boston,Online,20,Student,1,339.16,11/4/2024 8:09
TX001502,AC00370,417.26,2/27/2023 17:01,Credit,New York,Online,32,Doctor,1,10442.48,11/4/2024 8:11
TX001503,AC00341,33.63,11/3/2023 16:50,Debit,Columbus,Online,63,Retired,1,4324.4,11/4/2024 8:10
TX001504,AC00400,64.58,12/4/2023 18:06,Debit,El Paso,Branch,55,Retired,1,6292.29,11/4/2024 8:11
TX001505,AC00301,23.23,4/20/2023 16:34,Credit,Miami,Branch,21,Student,1,269.01,11/4/2024 8:09
TX001506,AC00249,160.52,8/7/2023 16:15,Credit,Jacksonville,ATM,78,Retired,1,5379.25,11/4/2024 8:07
TX001507,AC00239,278.88,9/29/2023 16:53,Debit,Kansas City,Branch,64,Doctor,2,1334.09,11/4/2024 8:09
TX001508,AC00419,285.49,8/11/2023 18:42,Credit,Charlotte,Branch,53,Doctor,1,6366.84,11/4/2024 8:12
TX001509,AC00435,71.87,1/16/2023 18:03,Debit,Nashville,ATM,22,Student,1,1839.1,11/4/2024 8:12
TX001510,AC00012,308.8,12/26/2023 16:08,Debit,Baltimore,ATM,53,Retired,1,3966.54,11/4/2024 8:09
TX001511,AC00438,135.35,7/28/2023 18:42,Debit,Houston,Branch,33,Engineer,1,9983.36,11/4/2024 8:07
TX001512,AC00345,288.43,5/8/2023 16:37,Debit,Phoenix,Branch,66,Retired,1,4577.09,11/4/2024 8:09
TX001513,AC00026,147.46,10/12/2023 16:58,Credit,Albuquerque,Online,65,Doctor,1,7458.03,11/4/2024 8:11
TX001514,AC00416,214.15,10/30/2023 17:07,Debit,Detroit,Branch,32,Engineer,1,6397.29,11/4/2024 8:10
TX001515,AC00272,71.34,8/28/2023 16:00,Debit,Miami,Online,49,Engineer,3,6345.03,11/4/2024 8:09
TX001516,AC00468,170.36,3/27/2023 16:56,Debit,Indianapolis,ATM,30,Doctor,1,6034.73,11/4/2024 8:09
TX001517,AC00040,965.66,12/18/2023 17:22,Debit,Raleigh,ATM,53,Engineer,1,765.81,11/4/2024 8:08
TX001518,AC00302,736.53,5/10/2023 17:05,Debit,Philadelphia,ATM,55,Engineer,1,9826.26,11/4/2024 8:09
TX001519,AC00271,213.42,7/27/2023 17:30,Debit,Columbus,ATM,45,Engineer,1,3736.38,11/4/2024 8:11
TX001520,AC00495,94.09,9/12/2023 16:32,Debit,Miami,Branch,27,Student,1,646.85,11/4/2024 8:10
TX001521,AC00246,91.23,5/15/2023 16:13,Debit,Boston,ATM,72,Retired,1,6385.12,11/4/2024 8:08
TX001522,AC00139,263.92,7/26/2023 17:56,Credit,San Diego,Branch,57,Retired,1,4161.71,11/4/2024 8:10
TX001523,AC00298,77.5,5/23/2023 16:44,Credit,Fort Worth,Online,51,Doctor,1,11079.77,11/4/2024 8:08
TX001524,AC00246,3.65,2/13/2023 17:48,Debit,Miami,Online,69,Doctor,1,10017.11,11/4/2024 8:11
TX001525,AC00323,43.88,11/13/2023 17:43,Credit,Seattle,Online,26,Student,1,1644.09,11/4/2024 8:08
TX001526,AC00310,591.98,4/28/2023 16:32,Debit,El Paso,ATM,28,Student,1,387.65,11/4/2024 8:07
TX001527,AC00083,224.79,8/22/2023 16:34,Debit,Boston,Online,18,Student,1,528.38,11/4/2024 8:10
TX001528,AC00222,64.3,9/4/2023 17:36,Debit,Louisville,ATM,55,Retired,1,7530.3,11/4/2024 8:11
TX001529,AC00459,111.79,12/26/2023 17:40,Debit,Jacksonville,Online,62,Doctor,1,10887.59,11/4/2024 8:11
TX001530,AC00091,927.16,3/20/2023 16:48,Debit,San Francisco,ATM,59,Retired,1,7104.61,11/4/2024 8:10
TX001531,AC00122,613.7,2/22/2023 17:33,Credit,Fort Worth,Branch,61,Retired,1,7307.11,11/4/2024 8:10
TX001532,AC00432,26.07,3/16/2023 17:00,Debit,Baltimore,Branch,20,Student,3,349.98,11/4/2024 8:10
TX001533,AC00218,170.45,1/5/2023 16:56,Debit,San Francisco,Branch,60,Engineer,1,2284.41,11/4/2024 8:09
TX001534,AC00294,344.27,9/19/2023 17:23,Debit,San Antonio,Branch,22,Student,1,1918.36,11/4/2024 8:09
TX001535,AC00407,872.72,4/24/2023 16:47,Debit,Washington,Online,22,Student,1,503.01,11/4/2024 8:10
TX001536,AC00480,292.95,2/16/2023 16:23,Debit,Memphis,Branch,37,Engineer,1,1216.91,11/4/2024 8:11
TX001537,AC00367,28.44,8/31/2023 17:43,Debit,Fresno,ATM,18,Student,1,1071.04,11/4/2024 8:09
TX001538,AC00324,209.02,3/3/2023 17:08,Debit,El Paso,ATM,21,Student,1,187.9,11/4/2024 8:11
TX001539,AC00253,20.05,11/29/2023 17:43,Debit,Chicago,ATM,72,Retired,1,7145.67,11/4/2024 8:08
TX001540,AC00344,175.02,4/10/2023 16:23,Debit,Phoenix,Online,28,Student,1,1493.88,11/4/2024 8:09
TX001541,AC00153,89.5,8/21/2023 16:22,Credit,Louisville,Branch,41,Engineer,1,8658.95,11/4/2024 8:09
TX001542,AC00016,69.96,10/16/2023 17:43,Debit,Baltimore,Branch,28,Student,1,164.12,11/4/2024 8:08
TX001543,AC00291,146.51,1/25/2023 17:12,Debit,Albuquerque,ATM,53,Engineer,1,7089.9,11/4/2024 8:10
TX001544,AC00362,376.78,8/14/2023 17:25,Credit,Nashville,Online,21,Student,1,841.65,11/4/2024 8:07
TX001545,AC00202,148.54,12/22/2023 16:25,Credit,Columbus,Branch,71,Retired,1,5677.05,11/4/2024 8:11
TX001546,AC00163,388.77,12/11/2023 16:57,Credit,Jacksonville,Online,26,Student,1,1658.49,11/4/2024 8:11
TX001547,AC00123,100.38,11/27/2023 17:51,Debit,Seattle,Branch,63,Doctor,1,10171.68,11/4/2024 8:09
TX001548,AC00054,137.23,4/7/2023 16:50,Debit,Fresno,Branch,64,Doctor,1,13847.99,11/4/2024 8:08
TX001549,AC00172,870.3,8/28/2023 17:56,Debit,San Jose,ATM,51,Retired,1,3688.98,11/4/2024 8:08
TX001550,AC00176,458.94,7/18/2023 18:06,Debit,Detroit,Branch,52,Engineer,1,5619.95,11/4/2024 8:08
TX001551,AC00093,327.35,9/25/2023 18:48,Credit,Memphis,Branch,20,Student,1,342.08,11/4/2024 8:11
TX001552,AC00310,757.15,1/17/2023 16:53,Debit,Raleigh,Online,53,Engineer,1,4702.86,11/4/2024 8:08
TX001553,AC00127,5.64,3/8/2023 16:57,Debit,Boston,Online,59,Doctor,1,12703.24,11/4/2024 8:11
TX001554,AC00286,47.23,8/3/2023 18:18,Credit,Memphis,Online,73,Retired,1,6659.81,11/4/2024 8:11
TX001555,AC00497,239.41,11/1/2023 17:23,Credit,Baltimore,Online,42,Doctor,1,7860.65,11/4/2024 8:07
TX001556,AC00475,7.48,7/3/2023 16:46,Debit,San Antonio,ATM,55,Engineer,1,1275.2,11/4/2024 8:12
TX001557,AC00470,170.97,5/1/2023 17:04,Debit,Nashville,Branch,26,Student,1,1265.27,11/4/2024 8:07
TX001558,AC00245,262.43,6/13/2023 17:26,Credit,San Diego,Online,37,Doctor,5,12841.01,11/4/2024 8:07
TX001559,AC00480,659.15,1/31/2023 16:02,Debit,Boston,ATM,22,Student,1,1241.59,11/4/2024 8:06
TX001560,AC00011,31.53,12/20/2023 17:15,Debit,Kansas City,Online,25,Student,1,874.93,11/4/2024 8:06
TX001561,AC00362,111.66,6/7/2023 18:18,Credit,Washington,Online,48,Engineer,1,5716.72,11/4/2024 8:07
TX001562,AC00015,250.01,11/6/2023 16:28,Debit,Kansas City,ATM,62,Retired,1,1541.48,11/4/2024 8:12
TX001563,AC00112,554.15,4/18/2023 17:17,Debit,Raleigh,ATM,49,Doctor,1,14817.22,11/4/2024 8:12
TX001564,AC00057,598.66,1/10/2023 16:51,Credit,Charlotte,Branch,32,Engineer,1,2587.11,11/4/2024 8:11
TX001565,AC00393,28.38,5/18/2023 16:24,Debit,Sacramento,Branch,55,Doctor,1,173.7,11/4/2024 8:08
TX001566,AC00233,16.8,11/27/2023 17:01,Debit,San Diego,ATM,49,Doctor,1,11847.07,11/4/2024 8:09
TX001567,AC00466,896.79,11/6/2023 16:35,Debit,Dallas,Online,33,Doctor,1,11146.74,11/4/2024 8:06
TX001568,AC00453,159,3/6/2023 18:04,Debit,Las Vegas,ATM,49,Engineer,1,369.79,11/4/2024 8:08
TX001569,AC00203,56.31,9/27/2023 17:54,Credit,Houston,Online,75,Retired,1,6396.08,11/4/2024 8:08
TX001570,AC00228,203.99,1/20/2023 16:34,Debit,Philadelphia,Online,52,Retired,1,4840.31,11/4/2024 8:09
TX001571,AC00131,50.99,10/31/2023 16:45,Debit,Detroit,Branch,29,Doctor,1,1334.6,11/4/2024 8:10
TX001572,AC00247,101.28,8/23/2023 18:19,Credit,Chicago,Online,32,Engineer,1,2774.35,11/4/2024 8:06
TX001573,AC00425,299.92,10/9/2023 18:41,Debit,Denver,ATM,27,Student,1,1368,11/4/2024 8:08
TX001574,AC00123,77.54,2/1/2023 17:12,Debit,Phoenix,Online,67,Retired,1,4536.38,11/4/2024 8:10
TX001575,AC00139,18.35,9/18/2023 16:40,Debit,Nashville,Branch,21,Student,1,1293.39,11/4/2024 8:10
TX001576,AC00379,732.53,5/22/2023 16:54,Credit,San Jose,ATM,26,Student,1,441.54,11/4/2024 8:12
TX001577,AC00059,65.11,9/7/2023 16:47,Debit,Nashville,ATM,34,Engineer,1,8485.14,11/4/2024 8:08
TX001578,AC00233,67.07,6/5/2023 16:24,Credit,Los Angeles,ATM,24,Student,1,999.62,11/4/2024 8:10
TX001579,AC00007,137.48,11/27/2023 17:34,Debit,Seattle,Branch,55,Doctor,1,14273.42,11/4/2024 8:08
TX001580,AC00028,398.36,6/27/2023 16:52,Debit,Columbus,ATM,22,Student,1,1863.7,11/4/2024 8:09
TX001581,AC00428,469.46,11/8/2023 18:24,Debit,New York,ATM,20,Student,1,8640.56,11/4/2024 8:09
TX001582,AC00242,37.58,4/17/2023 18:22,Debit,Indianapolis,ATM,57,Doctor,1,259.44,11/4/2024 8:12
TX001583,AC00447,160.24,8/8/2023 17:06,Debit,Washington,ATM,31,Engineer,1,5526.97,11/4/2024 8:09
TX001584,AC00081,315.39,5/26/2023 16:52,Credit,New York,Branch,23,Student,1,929.6,11/4/2024 8:08
TX001585,AC00358,434.17,1/5/2023 16:40,Debit,Atlanta,ATM,21,Student,5,5335.44,11/4/2024 8:09
TX001586,AC00254,165.91,3/15/2023 17:40,Debit,Jacksonville,ATM,26,Student,1,587.12,11/4/2024 8:09
TX001587,AC00241,211.36,9/14/2023 17:08,Debit,San Francisco,Branch,47,Engineer,1,4760.34,11/4/2024 8:11
TX001588,AC00140,241.45,7/24/2023 16:02,Debit,Portland,Online,26,Student,1,1594.04,11/4/2024 8:08
TX001589,AC00132,23.24,4/13/2023 16:41,Debit,Indianapolis,Branch,68,Doctor,1,13777.79,11/4/2024 8:10
TX001590,AC00035,70.88,12/4/2023 16:18,Credit,Omaha,Branch,74,Retired,1,1794.65,11/4/2024 8:06
TX001591,AC00172,1143.67,10/30/2023 16:18,Debit,Atlanta,Online,66,Retired,1,7677.76,11/4/2024 8:10
TX001592,AC00016,314.52,3/20/2023 17:21,Debit,Memphis,ATM,80,Retired,1,7071.32,11/4/2024 8:06
TX001593,AC00382,181.81,5/29/2023 16:09,Credit,Austin,Online,78,Retired,1,7525.73,11/4/2024 8:09
TX001594,AC00413,854.64,11/7/2023 18:57,Debit,Fort Worth,Branch,56,Retired,1,2989.25,11/4/2024 8:08
TX001595,AC00297,261.19,1/12/2023 17:12,Debit,Oklahoma City,ATM,64,Retired,1,7620.6,11/4/2024 8:09
TX001596,AC00207,220.68,10/9/2023 18:23,Credit,Raleigh,Online,71,Retired,1,5549.2,11/4/2024 8:07
TX001597,AC00411,11.86,9/5/2023 16:43,Debit,Sacramento,Branch,31,Engineer,1,6782.61,11/4/2024 8:08
TX001598,AC00105,122.65,8/17/2023 16:26,Debit,Columbus,Online,28,Student,1,1968.51,11/4/2024 8:06
TX001599,AC00002,395.16,7/24/2023 16:14,Debit,Milwaukee,Online,56,Retired,1,5340.73,11/4/2024 8:11
TX001600,AC00410,704.69,7/18/2023 17:22,Debit,Las Vegas,Online,51,Retired,1,3267.84,11/4/2024 8:10
TX001601,AC00492,369.89,10/18/2023 16:44,Debit,San Antonio,ATM,69,Retired,1,6941.47,11/4/2024 8:11
TX001602,AC00095,10.92,10/20/2023 17:48,Debit,Jacksonville,ATM,67,Retired,1,7567.2,11/4/2024 8:08
TX001603,AC00058,199.14,8/2/2023 17:32,Debit,Seattle,Branch,31,Engineer,1,7001.25,11/4/2024 8:10
TX001604,AC00405,109.43,1/11/2023 18:07,Debit,Denver,ATM,70,Retired,1,1983.65,11/4/2024 8:09
TX001605,AC00258,304.15,11/28/2023 16:09,Debit,Atlanta,Branch,20,Student,1,686.91,11/4/2024 8:10
TX001606,AC00257,620.54,3/27/2023 16:26,Credit,Omaha,Branch,28,Student,1,213.36,11/4/2024 8:07
TX001607,AC00317,757.79,1/2/2023 16:30,Debit,Charlotte,Online,22,Student,1,1443.02,11/4/2024 8:08
TX001608,AC00409,122.81,10/24/2023 16:12,Debit,San Jose,Branch,52,Doctor,1,8450.84,11/4/2024 8:09
TX001609,AC00337,96.25,7/27/2023 16:01,Debit,Houston,Online,61,Retired,1,7996.7,11/4/2024 8:06
TX001610,AC00273,1431.33,1/17/2023 17:50,Debit,Charlotte,ATM,30,Doctor,1,5567.98,11/4/2024 8:09
TX001611,AC00056,142.55,5/16/2023 16:45,Debit,Kansas City,Online,67,Doctor,1,1262.68,11/4/2024 8:07
TX001612,AC00259,35.94,5/8/2023 16:22,Credit,Fresno,Branch,23,Student,1,1697.28,11/4/2024 8:09
TX001613,AC00102,24.86,2/13/2023 16:53,Debit,Jacksonville,Branch,58,Engineer,1,2591.65,11/4/2024 8:12
TX001614,AC00165,103.08,11/14/2023 16:09,Debit,San Francisco,Online,60,Doctor,1,12002.16,11/4/2024 8:10
TX001615,AC00455,116.27,11/28/2023 18:04,Debit,Portland,Online,57,Engineer,1,8726.92,11/4/2024 8:11
TX001616,AC00030,363.84,10/19/2023 17:41,Debit,Columbus,Online,73,Retired,3,5415.64,11/4/2024 8:09
TX001617,AC00114,34.74,4/28/2023 16:03,Credit,Portland,Online,59,Retired,1,3736.57,11/4/2024 8:12
TX001618,AC00331,64.01,10/30/2023 18:14,Credit,Philadelphia,Branch,19,Student,1,1225.69,11/4/2024 8:08
TX001619,AC00305,108.75,10/17/2023 16:09,Debit,Houston,ATM,50,Doctor,4,14829.85,11/4/2024 8:10
TX001620,AC00015,50.9,4/24/2023 16:14,Credit,Jacksonville,Online,28,Student,1,1277.7,11/4/2024 8:06
TX001621,AC00270,206.84,9/13/2023 18:47,Debit,Philadelphia,Branch,20,Student,1,454.66,11/4/2024 8:10
TX001622,AC00063,37.4,8/1/2023 17:54,Debit,Raleigh,ATM,20,Student,1,1519.51,11/4/2024 8:12
TX001623,AC00087,154.21,1/2/2023 16:01,Debit,Miami,Online,46,Engineer,1,8045.77,11/4/2024 8:10
TX001624,AC00130,199.37,6/29/2023 17:39,Debit,Chicago,Online,24,Student,1,1331.3,11/4/2024 8:08
TX001625,AC00324,410.49,7/25/2023 16:47,Credit,Atlanta,Branch,25,Student,1,1843.57,11/4/2024 8:10
TX001626,AC00220,1360.01,9/25/2023 16:51,Credit,Phoenix,Branch,67,Retired,1,6601.5,11/4/2024 8:11
TX001627,AC00257,18.23,3/22/2023 17:31,Debit,Nashville,ATM,56,Engineer,1,8422.2,11/4/2024 8:11
TX001628,AC00141,398.7,8/28/2023 16:02,Debit,Albuquerque,ATM,47,Doctor,1,7987.74,11/4/2024 8:09
TX001629,AC00422,122.14,2/20/2023 16:20,Debit,Omaha,Online,22,Student,1,327.68,11/4/2024 8:08
TX001630,AC00334,378.2,1/9/2023 17:12,Debit,Mesa,Branch,40,Engineer,1,7372.81,11/4/2024 8:11
TX001631,AC00175,124.74,11/27/2023 16:33,Debit,Los Angeles,ATM,49,Engineer,1,2987.97,11/4/2024 8:08
TX001632,AC00380,17.1,12/25/2023 16:56,Debit,Albuquerque,ATM,53,Retired,1,1619.54,11/4/2024 8:11
TX001633,AC00118,287.05,4/14/2023 16:00,Debit,Milwaukee,ATM,22,Student,1,1204.65,11/4/2024 8:10
TX001634,AC00196,874.72,3/3/2023 16:21,Debit,San Francisco,Online,28,Engineer,1,4630.58,11/4/2024 8:08
TX001635,AC00358,1762.28,10/6/2023 16:05,Debit,Memphis,ATM,24,Student,1,1380.34,11/4/2024 8:10
TX001636,AC00465,40.12,4/19/2023 17:03,Credit,Dallas,ATM,36,Doctor,1,14304.38,11/4/2024 8:10
TX001637,AC00126,125,6/5/2023 16:19,Credit,Indianapolis,Online,49,Engineer,1,3215.76,11/4/2024 8:11
TX001638,AC00041,348.44,11/6/2023 17:58,Debit,Baltimore,Online,24,Student,1,1022.94,11/4/2024 8:09
TX001639,AC00403,128.4,3/20/2023 17:17,Debit,Tucson,ATM,69,Retired,1,2610.64,11/4/2024 8:11
TX001640,AC00155,320.93,6/22/2023 16:05,Debit,Atlanta,Online,55,Engineer,1,9451.66,11/4/2024 8:10
TX001641,AC00261,1.41,6/7/2023 17:02,Debit,Sacramento,ATM,53,Retired,1,1244.17,11/4/2024 8:12
TX001642,AC00480,50.52,4/6/2023 16:03,Debit,Los Angeles,Branch,54,Doctor,1,12815.24,11/4/2024 8:06
TX001643,AC00291,383.95,9/20/2023 17:57,Credit,San Diego,Online,31,Engineer,1,9933.56,11/4/2024 8:07
TX001644,AC00154,12.94,8/28/2023 17:08,Debit,Fresno,Branch,23,Student,1,921.23,11/4/2024 8:10
TX001645,AC00106,329.75,12/25/2023 17:31,Debit,Sacramento,Online,56,Retired,1,6009.43,11/4/2024 8:09
TX001646,AC00378,981.76,9/25/2023 16:23,Debit,Milwaukee,Online,45,Doctor,1,602.36,11/4/2024 8:06
TX001647,AC00303,40.79,11/17/2023 16:40,Debit,Milwaukee,ATM,18,Student,1,1769.33,11/4/2024 8:11
TX001648,AC00004,99.25,6/26/2023 16:53,Credit,Phoenix,Online,63,Retired,1,2570.34,11/4/2024 8:07
TX001649,AC00157,150.6,4/17/2023 17:43,Debit,Miami,ATM,69,Retired,1,3240.14,11/4/2024 8:07
TX001650,AC00434,29.5,7/20/2023 18:26,Debit,San Antonio,Online,73,Retired,1,1229.32,11/4/2024 8:09
TX001651,AC00438,54.34,12/25/2023 18:03,Debit,Albuquerque,ATM,65,Doctor,1,8019.89,11/4/2024 8:11
TX001652,AC00279,18.25,8/16/2023 16:41,Debit,Kansas City,ATM,53,Doctor,1,14328.29,11/4/2024 8:08
TX001653,AC00458,633.87,12/8/2023 16:06,Debit,Kansas City,Online,27,Student,1,330.16,11/4/2024 8:09
TX001654,AC00166,81.15,2/17/2023 16:28,Debit,Miami,ATM,19,Student,1,1595.26,11/4/2024 8:09
TX001655,AC00129,83.95,6/14/2023 16:16,Debit,New York,Online,75,Retired,1,7413.18,11/4/2024 8:06
TX001656,AC00292,410.4,5/19/2023 16:00,Credit,Virginia Beach,ATM,61,Retired,1,2563.91,11/4/2024 8:09
TX001657,AC00185,172.68,2/20/2023 16:07,Debit,Baltimore,ATM,33,Doctor,1,10724.95,11/4/2024 8:07
TX001658,AC00498,139.88,1/23/2023 16:05,Debit,Colorado Springs,ATM,34,Engineer,1,2969.71,11/4/2024 8:07
TX001659,AC00171,165.55,10/2/2023 18:21,Debit,Dallas,Branch,28,Student,1,761.78,11/4/2024 8:08
TX001660,AC00456,53.79,12/5/2023 16:01,Credit,Philadelphia,ATM,54,Engineer,3,6229.36,11/4/2024 8:07
TX001661,AC00459,285.69,12/6/2023 18:15,Debit,Miami,ATM,63,Retired,1,2552.54,11/4/2024 8:07
TX001662,AC00090,532.4,8/24/2023 16:46,Debit,Jacksonville,ATM,22,Student,1,1033.73,11/4/2024 8:09
TX001663,AC00289,293.85,8/10/2023 16:23,Debit,Charlotte,Online,25,Student,1,1919.97,11/4/2024 8:09
TX001664,AC00063,27.94,11/3/2023 18:44,Debit,Atlanta,Branch,79,Retired,1,1893.44,11/4/2024 8:08
TX001665,AC00394,270.36,3/3/2023 16:57,Debit,Oklahoma City,ATM,25,Student,1,1783.04,11/4/2024 8:07
TX001666,AC00241,112.66,9/18/2023 16:28,Debit,Philadelphia,Online,29,Engineer,3,852.98,11/4/2024 8:07
TX001667,AC00296,506.03,7/12/2023 16:14,Debit,Detroit,Branch,21,Student,1,1123.89,11/4/2024 8:09
TX001668,AC00495,206.95,8/3/2023 16:19,Debit,Seattle,Branch,22,Student,1,1817.65,11/4/2024 8:07
TX001669,AC00368,350.96,6/8/2023 16:26,Debit,Tucson,ATM,63,Retired,1,5463.94,11/4/2024 8:08
TX001670,AC00017,261.63,5/29/2023 18:27,Debit,Chicago,Branch,20,Student,1,477.03,11/4/2024 8:09
TX001671,AC00458,46.12,6/5/2023 17:28,Debit,Fresno,Branch,59,Doctor,1,8874.01,11/4/2024 8:08
TX001672,AC00335,27.25,3/20/2023 16:02,Credit,Kansas City,Branch,63,Retired,1,5365.2,11/4/2024 8:09
TX001673,AC00344,1353.93,11/15/2023 17:32,Debit,El Paso,Branch,26,Engineer,1,7858.41,11/4/2024 8:08
TX001674,AC00002,331.66,9/11/2023 17:52,Debit,Las Vegas,ATM,76,Retired,1,7216.3,11/4/2024 8:08
TX001675,AC00285,667.95,7/27/2023 17:51,Credit,Oklahoma City,ATM,62,Doctor,1,13558.56,11/4/2024 8:08
TX001676,AC00091,49.84,10/13/2023 16:05,Debit,Chicago,ATM,49,Doctor,1,7872.04,11/4/2024 8:07
TX001677,AC00399,556.04,7/10/2023 16:41,Debit,Denver,ATM,72,Retired,1,5200.04,11/4/2024 8:07
TX001678,AC00133,88.06,10/27/2023 17:53,Credit,Raleigh,Online,18,Student,1,1779.85,11/4/2024 8:09
TX001679,AC00322,745.95,12/15/2023 16:38,Debit,Memphis,ATM,58,Doctor,1,13264.14,11/4/2024 8:11
TX001680,AC00247,67.25,7/3/2023 16:38,Debit,Miami,Online,19,Student,1,467.4,11/4/2024 8:11
TX001681,AC00332,93.63,8/21/2023 18:11,Debit,New York,ATM,29,Engineer,1,9873.62,11/4/2024 8:09
TX001682,AC00230,74.11,7/18/2023 16:05,Debit,San Jose,Branch,22,Student,1,1257.9,11/4/2024 8:09
TX001683,AC00019,41.13,3/27/2023 17:53,Credit,Philadelphia,Branch,77,Retired,1,6067.54,11/4/2024 8:10
TX001684,AC00446,192.02,12/19/2023 16:11,Credit,Indianapolis,Online,79,Retired,1,5169.07,11/4/2024 8:09
TX001685,AC00219,291.27,6/19/2023 17:58,Debit,Detroit,Branch,77,Retired,1,6878.86,11/4/2024 8:10
TX001686,AC00050,296.46,11/9/2023 16:11,Debit,Dallas,Branch,23,Student,1,558.99,11/4/2024 8:08
TX001687,AC00449,341.84,6/23/2023 16:10,Credit,El Paso,Branch,27,Student,1,1400.04,11/4/2024 8:07
TX001688,AC00426,98.41,6/12/2023 17:09,Debit,Sacramento,Online,27,Student,1,912.71,11/4/2024 8:08
TX001689,AC00354,109.28,6/9/2023 16:20,Debit,San Diego,Online,36,Engineer,4,6338.35,11/4/2024 8:07
TX001690,AC00313,27.51,9/20/2023 18:16,Credit,Columbus,Online,40,Doctor,1,13645.63,11/4/2024 8:06
TX001691,AC00442,12.18,4/20/2023 18:50,Debit,New York,Branch,76,Retired,1,4909.24,11/4/2024 8:07
TX001692,AC00318,207.71,11/16/2023 17:48,Credit,Kansas City,Online,25,Student,1,570.1,11/4/2024 8:10
TX001693,AC00232,25.77,7/17/2023 17:15,Credit,San Diego,Online,45,Doctor,1,11749.77,11/4/2024 8:10
TX001694,AC00424,127.57,2/27/2023 17:17,Debit,Nashville,ATM,52,Retired,1,6118.2,11/4/2024 8:10
TX001695,AC00393,392.05,6/19/2023 16:32,Debit,Denver,ATM,60,Engineer,1,4383.69,11/4/2024 8:06
TX001696,AC00175,521.01,10/13/2023 17:54,Credit,Seattle,Branch,41,Engineer,1,4004.55,11/4/2024 8:07
TX001697,AC00108,849.76,8/16/2023 16:28,Debit,Seattle,ATM,25,Student,1,373.88,11/4/2024 8:07
TX001698,AC00067,172.5,11/14/2023 16:23,Debit,Columbus,Online,68,Doctor,1,6851.16,11/4/2024 8:11
TX001699,AC00356,265.44,1/17/2023 16:41,Debit,San Antonio,ATM,30,Engineer,1,9700.77,11/4/2024 8:09
TX001700,AC00244,152.34,10/12/2023 17:10,Debit,Omaha,Branch,55,Doctor,1,6853.51,11/4/2024 8:08
TX001701,AC00244,21.13,4/25/2023 16:11,Debit,Dallas,Branch,28,Student,1,948.7,11/4/2024 8:10
TX001702,AC00411,111.55,12/28/2023 16:27,Debit,Denver,ATM,46,Doctor,1,12221.17,11/4/2024 8:08
TX001703,AC00294,321.82,7/14/2023 16:20,Credit,Raleigh,Branch,32,Engineer,1,6500.5,11/4/2024 8:08
TX001704,AC00205,1294.81,12/11/2023 16:53,Credit,Washington,Branch,45,Engineer,1,9927.75,11/4/2024 8:11
TX001705,AC00155,148.77,3/30/2023 18:20,Debit,San Jose,Branch,67,Retired,1,2138.42,11/4/2024 8:11
TX001706,AC00305,14.08,2/6/2023 18:18,Debit,Dallas,Branch,57,Retired,1,3908.65,11/4/2024 8:08
TX001707,AC00048,1283.97,8/9/2023 17:32,Debit,Colorado Springs,ATM,42,Doctor,1,11041.9,11/4/2024 8:07
TX001708,AC00366,566.33,8/7/2023 16:39,Credit,Charlotte,ATM,24,Student,1,379.82,11/4/2024 8:07
TX001709,AC00185,206.51,12/18/2023 17:09,Debit,Indianapolis,ATM,51,Retired,1,3921.74,11/4/2024 8:07
TX001710,AC00215,180.94,7/24/2023 16:41,Debit,Raleigh,Branch,75,Retired,1,7659.99,11/4/2024 8:10
TX001711,AC00283,77.9,12/25/2023 17:42,Debit,Washington,Branch,21,Student,1,664.72,11/4/2024 8:08
TX001712,AC00197,318.92,5/19/2023 18:54,Credit,Washington,Branch,21,Student,1,1167.25,11/4/2024 8:09
TX001713,AC00390,583.3,2/3/2023 16:30,Credit,Nashville,Online,59,Engineer,1,5896.01,11/4/2024 8:11
TX001714,AC00320,100.68,1/12/2023 16:44,Debit,Memphis,Online,63,Retired,1,1123.75,11/4/2024 8:12
TX001715,AC00020,589.64,9/21/2023 16:05,Debit,Charlotte,Online,62,Retired,1,2039.4,11/4/2024 8:11
TX001716,AC00500,225.93,3/13/2023 17:57,Credit,Omaha,Branch,25,Student,1,1864.27,11/4/2024 8:08
TX001717,AC00289,651.55,3/10/2023 17:34,Debit,Phoenix,Online,72,Retired,1,2325.78,11/4/2024 8:09
TX001718,AC00121,80.97,1/9/2023 17:27,Debit,Seattle,Online,38,Doctor,1,5926.31,11/4/2024 8:09
TX001719,AC00023,191.89,6/27/2023 16:37,Debit,San Antonio,Branch,25,Student,1,399.57,11/4/2024 8:09
TX001720,AC00490,304.75,2/27/2023 16:07,Credit,Austin,Branch,78,Retired,1,1916.34,11/4/2024 8:07
TX001721,AC00197,201.53,11/6/2023 16:31,Debit,Tucson,Online,68,Retired,1,2732.86,11/4/2024 8:12
TX001722,AC00494,8.45,2/10/2023 17:45,Debit,Philadelphia,ATM,22,Student,1,1115.3,11/4/2024 8:07
TX001723,AC00193,435.98,10/12/2023 16:29,Debit,Mesa,Branch,30,Engineer,1,7334.08,11/4/2024 8:11
TX001724,AC00451,743.24,7/7/2023 17:31,Credit,Indianapolis,Online,19,Student,1,1024.19,11/4/2024 8:08
TX001725,AC00261,16.27,2/13/2023 17:58,Debit,Atlanta,ATM,57,Doctor,1,10971.32,11/4/2024 8:09
TX001726,AC00246,290.86,6/5/2023 17:45,Debit,Louisville,Online,45,Doctor,1,14631.88,11/4/2024 8:10
TX001727,AC00120,85.73,3/1/2023 16:09,Debit,Virginia Beach,ATM,41,Doctor,1,14928.35,11/4/2024 8:08
TX001728,AC00189,555.71,1/23/2023 17:35,Credit,Boston,Branch,22,Student,1,830.37,11/4/2024 8:08
TX001729,AC00499,40.03,1/9/2023 17:17,Debit,Omaha,Branch,23,Student,1,6408.8,11/4/2024 8:12
TX001730,AC00287,73.01,10/18/2023 18:26,Credit,Milwaukee,Online,25,Student,1,1997.33,11/4/2024 8:10
TX001731,AC00087,346.12,12/29/2023 17:55,Debit,San Francisco,Branch,44,Doctor,1,13084.27,11/4/2024 8:11
TX001732,AC00333,1.93,10/19/2023 18:06,Debit,Chicago,Branch,47,Doctor,5,5684.09,11/4/2024 8:08
TX001733,AC00423,252.93,2/6/2023 16:05,Debit,Portland,ATM,75,Retired,1,2760.37,11/4/2024 8:07
TX001734,AC00108,238.54,4/7/2023 16:04,Debit,Indianapolis,ATM,19,Student,4,868.91,11/4/2024 8:07
TX001735,AC00099,1011.22,8/21/2023 18:51,Debit,Tucson,Branch,61,Retired,1,5838.91,11/4/2024 8:09
TX001736,AC00387,58.7,3/3/2023 16:00,Debit,New York,Branch,67,Doctor,1,8937.35,11/4/2024 8:07
TX001737,AC00010,7.56,2/6/2023 16:38,Debit,Milwaukee,ATM,40,Doctor,1,8528.72,11/4/2024 8:07
TX001738,AC00087,540.4,2/22/2023 16:42,Debit,Houston,Branch,45,Doctor,1,425.77,11/4/2024 8:06
TX001739,AC00294,264.14,7/28/2023 17:36,Debit,Baltimore,ATM,64,Doctor,1,8459.26,11/4/2024 8:07
TX001740,AC00408,248.15,6/15/2023 16:41,Debit,Milwaukee,ATM,75,Retired,1,2649.23,11/4/2024 8:08
TX001741,AC00495,24.34,11/29/2023 17:15,Debit,Raleigh,Branch,54,Engineer,1,6659.12,11/4/2024 8:09
TX001742,AC00304,428.61,1/9/2023 16:12,Debit,Fort Worth,ATM,66,Doctor,1,11937.04,11/4/2024 8:09
TX001743,AC00053,117.66,8/3/2023 18:19,Credit,Memphis,Branch,39,Doctor,1,6794.17,11/4/2024 8:07
TX001744,AC00432,165.8,5/4/2023 17:46,Debit,Nashville,Online,60,Engineer,1,2064.76,11/4/2024 8:07
TX001745,AC00200,289.18,8/29/2023 16:17,Debit,Baltimore,ATM,65,Retired,1,3139.75,11/4/2024 8:11
TX001746,AC00438,125.39,7/31/2023 16:52,Debit,Los Angeles,ATM,21,Student,1,202.69,11/4/2024 8:06
TX001747,AC00151,305.18,6/5/2023 17:48,Debit,Chicago,Online,58,Retired,1,4474.2,11/4/2024 8:08
TX001748,AC00305,506.9,11/1/2023 17:44,Credit,Houston,Branch,64,Doctor,1,11471.87,11/4/2024 8:10
TX001749,AC00142,504.12,4/14/2023 17:35,Credit,Baltimore,Branch,25,Student,1,1107.28,11/4/2024 8:10
TX001750,AC00356,42.09,1/20/2023 18:31,Debit,Denver,Branch,29,Engineer,1,5526.28,11/4/2024 8:06
TX001751,AC00155,607.28,1/23/2023 16:47,Debit,Baltimore,ATM,32,Doctor,1,9679.68,11/4/2024 8:10
TX001752,AC00265,91.9,5/15/2023 16:19,Debit,Chicago,Online,77,Retired,1,1033.94,11/4/2024 8:10
TX001753,AC00122,303.43,6/6/2023 17:32,Debit,Virginia Beach,Branch,22,Student,1,1833.24,11/4/2024 8:08
TX001754,AC00426,668.78,10/23/2023 17:25,Debit,Mesa,ATM,20,Student,1,983.68,11/4/2024 8:09
TX001755,AC00111,270.54,4/3/2023 18:22,Credit,Sacramento,ATM,20,Student,1,269.78,11/4/2024 8:09
TX001756,AC00405,247.93,8/14/2023 18:08,Debit,Indianapolis,Branch,37,Engineer,1,9801.48,11/4/2024 8:09
TX001757,AC00128,34.67,4/25/2023 16:34,Debit,Chicago,Online,19,Student,1,888.6,11/4/2024 8:11
TX001758,AC00050,326.03,5/9/2023 16:54,Credit,New York,Online,18,Student,1,290.24,11/4/2024 8:11
TX001759,AC00141,148.26,5/8/2023 17:33,Debit,Omaha,ATM,25,Student,1,958.7,11/4/2024 8:12
TX001760,AC00010,1086.6,5/22/2023 17:40,Debit,San Diego,Online,19,Student,1,1605.67,11/4/2024 8:10
TX001761,AC00259,373.99,10/23/2023 16:27,Debit,Sacramento,ATM,60,Doctor,1,8590.5,11/4/2024 8:07
TX001762,AC00302,254.34,9/14/2023 17:04,Debit,El Paso,Online,49,Engineer,1,5461.08,11/4/2024 8:11
TX001763,AC00124,819.48,10/5/2023 16:27,Debit,Virginia Beach,ATM,25,Student,1,1804.5,11/4/2024 8:08
TX001764,AC00464,14,9/6/2023 16:24,Debit,San Antonio,ATM,49,Engineer,1,7975.18,11/4/2024 8:09
TX001765,AC00473,57.16,6/15/2023 18:45,Debit,Columbus,ATM,40,Engineer,1,222.22,11/4/2024 8:08
TX001766,AC00486,282.26,6/26/2023 16:55,Debit,Memphis,Online,37,Engineer,1,6857.2,11/4/2024 8:08
TX001767,AC00348,46.96,6/30/2023 16:44,Debit,Las Vegas,Online,46,Engineer,1,2028.92,11/4/2024 8:11
TX001768,AC00398,473.2,8/7/2023 16:02,Debit,Houston,Online,34,Doctor,1,248.52,11/4/2024 8:10
TX001769,AC00267,192.97,3/13/2023 16:10,Debit,Sacramento,ATM,59,Retired,1,3019.04,11/4/2024 8:06
TX001770,AC00076,168.99,5/1/2023 18:38,Debit,Baltimore,ATM,18,Student,1,1523.57,11/4/2024 8:10
TX001771,AC00022,1.82,4/13/2023 17:35,Debit,San Francisco,Online,80,Retired,1,5571.39,11/4/2024 8:09
TX001772,AC00181,40.9,6/1/2023 18:27,Debit,Charlotte,ATM,55,Doctor,1,1514.34,11/4/2024 8:11
TX001773,AC00071,78.91,3/1/2023 17:07,Debit,Sacramento,Online,61,Doctor,1,1817.43,11/4/2024 8:10
TX001774,AC00369,169.97,12/7/2023 17:33,Credit,San Diego,ATM,22,Student,1,6269.12,11/4/2024 8:09
TX001775,AC00358,17.79,2/22/2023 17:01,Debit,Jacksonville,Branch,61,Retired,5,2281.9,11/4/2024 8:11
TX001776,AC00021,486.61,11/28/2023 16:17,Credit,Sacramento,ATM,48,Engineer,1,2006.69,11/4/2024 8:06
TX001777,AC00156,148.13,3/17/2023 16:34,Debit,Phoenix,Branch,58,Retired,1,2189.38,11/4/2024 8:07
TX001778,AC00212,164.52,12/25/2023 16:11,Debit,Dallas,ATM,61,Doctor,1,11036.74,11/4/2024 8:11
TX001779,AC00327,720.89,12/18/2023 17:10,Debit,Indianapolis,ATM,27,Student,1,447.06,11/4/2024 8:10
TX001780,AC00349,268.7,10/3/2023 16:16,Debit,Milwaukee,ATM,53,Retired,1,2104.74,11/4/2024 8:06
TX001781,AC00183,637.34,9/1/2023 16:19,Debit,Indianapolis,ATM,51,Retired,1,5183.5,11/4/2024 8:09
TX001782,AC00478,216.76,11/9/2023 17:26,Credit,Omaha,Online,47,Engineer,1,643.64,11/4/2024 8:09
TX001783,AC00398,418.02,6/6/2023 17:56,Debit,Los Angeles,ATM,46,Doctor,1,11011.86,11/4/2024 8:06
TX001784,AC00380,292.03,9/4/2023 16:20,Credit,Memphis,ATM,46,Engineer,1,951.33,11/4/2024 8:07
TX001785,AC00030,251.4,7/5/2023 16:52,Debit,Tucson,ATM,57,Retired,1,2561.67,11/4/2024 8:11
TX001786,AC00341,184.56,11/30/2023 16:07,Debit,Virginia Beach,Online,21,Student,1,1549.27,11/4/2024 8:06
TX001787,AC00162,33.76,1/16/2023 17:39,Debit,Seattle,Online,26,Engineer,1,3253.51,11/4/2024 8:08
TX001788,AC00319,253.46,5/22/2023 16:27,Debit,Memphis,ATM,45,Engineer,1,1338.95,11/4/2024 8:07
TX001789,AC00338,1612.37,7/24/2023 17:46,Debit,Los Angeles,ATM,65,Retired,1,3910.59,11/4/2024 8:08
TX001790,AC00374,138.68,6/14/2023 16:06,Credit,Colorado Springs,Branch,22,Student,1,206.2,11/4/2024 8:08
TX001791,AC00451,42.56,7/31/2023 16:25,Debit,Fresno,Online,18,Student,1,4361.44,11/4/2024 8:07
TX001792,AC00005,680.76,2/27/2023 16:38,Debit,Kansas City,Branch,21,Student,1,572.97,11/4/2024 8:09
TX001793,AC00263,53.83,5/31/2023 17:21,Debit,Baltimore,Branch,70,Retired,1,4580.59,11/4/2024 8:11
TX001794,AC00432,11.09,10/31/2023 16:54,Debit,Charlotte,Branch,51,Engineer,1,2990.05,11/4/2024 8:10
TX001795,AC00274,37.81,7/24/2023 16:44,Debit,Colorado Springs,Branch,63,Retired,1,5208.98,11/4/2024 8:11
TX001796,AC00103,449.18,12/25/2023 17:01,Debit,Denver,Online,67,Retired,1,1025.99,11/4/2024 8:09
TX001797,AC00146,1135.8,9/6/2023 16:03,Debit,San Diego,ATM,30,Doctor,1,13534.3,11/4/2024 8:07
TX001798,AC00359,297.6,10/3/2023 16:48,Debit,Milwaukee,Online,39,Doctor,1,1461.17,11/4/2024 8:09
TX001799,AC00164,683.75,2/20/2023 18:56,Debit,Las Vegas,Branch,32,Doctor,1,6333.72,11/4/2024 8:07
TX001800,AC00079,21.4,2/13/2023 16:14,Credit,Kansas City,Online,48,Engineer,1,8551.6,11/4/2024 8:12
TX001801,AC00209,315.94,9/29/2023 18:23,Debit,Omaha,ATM,78,Retired,1,4273.99,11/4/2024 8:06
TX001802,AC00018,331.32,6/5/2023 17:24,Debit,Sacramento,Branch,61,Doctor,5,13054.54,11/4/2024 8:07
TX001803,AC00401,223.76,8/11/2023 16:02,Credit,Boston,Branch,74,Retired,1,4102.23,11/4/2024 8:10
TX001804,AC00179,216.03,10/27/2023 18:28,Debit,Boston,ATM,42,Doctor,1,10462.77,11/4/2024 8:09
TX001805,AC00274,17.42,11/8/2023 17:24,Debit,Dallas,ATM,74,Retired,1,6851.31,11/4/2024 8:12
TX001806,AC00354,491.91,1/9/2023 17:15,Debit,Milwaukee,Online,78,Retired,1,2421.94,11/4/2024 8:09
TX001807,AC00025,350.11,3/13/2023 17:10,Credit,Raleigh,Online,74,Retired,1,4639.04,11/4/2024 8:08
TX001808,AC00493,218.07,11/6/2023 18:42,Debit,Austin,Branch,23,Student,1,443.62,11/4/2024 8:06
TX001809,AC00339,291.09,11/20/2023 18:53,Debit,El Paso,Branch,48,Engineer,1,6312.79,11/4/2024 8:08
TX001810,AC00454,422.14,11/17/2023 17:31,Credit,Albuquerque,Branch,26,Student,1,1436.32,11/4/2024 8:07
TX001811,AC00152,613.21,3/15/2023 17:45,Debit,Tucson,ATM,61,Retired,1,3279.12,11/4/2024 8:10
TX001812,AC00314,73.83,1/5/2023 18:29,Debit,Las Vegas,Online,69,Doctor,1,6020.29,11/4/2024 8:06
TX001813,AC00054,67.33,4/13/2023 18:15,Debit,Detroit,Online,59,Engineer,1,5925.98,11/4/2024 8:07
TX001814,AC00036,26.92,5/18/2023 18:15,Debit,Indianapolis,ATM,62,Retired,1,1674.94,11/4/2024 8:07
TX001815,AC00397,18.3,2/13/2023 16:21,Debit,Mesa,Online,48,Engineer,1,3733.52,11/4/2024 8:08
TX001816,AC00355,317.94,1/25/2023 17:46,Debit,Los Angeles,ATM,54,Engineer,1,2996.51,11/4/2024 8:11
TX001817,AC00188,179.38,3/13/2023 17:16,Debit,Mesa,Online,40,Doctor,1,11666.18,11/4/2024 8:10
TX001818,AC00222,918.95,5/1/2023 16:43,Debit,Seattle,Online,68,Doctor,1,7006.46,11/4/2024 8:07
TX001819,AC00094,13.92,5/29/2023 17:30,Debit,Los Angeles,ATM,37,Engineer,1,2735.84,11/4/2024 8:09
TX001820,AC00004,365.43,11/23/2023 16:51,Debit,Portland,ATM,25,Student,1,1073.51,11/4/2024 8:09
TX001821,AC00021,263.59,1/23/2023 16:03,Debit,Dallas,Branch,71,Retired,1,6996.35,11/4/2024 8:12
TX001822,AC00102,54.8,6/1/2023 16:15,Debit,Albuquerque,Branch,34,Engineer,1,4943.49,11/4/2024 8:08
TX001823,AC00367,141.49,9/20/2023 16:57,Debit,Baltimore,Online,24,Student,1,1665.58,11/4/2024 8:11
TX001824,AC00137,31.39,1/9/2023 17:09,Debit,Tucson,ATM,20,Student,1,998.49,11/4/2024 8:06
TX001825,AC00289,93.82,6/26/2023 17:37,Debit,San Diego,Online,39,Engineer,1,8422.06,11/4/2024 8:11
TX001826,AC00458,5.71,12/1/2023 17:35,Debit,Tucson,Branch,21,Student,1,1285.42,11/4/2024 8:10
TX001827,AC00493,178.39,8/15/2023 18:22,Debit,Tucson,Online,34,Engineer,1,8469.43,11/4/2024 8:09
TX001828,AC00059,126.91,8/23/2023 16:04,Debit,Kansas City,ATM,22,Student,1,692.69,11/4/2024 8:08
TX001829,AC00281,36.09,6/16/2023 16:19,Debit,Columbus,Branch,53,Doctor,1,12319.26,11/4/2024 8:07
TX001830,AC00020,91.77,3/15/2023 17:39,Debit,Omaha,Branch,51,Doctor,1,9240.73,11/4/2024 8:07
TX001831,AC00396,198.92,10/23/2023 16:47,Debit,Milwaukee,Online,36,Engineer,1,2854.66,11/4/2024 8:10
TX001832,AC00402,137.81,10/26/2023 16:52,Debit,Detroit,Branch,58,Engineer,1,2631.47,11/4/2024 8:07
TX001833,AC00385,136.88,7/18/2023 17:41,Credit,Memphis,Branch,24,Student,1,7465.95,11/4/2024 8:10
TX001834,AC00167,133.07,9/13/2023 16:22,Debit,Sacramento,Branch,21,Student,1,1670.99,11/4/2024 8:08
TX001835,AC00349,1.14,10/23/2023 16:15,Debit,Indianapolis,Branch,43,Doctor,1,13913.92,11/4/2024 8:11
TX001836,AC00153,256.34,8/21/2023 16:42,Debit,Kansas City,Branch,69,Retired,1,7471.63,11/4/2024 8:07
TX001837,AC00197,56.11,3/27/2023 17:25,Debit,Boston,Branch,36,Doctor,1,11123.65,11/4/2024 8:06
TX001838,AC00219,118.1,9/25/2023 16:07,Debit,Fort Worth,ATM,50,Engineer,1,7976.6,11/4/2024 8:12
TX001839,AC00255,137.86,8/28/2023 16:16,Credit,Sacramento,Online,66,Doctor,1,8046.94,11/4/2024 8:11
TX001840,AC00035,813.78,8/7/2023 17:42,Credit,Atlanta,ATM,54,Doctor,1,14935.5,11/4/2024 8:08
TX001841,AC00003,237.97,1/9/2023 17:26,Debit,Columbus,ATM,69,Doctor,1,13486.15,11/4/2024 8:06
TX001842,AC00136,684.96,1/9/2023 16:19,Debit,Mesa,ATM,21,Student,1,526.67,11/4/2024 8:07
TX001843,AC00337,878.63,4/6/2023 16:59,Debit,Columbus,ATM,60,Engineer,1,4954.37,11/4/2024 8:07
TX001844,AC00265,276.56,4/10/2023 17:26,Debit,Austin,Branch,68,Doctor,1,8942.58,11/4/2024 8:08
TX001845,AC00356,8.75,6/15/2023 16:10,Debit,Louisville,ATM,79,Retired,1,4044.62,11/4/2024 8:10
TX001846,AC00305,637.48,9/18/2023 16:27,Debit,Colorado Springs,Online,65,Retired,1,4148.85,11/4/2024 8:08
TX001847,AC00300,103.15,8/30/2023 17:56,Debit,San Diego,Branch,51,Doctor,1,11388.15,11/4/2024 8:07
TX001848,AC00301,505.6,2/14/2023 17:56,Debit,Denver,Branch,52,Retired,1,5347.57,11/4/2024 8:10
TX001849,AC00154,371.86,2/20/2023 17:28,Debit,Miami,ATM,46,Doctor,1,1329.45,11/4/2024 8:08
TX001850,AC00201,14.26,11/27/2023 17:04,Debit,Virginia Beach,Branch,50,Engineer,1,2475.65,11/4/2024 8:09
TX001851,AC00004,13.16,5/1/2023 17:36,Debit,Mesa,Branch,43,Engineer,1,1019.46,11/4/2024 8:10
TX001852,AC00237,167.92,6/26/2023 17:54,Debit,Memphis,ATM,40,Doctor,2,14321.73,11/4/2024 8:08
TX001853,AC00304,73.01,5/9/2023 17:02,Debit,Houston,ATM,56,Retired,1,2833.12,11/4/2024 8:09
TX001854,AC00086,201.5,7/14/2023 18:11,Credit,Dallas,Online,61,Doctor,1,12148.32,11/4/2024 8:08
TX001855,AC00483,150.3,8/7/2023 17:25,Debit,Las Vegas,Online,41,Doctor,1,14371.08,11/4/2024 8:08
TX001856,AC00288,23.7,10/26/2023 17:51,Debit,San Francisco,ATM,46,Doctor,1,7947.44,11/4/2024 8:11
TX001857,AC00134,49.59,8/25/2023 16:45,Debit,Boston,Branch,48,Engineer,1,6037.03,11/4/2024 8:09
TX001858,AC00130,720.13,2/14/2023 17:58,Credit,Omaha,ATM,22,Student,1,387.02,11/4/2024 8:07
TX001859,AC00393,134.92,10/31/2023 16:46,Debit,Los Angeles,Online,19,Student,1,1081.97,11/4/2024 8:09
TX001860,AC00029,116.97,7/12/2023 16:52,Debit,Oklahoma City,ATM,18,Student,1,729.7,11/4/2024 8:08
TX001861,AC00228,11.06,11/1/2023 17:59,Debit,Colorado Springs,ATM,34,Engineer,3,2782.21,11/4/2024 8:07
TX001862,AC00131,88.29,1/20/2023 16:46,Credit,Houston,Online,50,Engineer,1,5245.93,11/4/2024 8:09
TX001863,AC00233,5.81,6/23/2023 17:36,Debit,Houston,ATM,25,Student,1,1290.95,11/4/2024 8:08
TX001864,AC00017,103.48,1/30/2023 16:04,Debit,Baltimore,ATM,32,Engineer,1,6494.25,11/4/2024 8:09
TX001865,AC00071,156.74,2/24/2023 18:22,Debit,Oklahoma City,ATM,70,Retired,1,4004.35,11/4/2024 8:08
TX001866,AC00128,505.14,1/3/2023 17:33,Debit,Portland,ATM,68,Retired,1,2525.47,11/4/2024 8:11
TX001867,AC00073,31.06,11/20/2023 16:59,Debit,Kansas City,ATM,46,Doctor,1,11014.25,11/4/2024 8:07
TX001868,AC00353,7.61,9/21/2023 18:13,Debit,Atlanta,ATM,50,Doctor,1,6275,11/4/2024 8:08
TX001869,AC00209,276.16,2/13/2023 16:14,Credit,Portland,ATM,53,Retired,1,1733.34,11/4/2024 8:11
TX001870,AC00396,145.77,4/5/2023 16:08,Debit,Memphis,ATM,68,Retired,1,5294.98,11/4/2024 8:11
TX001871,AC00439,369.44,11/20/2023 17:11,Debit,Detroit,Online,34,Engineer,1,5018.67,11/4/2024 8:08
TX001872,AC00063,558.86,3/15/2023 17:27,Debit,Austin,ATM,60,Doctor,1,9844.32,11/4/2024 8:11
TX001873,AC00203,429.15,3/9/2023 16:21,Debit,Las Vegas,Branch,26,Student,1,712.13,11/4/2024 8:11
TX001874,AC00394,36.74,2/6/2023 17:21,Debit,Tucson,Branch,33,Doctor,1,6217.58,11/4/2024 8:07
TX001875,AC00258,79.14,4/12/2023 17:21,Credit,Portland,Online,57,Retired,1,2229.56,11/4/2024 8:08
TX001876,AC00144,132.48,8/9/2023 18:38,Debit,Charlotte,Branch,36,Engineer,1,9313.05,11/4/2024 8:07
TX001877,AC00169,136.48,8/14/2023 16:46,Debit,Charlotte,Online,52,Engineer,4,4618.53,11/4/2024 8:09
TX001878,AC00285,203.76,10/2/2023 16:33,Debit,Colorado Springs,Branch,55,Retired,1,6747.16,11/4/2024 8:09
TX001879,AC00047,750.95,9/8/2023 18:16,Debit,Chicago,Branch,78,Retired,1,5134.37,11/4/2024 8:11
TX001880,AC00460,0.84,1/1/2024 16:45,Debit,Austin,ATM,52,Engineer,1,2207.54,11/4/2024 8:07
TX001881,AC00073,257.18,7/10/2023 17:00,Debit,Los Angeles,Online,67,Doctor,1,13336.15,11/4/2024 8:10
TX001882,AC00253,767.66,5/8/2023 17:44,Debit,San Jose,ATM,63,Doctor,1,1801.69,11/4/2024 8:12
TX001883,AC00320,182.29,5/10/2023 16:55,Debit,San Diego,Online,54,Doctor,1,522.39,11/4/2024 8:08
TX001884,AC00462,184.51,9/4/2023 16:34,Credit,Portland,Online,54,Doctor,1,9381.64,11/4/2024 8:09
TX001885,AC00071,451.31,12/4/2023 16:57,Debit,Fort Worth,ATM,62,Retired,5,2963.29,11/4/2024 8:07
TX001886,AC00363,144.1,7/7/2023 17:24,Debit,Chicago,Branch,57,Doctor,1,11523.64,11/4/2024 8:10
TX001887,AC00448,72.5,4/10/2023 17:48,Debit,Fort Worth,ATM,40,Doctor,1,12723.62,11/4/2024 8:11
TX001888,AC00206,74.11,9/8/2023 16:09,Credit,Virginia Beach,Online,69,Retired,4,3920.11,11/4/2024 8:08
TX001889,AC00181,22.15,5/3/2023 16:26,Debit,Denver,Branch,44,Doctor,1,7451.83,11/4/2024 8:11
TX001890,AC00213,777.92,6/12/2023 18:56,Debit,Austin,Branch,62,Doctor,1,7061.58,11/4/2024 8:09
TX001891,AC00470,790.07,5/26/2023 17:32,Debit,Miami,Online,28,Student,1,985.77,11/4/2024 8:10
TX001892,AC00451,406.33,10/2/2023 16:41,Credit,Miami,Branch,59,Engineer,1,4298.34,11/4/2024 8:07
TX001893,AC00192,767.41,9/7/2023 16:28,Debit,Fort Worth,ATM,56,Doctor,1,12799.34,11/4/2024 8:08
TX001894,AC00378,4.58,10/19/2023 16:13,Credit,Atlanta,Online,21,Student,1,811.24,11/4/2024 8:06
TX001895,AC00143,447.83,8/15/2023 16:22,Credit,Atlanta,Branch,53,Doctor,1,13273.08,11/4/2024 8:07
TX001896,AC00499,49.67,2/20/2023 18:48,Debit,Atlanta,Online,21,Student,1,842.94,11/4/2024 8:08
TX001897,AC00168,77.83,12/27/2023 16:40,Credit,Kansas City,Branch,49,Engineer,1,2471.53,11/4/2024 8:10
TX001898,AC00085,702.87,6/7/2023 17:06,Debit,Washington,ATM,19,Student,1,1237.5,11/4/2024 8:11
TX001899,AC00144,133.56,1/24/2023 18:43,Debit,Atlanta,Online,25,Student,1,783.83,11/4/2024 8:06
TX001900,AC00185,868.05,1/12/2023 16:35,Credit,San Diego,Online,49,Engineer,1,3931.03,11/4/2024 8:09
TX001901,AC00338,52.87,3/31/2023 17:25,Debit,Indianapolis,Branch,24,Student,1,960.96,11/4/2024 8:11
TX001902,AC00384,179,9/6/2023 16:01,Debit,Houston,ATM,78,Retired,1,7310.88,11/4/2024 8:10
TX001903,AC00336,1168.26,6/12/2023 16:25,Credit,Philadelphia,Online,73,Retired,1,1385.74,11/4/2024 8:09
TX001904,AC00003,384.11,5/15/2023 16:35,Debit,Fort Worth,ATM,58,Retired,1,7902.52,11/4/2024 8:06
TX001905,AC00378,227.61,8/7/2023 16:16,Debit,Houston,Online,71,Retired,1,4405.28,11/4/2024 8:07
TX001906,AC00217,40.83,8/16/2023 16:40,Debit,Indianapolis,ATM,48,Engineer,1,3944.12,11/4/2024 8:12
TX001907,AC00280,19.76,3/31/2023 17:50,Debit,Nashville,ATM,20,Student,1,1523.04,11/4/2024 8:10
TX001908,AC00184,484.24,5/29/2023 16:40,Debit,Raleigh,Branch,67,Doctor,1,8042.3,11/4/2024 8:06
TX001909,AC00456,494.66,6/19/2023 16:59,Debit,Houston,Online,33,Doctor,1,5531.93,11/4/2024 8:06
TX001910,AC00151,301.47,1/26/2023 16:13,Debit,Colorado Springs,Branch,21,Student,1,560.73,11/4/2024 8:09
TX001911,AC00366,199.09,5/19/2023 16:54,Debit,Detroit,Online,70,Doctor,1,1658.52,11/4/2024 8:08
TX001912,AC00383,38.95,10/18/2023 16:44,Debit,Los Angeles,Online,27,Engineer,1,731.52,11/4/2024 8:08
TX001913,AC00076,515.94,12/22/2023 16:42,Debit,San Francisco,ATM,29,Engineer,1,1389.89,11/4/2024 8:11
TX001914,AC00290,41.93,2/13/2023 16:44,Debit,Fresno,ATM,48,Engineer,1,5081.26,11/4/2024 8:06
TX001915,AC00347,137.84,11/13/2023 16:03,Debit,Omaha,ATM,27,Student,1,1000.35,11/4/2024 8:09
TX001916,AC00034,95.35,7/26/2023 16:27,Debit,Chicago,Online,21,Student,1,1639.9,11/4/2024 8:07
TX001917,AC00373,93.14,1/2/2023 16:47,Debit,Memphis,Online,67,Retired,1,5473.82,11/4/2024 8:07
TX001918,AC00382,1427.71,1/24/2023 17:26,Debit,New York,Branch,64,Doctor,1,1729.26,11/4/2024 8:09
TX001919,AC00463,79.33,12/6/2023 16:10,Credit,Las Vegas,Online,51,Doctor,1,14798.1,11/4/2024 8:07
TX001920,AC00030,76.89,5/10/2023 17:49,Debit,Chicago,ATM,55,Doctor,1,7374.26,11/4/2024 8:10
TX001921,AC00431,233.71,3/13/2023 17:30,Debit,Jacksonville,Online,19,Student,1,1231.98,11/4/2024 8:12
TX001922,AC00243,14.92,5/22/2023 16:51,Debit,Las Vegas,Branch,26,Engineer,1,6611.26,11/4/2024 8:07
TX001923,AC00499,242.17,6/8/2023 16:28,Debit,Jacksonville,ATM,60,Doctor,1,883.72,11/4/2024 8:10
TX001924,AC00065,122.98,7/24/2023 16:15,Debit,Jacksonville,Online,79,Retired,1,5055.99,11/4/2024 8:09
TX001925,AC00492,129.35,8/28/2023 16:31,Debit,Las Vegas,ATM,52,Engineer,1,7166.88,11/4/2024 8:09
TX001926,AC00062,138.33,7/7/2023 17:58,Debit,Dallas,Online,21,Student,1,232.56,11/4/2024 8:09
TX001927,AC00026,39.31,10/30/2023 17:24,Debit,Portland,Online,25,Student,1,1236.38,11/4/2024 8:06
TX001928,AC00201,91.85,10/16/2023 16:50,Debit,Seattle,Online,21,Student,1,802.09,11/4/2024 8:12
TX001929,AC00377,277.7,6/22/2023 16:38,Debit,Nashville,Branch,58,Engineer,1,1423.2,11/4/2024 8:11
TX001930,AC00269,114.03,11/24/2023 16:30,Debit,Portland,ATM,51,Doctor,1,13388.56,11/4/2024 8:11
TX001931,AC00239,302.63,2/28/2023 17:24,Credit,San Jose,Branch,27,Engineer,1,2801.28,11/4/2024 8:07
TX001932,AC00070,31.19,4/25/2023 16:23,Debit,Charlotte,ATM,52,Engineer,1,5545.96,11/4/2024 8:09
TX001933,AC00284,112.91,11/15/2023 18:04,Credit,Tucson,Online,27,Engineer,1,4764.48,11/4/2024 8:09
TX001934,AC00337,742.26,6/20/2023 17:04,Debit,San Diego,Online,27,Engineer,1,7868.19,11/4/2024 8:10
TX001935,AC00051,256.8,2/24/2023 16:49,Debit,Charlotte,ATM,26,Student,1,1128.38,11/4/2024 8:09
TX001936,AC00328,378.68,1/6/2023 17:23,Debit,Fort Worth,ATM,60,Doctor,1,7627.04,11/4/2024 8:07
TX001937,AC00064,571.93,9/20/2023 17:44,Debit,Washington,Online,52,Retired,1,4026.03,11/4/2024 8:06
TX001938,AC00231,26.31,8/11/2023 16:38,Credit,Austin,Online,77,Retired,1,7095.76,11/4/2024 8:06
TX001939,AC00362,205.58,8/16/2023 17:49,Debit,Portland,Online,20,Student,1,1501.95,11/4/2024 8:07
TX001940,AC00363,533.61,12/20/2023 16:17,Debit,Mesa,Online,48,Engineer,1,3656.93,11/4/2024 8:11
TX001941,AC00196,428.62,6/5/2023 16:02,Debit,Raleigh,Branch,55,Retired,1,3473.24,11/4/2024 8:10
TX001942,AC00360,361.22,4/17/2023 17:58,Debit,Raleigh,ATM,64,Retired,1,7061.73,11/4/2024 8:10
TX001943,AC00499,837.29,11/27/2023 16:14,Debit,Phoenix,Branch,25,Student,1,6012.67,11/4/2024 8:07
TX001944,AC00213,117.25,4/3/2023 16:35,Credit,Atlanta,Online,31,Doctor,1,13694.68,11/4/2024 8:08
TX001945,AC00165,135.27,8/10/2023 16:16,Debit,Atlanta,ATM,48,Doctor,1,9410.51,11/4/2024 8:09
TX001946,AC00299,185.1,8/8/2023 16:21,Debit,Albuquerque,Branch,53,Retired,1,6115.63,11/4/2024 8:10
TX001947,AC00119,113.54,9/22/2023 16:42,Debit,Columbus,Online,38,Engineer,1,5581.21,11/4/2024 8:08
TX001948,AC00409,354.96,11/29/2023 16:27,Debit,Fort Worth,Online,69,Doctor,1,6712.94,11/4/2024 8:08
TX001949,AC00100,224.22,1/23/2023 18:45,Debit,Fresno,Branch,53,Doctor,1,8400.87,11/4/2024 8:12
TX001950,AC00244,737.1,7/19/2023 16:11,Debit,Washington,ATM,60,Retired,1,4644.19,11/4/2024 8:11
TX001951,AC00382,223.22,7/17/2023 16:20,Debit,Fort Worth,ATM,27,Student,1,1734.22,11/4/2024 8:08
TX001952,AC00389,557.26,10/4/2023 17:06,Debit,San Jose,ATM,69,Doctor,1,5237.12,11/4/2024 8:09
TX001953,AC00350,1496.57,2/27/2023 16:18,Debit,Memphis,Online,33,Engineer,1,969.06,11/4/2024 8:06
TX001954,AC00275,27.44,11/6/2023 17:23,Debit,Boston,ATM,62,Retired,1,5950.48,11/4/2024 8:08
TX001955,AC00231,310.09,11/24/2023 16:49,Debit,Detroit,Branch,36,Doctor,1,9962.5,11/4/2024 8:10
TX001956,AC00449,80.38,3/6/2023 16:25,Debit,Kansas City,Online,52,Doctor,1,9662.88,11/4/2024 8:09
TX001957,AC00248,26.1,12/1/2023 17:45,Credit,Detroit,Branch,66,Doctor,1,5243,11/4/2024 8:10
TX001958,AC00301,845.14,1/9/2023 16:21,Credit,Oklahoma City,Branch,73,Retired,1,1702.65,11/4/2024 8:11
TX001959,AC00023,59.73,5/22/2023 16:38,Debit,Fresno,ATM,27,Student,1,800.93,11/4/2024 8:10
TX001960,AC00272,758.77,6/23/2023 16:12,Debit,San Antonio,ATM,60,Engineer,1,7231.47,11/4/2024 8:08
TX001961,AC00377,301.51,2/24/2023 16:33,Debit,Charlotte,ATM,22,Student,1,1052.31,11/4/2024 8:11
TX001962,AC00276,418.03,9/4/2023 17:46,Debit,Austin,Online,58,Doctor,1,10721.29,11/4/2024 8:08
TX001963,AC00427,118.06,5/24/2023 17:07,Credit,Las Vegas,Branch,32,Doctor,1,13560.63,11/4/2024 8:07
TX001964,AC00220,483.92,10/16/2023 18:57,Debit,New York,ATM,70,Retired,1,3138,11/4/2024 8:06
TX001965,AC00370,78.93,2/17/2023 16:41,Debit,Mesa,ATM,38,Doctor,1,9916.24,11/4/2024 8:12
TX001966,AC00187,36.63,5/4/2023 17:02,Debit,Miami,ATM,75,Retired,1,7941.73,11/4/2024 8:07
TX001967,AC00293,87.85,12/13/2023 17:25,Debit,Colorado Springs,Branch,49,Engineer,1,3753.24,11/4/2024 8:07
TX001968,AC00203,1001.83,7/17/2023 17:46,Debit,Philadelphia,Online,31,Doctor,1,9733.83,11/4/2024 8:11
TX001969,AC00016,705.34,9/12/2023 18:52,Debit,Washington,Online,59,Doctor,1,5003.22,11/4/2024 8:12
TX001970,AC00189,146.55,8/3/2023 18:35,Debit,Virginia Beach,Online,54,Retired,5,4087.44,11/4/2024 8:07
TX001971,AC00005,116.89,11/20/2023 16:31,Debit,Columbus,Online,71,Retired,1,4880.31,11/4/2024 8:06
TX001972,AC00190,106.41,1/16/2023 16:37,Debit,Los Angeles,Branch,57,Retired,1,1310.38,11/4/2024 8:07
TX001973,AC00480,1087.9,3/27/2023 18:06,Debit,Boston,ATM,78,Retired,1,2513.51,11/4/2024 8:12
TX001974,AC00407,584.41,1/2/2023 16:51,Debit,Las Vegas,ATM,23,Student,1,4475.22,11/4/2024 8:11
TX001975,AC00195,584.98,6/12/2023 16:25,Credit,Chicago,Branch,55,Retired,1,6521.05,11/4/2024 8:07
TX001976,AC00260,79.21,11/24/2023 17:52,Debit,Colorado Springs,Branch,56,Retired,1,1615.04,11/4/2024 8:07
TX001977,AC00006,173.13,10/5/2023 16:46,Credit,Atlanta,Online,20,Student,1,1490.34,11/4/2024 8:07
TX001978,AC00294,335.7,1/30/2023 17:47,Debit,El Paso,ATM,80,Retired,1,6601.44,11/4/2024 8:10
TX001979,AC00327,1225.5,11/27/2023 16:02,Credit,Las Vegas,Online,50,Doctor,1,8611.17,11/4/2024 8:11
TX001980,AC00013,422.81,11/20/2023 16:07,Debit,Los Angeles,Branch,28,Student,1,1929.28,11/4/2024 8:10
TX001981,AC00386,135.43,10/6/2023 16:14,Debit,San Jose,ATM,57,Retired,1,5315.83,11/4/2024 8:08
TX001982,AC00256,584.88,12/19/2023 17:19,Debit,Philadelphia,ATM,26,Student,1,548.45,11/4/2024 8:11
TX001983,AC00439,308.94,4/3/2023 16:35,Debit,Los Angeles,Online,25,Student,1,1931.66,11/4/2024 8:07
TX001984,AC00088,295.93,2/20/2023 17:26,Debit,Boston,Branch,36,Doctor,1,1050.63,11/4/2024 8:09
TX001985,AC00303,1512.99,8/8/2023 17:15,Debit,Philadelphia,Online,19,Student,1,9963.39,11/4/2024 8:09
TX001986,AC00245,77.44,6/26/2023 16:28,Debit,Washington,Branch,58,Retired,1,1950.63,11/4/2024 8:10
TX001987,AC00188,92.5,9/25/2023 16:22,Credit,Seattle,Online,40,Engineer,1,6295.45,11/4/2024 8:08
TX001988,AC00225,97.74,9/4/2023 16:46,Credit,Los Angeles,Online,41,Engineer,1,4113.63,11/4/2024 8:07
TX001989,AC00278,291.68,8/7/2023 18:07,Debit,Columbus,ATM,21,Student,1,1451.02,11/4/2024 8:11
TX001990,AC00311,56.96,6/26/2023 17:38,Debit,Albuquerque,ATM,22,Student,1,1597.85,11/4/2024 8:07
TX001991,AC00206,436.8,7/3/2023 16:15,Debit,Seattle,Online,27,Student,1,1256.33,11/4/2024 8:10
TX001992,AC00329,259.49,6/9/2023 16:31,Debit,Austin,Online,72,Retired,1,7320.61,11/4/2024 8:07
TX001993,AC00338,726.26,2/13/2023 17:13,Debit,Omaha,Online,57,Retired,1,2150.38,11/4/2024 8:06
TX001994,AC00409,568.68,4/25/2023 18:47,Debit,Houston,ATM,72,Retired,1,2940.04,11/4/2024 8:08
TX001995,AC00114,77.57,12/13/2023 17:02,Debit,Atlanta,Online,49,Doctor,1,12801.93,11/4/2024 8:07
TX001996,AC00460,999.28,5/22/2023 17:45,Debit,Boston,Online,29,Engineer,1,4272.41,11/4/2024 8:12
TX001997,AC00373,14.16,1/9/2023 16:49,Credit,Oklahoma City,Branch,74,Retired,1,5399.76,11/4/2024 8:10
TX001998,AC00021,1142.83,7/14/2023 17:44,Credit,Omaha,Branch,61,Retired,1,2467.39,11/4/2024 8:11
TX001999,AC00235,61.33,9/20/2023 18:18,Debit,Raleigh,ATM,27,Engineer,1,7537.4,11/4/2024 8:06
TX002000,AC00261,27.64,6/9/2023 17:14,Debit,New York,Online,54,Engineer,1,7498.51,11/4/2024 8:08
TX002001,AC00456,3.85,4/17/2023 16:27,Debit,San Jose,ATM,29,Doctor,1,10506.41,11/4/2024 8:08
TX002002,AC00332,431.22,4/21/2023 16:25,Credit,Austin,Branch,73,Retired,1,6505.98,11/4/2024 8:07
TX002003,AC00245,178.55,12/15/2023 16:16,Debit,Houston,Branch,55,Engineer,1,7568.4,11/4/2024 8:12
TX002004,AC00388,248.76,5/24/2023 16:12,Debit,Denver,ATM,18,Student,1,546.46,11/4/2024 8:06
TX002005,AC00008,76.16,11/21/2023 16:45,Debit,San Francisco,ATM,23,Student,1,1072.25,11/4/2024 8:12
TX002006,AC00066,347.25,1/30/2023 18:49,Debit,Indianapolis,ATM,69,Doctor,1,7273.55,11/4/2024 8:08
TX002007,AC00227,28.04,2/15/2023 16:37,Debit,Los Angeles,ATM,57,Doctor,5,11197.54,11/4/2024 8:12
TX002008,AC00352,325.98,7/20/2023 16:58,Debit,Washington,ATM,19,Student,1,782.35,11/4/2024 8:08
TX002009,AC00481,249.56,11/20/2023 16:05,Debit,New York,Branch,76,Retired,1,4444.95,11/4/2024 8:11
TX002010,AC00341,17.43,2/23/2023 16:21,Debit,Albuquerque,ATM,56,Doctor,1,10658.88,11/4/2024 8:08
TX002011,AC00065,198.01,4/24/2023 17:46,Credit,Austin,Branch,26,Student,1,250.93,11/4/2024 8:10
TX002012,AC00248,585.58,9/4/2023 16:13,Debit,Raleigh,Branch,23,Student,1,1729.02,11/4/2024 8:09
TX002013,AC00177,434.67,12/5/2023 18:33,Credit,Virginia Beach,Online,27,Student,1,1298.13,11/4/2024 8:10
TX002014,AC00139,510.7,6/7/2023 16:35,Credit,Nashville,Online,27,Student,1,5828.48,11/4/2024 8:07
TX002015,AC00252,331.98,8/28/2023 16:40,Debit,Denver,ATM,74,Retired,1,7600.99,11/4/2024 8:09
TX002016,AC00286,199.54,10/10/2023 17:24,Debit,Portland,Online,56,Engineer,1,9603.73,11/4/2024 8:10
TX002017,AC00001,212.97,11/14/2023 16:56,Debit,Atlanta,Online,59,Engineer,1,4180.4,11/4/2024 8:10
TX002018,AC00453,270.56,2/17/2023 16:57,Debit,Philadelphia,Online,23,Student,1,1268.44,11/4/2024 8:08
TX002019,AC00291,306.37,6/27/2023 18:26,Debit,Colorado Springs,ATM,26,Engineer,1,9609.67,11/4/2024 8:07
TX002020,AC00113,643.02,10/2/2023 17:47,Credit,Detroit,ATM,38,Doctor,1,11989.39,11/4/2024 8:07
TX002021,AC00390,98.48,2/16/2023 17:14,Debit,Miami,Branch,47,Engineer,1,9538.92,11/4/2024 8:11
TX002022,AC00345,889.01,8/29/2023 17:55,Debit,Virginia Beach,Online,36,Engineer,1,4826.88,11/4/2024 8:11
TX002023,AC00011,537.86,9/19/2023 16:44,Debit,Kansas City,Online,27,Student,1,293.06,11/4/2024 8:09
TX002024,AC00106,241.18,5/30/2023 18:29,Debit,Mesa,ATM,25,Student,1,1445.53,11/4/2024 8:06
TX002025,AC00087,130.54,4/5/2023 17:20,Debit,Atlanta,ATM,64,Doctor,1,11204.62,11/4/2024 8:09
TX002026,AC00441,800.29,12/4/2023 16:25,Credit,San Diego,Branch,20,Student,1,693.4,11/4/2024 8:11
TX002027,AC00069,8.81,5/22/2023 16:57,Debit,Dallas,Online,57,Doctor,1,13523.65,11/4/2024 8:09
TX002028,AC00020,28.52,6/2/2023 16:54,Debit,Detroit,ATM,20,Student,1,662.51,11/4/2024 8:08
TX002029,AC00172,431.31,5/1/2023 16:18,Credit,Atlanta,Online,23,Student,1,342.73,11/4/2024 8:09
TX002030,AC00237,885.33,8/22/2023 18:41,Credit,Raleigh,ATM,47,Engineer,1,7764.16,11/4/2024 8:10
TX002031,AC00186,199.23,9/4/2023 16:04,Debit,Tucson,ATM,29,Engineer,1,9834,11/4/2024 8:07
TX002032,AC00165,42.26,10/26/2023 16:19,Debit,Raleigh,ATM,44,Doctor,1,268.77,11/4/2024 8:09
TX002033,AC00438,166.06,7/14/2023 16:06,Debit,Indianapolis,ATM,30,Engineer,1,5397.68,11/4/2024 8:07
TX002034,AC00435,357.72,8/7/2023 17:29,Debit,Miami,ATM,53,Retired,1,7659.5,11/4/2024 8:11
TX002035,AC00472,588.37,1/5/2023 17:48,Debit,Dallas,Online,28,Student,1,1926.08,11/4/2024 8:07
TX002036,AC00446,72.82,11/10/2023 16:50,Debit,Houston,Online,68,Doctor,1,6911.62,11/4/2024 8:06
TX002037,AC00427,162.36,11/22/2023 16:10,Debit,Tucson,Online,36,Engineer,1,7527.04,11/4/2024 8:09
TX002038,AC00230,584.82,10/17/2023 16:11,Credit,Nashville,Online,43,Doctor,1,12071.1,11/4/2024 8:09
TX002039,AC00172,38.15,10/6/2023 16:37,Credit,Oklahoma City,Online,72,Retired,1,1425.47,11/4/2024 8:12
TX002040,AC00103,477.54,8/21/2023 17:20,Credit,San Francisco,ATM,23,Student,1,1598.63,11/4/2024 8:06
TX002041,AC00467,639.57,12/18/2023 16:25,Debit,Philadelphia,Branch,60,Doctor,1,11726.47,11/4/2024 8:12
TX002042,AC00094,58.23,7/26/2023 17:25,Debit,Phoenix,Online,28,Student,1,9189.76,11/4/2024 8:09
TX002043,AC00231,776.21,2/22/2023 17:15,Credit,Raleigh,Online,78,Retired,1,4895.87,11/4/2024 8:06
TX002044,AC00032,248.76,3/20/2023 18:51,Debit,Portland,Branch,21,Student,1,6178.77,11/4/2024 8:09
TX002045,AC00241,188.61,1/1/2024 17:16,Debit,Boston,Online,67,Retired,1,7167.57,11/4/2024 8:06
TX002046,AC00263,675.37,12/29/2023 16:45,Credit,Jacksonville,Online,56,Retired,1,4704.91,11/4/2024 8:11
TX002047,AC00012,94.82,3/21/2023 16:36,Credit,Columbus,Branch,67,Retired,1,1267.72,11/4/2024 8:12
TX002048,AC00009,425.18,2/20/2023 16:16,Credit,Fresno,Online,59,Engineer,1,5790.55,11/4/2024 8:11
TX002049,AC00041,50.28,2/2/2023 16:20,Debit,Oklahoma City,Branch,60,Engineer,1,5729.1,11/4/2024 8:06
TX002050,AC00317,864.72,8/25/2023 16:35,Credit,Detroit,Branch,34,Engineer,1,7379.38,11/4/2024 8:11
TX002051,AC00475,70.68,11/22/2023 17:01,Debit,El Paso,Online,25,Student,1,1478.41,11/4/2024 8:10
TX002052,AC00181,261.77,1/12/2023 18:07,Debit,Chicago,Online,28,Student,1,824.71,11/4/2024 8:11
TX002053,AC00120,183.22,10/5/2023 18:40,Debit,Milwaukee,ATM,27,Student,1,1024.42,11/4/2024 8:07
TX002054,AC00331,58.32,7/31/2023 16:21,Credit,Louisville,Branch,29,Engineer,4,6027.49,11/4/2024 8:06
TX002055,AC00500,156.86,1/30/2023 16:37,Debit,Charlotte,ATM,51,Doctor,1,14453.35,11/4/2024 8:10
TX002056,AC00292,120.67,12/25/2023 18:16,Debit,Colorado Springs,ATM,42,Doctor,1,5374.54,11/4/2024 8:12
TX002057,AC00436,308.62,10/6/2023 18:59,Credit,Sacramento,Branch,59,Engineer,1,9148.08,11/4/2024 8:06
TX002058,AC00476,506.81,12/20/2023 16:17,Debit,Milwaukee,ATM,59,Engineer,1,2757.23,11/4/2024 8:08
TX002059,AC00391,328.39,11/9/2023 16:47,Debit,New York,ATM,41,Engineer,1,2523.83,11/4/2024 8:11
TX002060,AC00267,796.3,3/22/2023 16:03,Debit,Austin,Branch,67,Retired,1,1498.79,11/4/2024 8:08
TX002061,AC00034,72.47,10/17/2023 18:02,Debit,Boston,Online,29,Doctor,1,1305.56,11/4/2024 8:11
TX002062,AC00425,279.6,5/31/2023 16:28,Debit,Fort Worth,ATM,25,Student,1,1910.9,11/4/2024 8:06
TX002063,AC00048,304.2,6/8/2023 16:06,Debit,Indianapolis,Online,25,Student,1,423.64,11/4/2024 8:10
TX002064,AC00110,351.38,6/26/2023 18:41,Debit,New York,Branch,64,Retired,1,7606.63,11/4/2024 8:06
TX002065,AC00427,86.07,11/20/2023 18:40,Debit,Dallas,Branch,31,Doctor,1,842.56,11/4/2024 8:12
TX002066,AC00483,604.5,8/8/2023 18:39,Debit,Portland,ATM,28,Student,1,709.42,11/4/2024 8:06
TX002067,AC00310,258.7,2/22/2023 17:12,Debit,Charlotte,ATM,27,Student,1,1358.37,11/4/2024 8:06
TX002068,AC00179,994.63,6/21/2023 16:00,Debit,Austin,Online,61,Doctor,1,13538.14,11/4/2024 8:09
TX002069,AC00363,11.46,1/31/2023 17:14,Credit,Austin,Branch,75,Retired,1,7258.33,11/4/2024 8:08
TX002070,AC00080,63.76,6/27/2023 17:44,Debit,San Antonio,ATM,69,Retired,1,4980.26,11/4/2024 8:10
TX002071,AC00158,446.83,6/26/2023 18:51,Credit,Miami,Branch,55,Retired,1,1623.5,11/4/2024 8:09
TX002072,AC00033,63.54,5/22/2023 18:23,Debit,Dallas,ATM,26,Engineer,1,4401.78,11/4/2024 8:07
TX002073,AC00492,81.11,10/16/2023 18:07,Debit,Charlotte,Online,48,Engineer,1,2051.37,11/4/2024 8:07
TX002074,AC00228,441.26,2/27/2023 16:07,Credit,Tucson,Branch,58,Doctor,5,13704.92,11/4/2024 8:11
TX002075,AC00058,170.96,12/28/2023 16:46,Debit,Washington,Branch,64,Doctor,1,13374.89,11/4/2024 8:06
TX002076,AC00427,48.51,1/9/2023 17:22,Debit,Austin,Branch,22,Student,1,3363.23,11/4/2024 8:10
TX002077,AC00236,325.03,1/11/2023 17:04,Debit,Jacksonville,Branch,60,Doctor,1,13521.76,11/4/2024 8:10
TX002078,AC00144,125.83,5/29/2023 17:14,Debit,Los Angeles,ATM,57,Retired,1,6109.86,11/4/2024 8:11
TX002079,AC00256,506.83,4/24/2023 17:27,Debit,Indianapolis,Branch,37,Engineer,1,9975.79,11/4/2024 8:07
TX002080,AC00054,738.94,10/9/2023 18:54,Debit,Philadelphia,Branch,41,Doctor,1,13856.18,11/4/2024 8:08
TX002081,AC00492,180.36,5/30/2023 16:12,Credit,Oklahoma City,Online,33,Engineer,1,9905.23,11/4/2024 8:06
TX002082,AC00498,225.1,12/11/2023 17:28,Debit,Boston,ATM,28,Student,1,1547.71,11/4/2024 8:07
TX002083,AC00005,359.51,11/30/2023 18:08,Debit,Charlotte,Online,79,Retired,1,7153.72,11/4/2024 8:12
TX002084,AC00204,720.46,12/7/2023 16:10,Debit,Tucson,Branch,54,Retired,1,3101.54,11/4/2024 8:08
TX002085,AC00428,1116.57,2/23/2023 16:54,Debit,Tucson,ATM,56,Retired,1,1393.14,11/4/2024 8:07
TX002086,AC00019,291.46,2/8/2023 16:29,Debit,Miami,ATM,57,Retired,1,7142.53,11/4/2024 8:10
TX002087,AC00029,1192.95,12/4/2023 18:30,Debit,Las Vegas,Branch,23,Student,1,325.15,11/4/2024 8:08
TX002088,AC00449,98.24,4/10/2023 17:58,Debit,Mesa,Online,28,Student,1,580.66,11/4/2024 8:08
TX002089,AC00213,100.48,2/17/2023 16:53,Credit,Milwaukee,Branch,18,Student,1,6149.81,11/4/2024 8:12
TX002090,AC00076,45.9,7/4/2023 18:55,Debit,Columbus,Branch,56,Engineer,1,5698.25,11/4/2024 8:07
TX002091,AC00442,258.21,11/27/2023 17:19,Debit,San Antonio,Online,39,Doctor,1,9562.41,11/4/2024 8:10
TX002092,AC00228,1079.11,5/5/2023 16:42,Debit,Las Vegas,Online,53,Engineer,1,2038.31,11/4/2024 8:07
TX002093,AC00081,287.51,5/22/2023 16:57,Debit,El Paso,Online,22,Student,1,187.65,11/4/2024 8:08
TX002094,AC00072,501.3,5/22/2023 18:27,Credit,San Antonio,Online,26,Engineer,1,8520.08,11/4/2024 8:08
TX002095,AC00261,26.1,2/17/2023 16:21,Debit,Mesa,ATM,27,Student,1,1435.72,11/4/2024 8:07
TX002096,AC00082,436.77,9/28/2023 16:14,Debit,Jacksonville,ATM,20,Student,1,825.69,11/4/2024 8:09
TX002097,AC00334,292.38,5/15/2023 16:49,Debit,Baltimore,ATM,68,Doctor,1,5803.89,11/4/2024 8:09
TX002098,AC00251,1026.46,6/21/2023 16:40,Debit,Philadelphia,Branch,53,Retired,1,3134.47,11/4/2024 8:07
TX002099,AC00481,25.29,7/27/2023 18:34,Debit,Miami,Online,50,Engineer,1,5374.69,11/4/2024 8:06
TX002100,AC00239,123.35,8/11/2023 17:00,Credit,Baltimore,Online,31,Doctor,1,6852.16,11/4/2024 8:09
TX002101,AC00394,139.52,9/22/2023 18:02,Debit,Portland,Branch,23,Student,1,1570.22,11/4/2024 8:08
TX002102,AC00374,51.2,3/13/2023 18:45,Debit,Tucson,Online,18,Student,1,730.6,11/4/2024 8:06
TX002103,AC00054,122.85,11/29/2023 17:38,Credit,Seattle,Online,47,Doctor,3,13185.39,11/4/2024 8:07
TX002104,AC00281,161.38,11/9/2023 16:06,Credit,Colorado Springs,Online,24,Student,1,3900.34,11/4/2024 8:10
TX002105,AC00140,2.51,4/17/2023 16:04,Debit,Baltimore,Online,63,Retired,1,4891.56,11/4/2024 8:11
TX002106,AC00058,22.62,5/10/2023 16:35,Debit,Virginia Beach,ATM,64,Doctor,1,7682,11/4/2024 8:11
TX002107,AC00066,126.83,2/20/2023 16:40,Debit,Austin,Branch,57,Retired,1,6100.98,11/4/2024 8:10
TX002108,AC00190,46.6,8/30/2023 17:54,Debit,Detroit,Online,55,Doctor,1,1562.9,11/4/2024 8:06
TX002109,AC00452,243.8,1/3/2023 16:42,Debit,San Francisco,Branch,57,Doctor,1,13732.81,11/4/2024 8:10
TX002110,AC00099,231.51,8/28/2023 17:22,Credit,Oklahoma City,Branch,60,Retired,1,5790.7,11/4/2024 8:12
TX002111,AC00126,175.05,1/2/2023 17:05,Debit,San Francisco,Online,39,Engineer,1,1447.35,11/4/2024 8:08
TX002112,AC00021,762.74,5/2/2023 17:24,Debit,Los Angeles,ATM,64,Doctor,1,207.1,11/4/2024 8:06
TX002113,AC00353,34.03,5/22/2023 17:09,Debit,Los Angeles,Branch,57,Engineer,1,3077.2,11/4/2024 8:09
TX002114,AC00482,15.95,3/14/2023 17:10,Debit,Raleigh,Branch,25,Student,1,1983,11/4/2024 8:11
TX002115,AC00427,926.53,11/24/2023 17:24,Debit,Milwaukee,ATM,57,Engineer,1,3120.1,11/4/2024 8:06
TX002116,AC00430,101.51,3/23/2023 16:17,Credit,Tucson,Online,46,Engineer,1,3052.47,11/4/2024 8:11
TX002117,AC00043,309.42,10/18/2023 16:51,Debit,Fresno,Branch,27,Engineer,1,8564.46,11/4/2024 8:10
TX002118,AC00186,257.6,12/18/2023 16:30,Credit,Fort Worth,Online,59,Retired,1,7950.74,11/4/2024 8:09
TX002119,AC00248,746.78,11/27/2023 16:29,Credit,Mesa,Branch,21,Student,1,1699.81,11/4/2024 8:07
TX002120,AC00069,82.01,12/25/2023 17:27,Credit,Sacramento,Branch,23,Student,1,287.46,11/4/2024 8:07
TX002121,AC00002,476.99,1/10/2023 16:00,Debit,San Diego,Online,23,Student,1,1154.48,11/4/2024 8:10
TX002122,AC00090,320.11,8/31/2023 16:26,Debit,El Paso,Branch,23,Student,1,4076.48,11/4/2024 8:07
TX002123,AC00210,333.39,9/11/2023 16:36,Debit,Philadelphia,ATM,68,Doctor,1,10628.59,11/4/2024 8:08
TX002124,AC00014,10.3,12/7/2023 16:59,Debit,Fresno,ATM,47,Engineer,1,7801.32,11/4/2024 8:10
TX002125,AC00039,737.46,1/3/2023 16:28,Credit,Albuquerque,Branch,53,Doctor,4,634.16,11/4/2024 8:07
TX002126,AC00021,416.55,5/5/2023 17:31,Debit,Oklahoma City,Online,33,Engineer,1,922.96,11/4/2024 8:07
TX002127,AC00242,84.91,10/16/2023 18:38,Debit,Raleigh,Online,18,Student,1,1671.86,11/4/2024 8:06
TX002128,AC00413,98.95,12/29/2023 17:37,Debit,Mesa,Branch,75,Retired,1,5670.82,11/4/2024 8:07
TX002129,AC00082,18.14,2/17/2023 18:46,Credit,Milwaukee,ATM,58,Retired,1,6020.85,11/4/2024 8:11
TX002130,AC00304,1154.79,8/2/2023 17:52,Debit,Columbus,ATM,51,Doctor,1,6180.3,11/4/2024 8:11
TX002131,AC00098,215.13,1/5/2023 16:02,Debit,Charlotte,Online,46,Engineer,1,3956.69,11/4/2024 8:08
TX002132,AC00372,218.57,10/16/2023 16:30,Credit,Memphis,Branch,62,Doctor,1,13869.86,11/4/2024 8:08
TX002133,AC00274,341.88,6/14/2023 16:34,Debit,Austin,ATM,43,Engineer,1,4159.52,11/4/2024 8:11
TX002134,AC00080,691.92,7/10/2023 16:37,Debit,Boston,Online,19,Student,1,1084.65,11/4/2024 8:12
TX002135,AC00064,50.43,7/10/2023 16:06,Debit,San Jose,Branch,32,Doctor,1,9794.26,11/4/2024 8:09
TX002136,AC00241,440.43,9/21/2023 17:41,Debit,Colorado Springs,Branch,78,Retired,1,5123.24,11/4/2024 8:07
TX002137,AC00055,299.03,1/19/2023 17:27,Debit,Columbus,Branch,39,Engineer,1,1381.28,11/4/2024 8:10
TX002138,AC00215,1.98,12/25/2023 17:41,Debit,Seattle,ATM,66,Doctor,1,11619.1,11/4/2024 8:10
TX002139,AC00037,173.45,12/25/2023 16:25,Debit,Philadelphia,ATM,31,Engineer,1,9077.62,11/4/2024 8:07
TX002140,AC00325,438.76,2/13/2023 16:48,Debit,San Antonio,Branch,22,Student,1,1824.19,11/4/2024 8:11
TX002141,AC00394,519.62,11/23/2023 17:42,Credit,Washington,Online,71,Retired,1,4159.33,11/4/2024 8:06
TX002142,AC00164,738.68,3/7/2023 16:36,Debit,Chicago,Online,50,Doctor,1,14352.33,11/4/2024 8:11
TX002143,AC00096,151.14,6/1/2023 16:18,Debit,Memphis,Online,64,Retired,1,2156.54,11/4/2024 8:11
TX002144,AC00402,75.77,8/7/2023 17:48,Debit,Charlotte,Branch,51,Engineer,1,8361.7,11/4/2024 8:09
TX002145,AC00077,444.52,4/4/2023 16:11,Debit,Louisville,Online,27,Engineer,1,5424.6,11/4/2024 8:06
TX002146,AC00116,5.29,3/8/2023 18:51,Debit,Indianapolis,Online,52,Doctor,1,11263.89,11/4/2024 8:09
TX002147,AC00145,97.63,5/15/2023 16:05,Credit,Milwaukee,Online,48,Doctor,1,12467.31,11/4/2024 8:11
TX002148,AC00457,256.95,5/4/2023 16:37,Debit,San Diego,Branch,26,Engineer,1,2531.24,11/4/2024 8:08
TX002149,AC00021,734.86,12/8/2023 16:36,Credit,Boston,Branch,48,Engineer,1,6242.03,11/4/2024 8:08
TX002150,AC00110,1250.94,2/28/2023 17:45,Debit,Columbus,ATM,36,Doctor,2,11565.97,11/4/2024 8:08
TX002151,AC00284,84.28,6/12/2023 17:09,Debit,Memphis,Branch,39,Doctor,1,13586.06,11/4/2024 8:07
TX002152,AC00012,927.45,8/7/2023 18:52,Debit,Austin,ATM,24,Student,1,1161.84,11/4/2024 8:07
TX002153,AC00065,202.49,12/28/2023 16:30,Credit,Virginia Beach,ATM,48,Engineer,1,7447.1,11/4/2024 8:08
TX002154,AC00439,154.99,8/28/2023 17:07,Debit,Mesa,Branch,25,Student,1,1419.31,11/4/2024 8:08
TX002155,AC00157,481.53,9/12/2023 17:21,Debit,Atlanta,Branch,58,Retired,1,6142.54,11/4/2024 8:11
TX002156,AC00013,172.92,8/28/2023 16:56,Debit,Miami,Online,20,Student,1,416.37,11/4/2024 8:08
TX002157,AC00355,275.59,10/10/2023 16:49,Credit,Philadelphia,Branch,53,Retired,1,6313.22,11/4/2024 8:10
TX002158,AC00155,207.2,1/1/2024 16:12,Debit,Columbus,Online,60,Engineer,1,8092.94,11/4/2024 8:06
TX002159,AC00105,136.82,8/25/2023 18:24,Debit,Chicago,Branch,31,Engineer,1,6229.13,11/4/2024 8:08
TX002160,AC00216,624,2/16/2023 17:34,Debit,Houston,Branch,26,Engineer,5,4976.18,11/4/2024 8:11
TX002161,AC00297,179.38,8/10/2023 18:31,Debit,Chicago,Online,30,Engineer,1,8741.51,11/4/2024 8:08
TX002162,AC00139,10.15,2/23/2023 16:51,Debit,Austin,ATM,59,Doctor,5,7155.04,11/4/2024 8:11
TX002163,AC00205,26.3,12/12/2023 16:57,Debit,Virginia Beach,ATM,32,Doctor,1,7473.73,11/4/2024 8:09
TX002164,AC00148,319.5,6/9/2023 16:03,Credit,Virginia Beach,Branch,29,Engineer,1,2366.3,11/4/2024 8:10
TX002165,AC00064,182.42,3/22/2023 16:59,Debit,Kansas City,Branch,51,Retired,1,3051.29,11/4/2024 8:10
TX002166,AC00344,716.62,4/10/2023 16:04,Debit,Atlanta,ATM,44,Doctor,1,6987.4,11/4/2024 8:10
TX002167,AC00448,222.96,3/23/2023 17:26,Credit,Fresno,ATM,65,Doctor,1,7370.41,11/4/2024 8:12
TX002168,AC00446,79.77,1/23/2023 16:50,Debit,San Francisco,ATM,68,Retired,1,5010.31,11/4/2024 8:08
TX002169,AC00460,431.08,7/17/2023 18:24,Debit,Albuquerque,Branch,59,Retired,1,6760.22,11/4/2024 8:06
TX002170,AC00020,592.24,10/16/2023 16:49,Debit,Tucson,ATM,52,Doctor,1,9817.05,11/4/2024 8:07
TX002171,AC00202,200.19,7/18/2023 18:11,Credit,San Antonio,Branch,52,Retired,1,4389.96,11/4/2024 8:12
TX002172,AC00458,297.5,3/27/2023 17:16,Credit,Kansas City,Branch,73,Retired,1,6768.14,11/4/2024 8:07
TX002173,AC00139,345.86,11/20/2023 16:41,Debit,Omaha,ATM,51,Retired,1,1504.64,11/4/2024 8:09
TX002174,AC00210,343.88,12/11/2023 16:37,Debit,Nashville,Online,63,Retired,1,6486.18,11/4/2024 8:12
TX002175,AC00399,16.52,1/4/2023 17:00,Credit,Boston,Online,25,Student,1,835.53,11/4/2024 8:07
TX002176,AC00267,162.1,12/6/2023 17:34,Debit,Milwaukee,Branch,41,Engineer,1,8576.65,11/4/2024 8:08
TX002177,AC00414,36.12,11/29/2023 17:55,Debit,Houston,Online,22,Student,1,1593.03,11/4/2024 8:08
TX002178,AC00272,354.91,12/18/2023 16:33,Debit,Boston,ATM,74,Retired,1,3872.55,11/4/2024 8:09
TX002179,AC00220,38.41,4/11/2023 16:06,Debit,Denver,ATM,40,Doctor,1,9129.68,11/4/2024 8:07
TX002180,AC00276,53.52,3/31/2023 16:18,Debit,San Diego,Branch,49,Engineer,1,2227.49,11/4/2024 8:08
TX002181,AC00084,498.59,10/23/2023 18:41,Debit,Philadelphia,Online,57,Retired,1,2619.46,11/4/2024 8:11
TX002182,AC00189,13.3,6/6/2023 16:36,Debit,San Antonio,ATM,23,Student,1,213,11/4/2024 8:09
TX002183,AC00209,189.65,9/25/2023 16:32,Debit,Charlotte,ATM,21,Student,1,8457.09,11/4/2024 8:11
TX002184,AC00324,255.32,9/13/2023 16:14,Debit,Baltimore,ATM,80,Retired,1,6290.62,11/4/2024 8:07
TX002185,AC00159,230.51,2/17/2023 18:01,Credit,Memphis,Branch,51,Engineer,1,9522.37,11/4/2024 8:10
TX002186,AC00497,237.74,6/12/2023 18:51,Debit,Tucson,ATM,61,Doctor,1,11795.12,11/4/2024 8:10
TX002187,AC00257,512.76,4/11/2023 16:37,Debit,Fresno,ATM,52,Doctor,1,5121.36,11/4/2024 8:07
TX002188,AC00353,151.37,4/3/2023 16:55,Debit,Baltimore,ATM,54,Engineer,1,8356.08,11/4/2024 8:08
TX002189,AC00115,85.01,1/23/2023 18:35,Credit,Portland,ATM,25,Student,1,1299.4,11/4/2024 8:08
TX002190,AC00478,444.47,1/16/2023 16:15,Debit,San Jose,Online,57,Retired,1,6062.94,11/4/2024 8:10
TX002191,AC00497,184.19,4/24/2023 16:28,Debit,Indianapolis,ATM,67,Retired,1,7588.67,11/4/2024 8:10
TX002192,AC00131,879.25,11/7/2023 17:44,Credit,Memphis,Online,24,Student,1,125.85,11/4/2024 8:08
TX002193,AC00059,55.98,9/25/2023 16:41,Credit,Kansas City,Branch,24,Student,1,7047.04,11/4/2024 8:12
TX002194,AC00101,54.91,2/13/2023 16:08,Credit,Columbus,ATM,41,Engineer,1,7927.27,11/4/2024 8:07
TX002195,AC00418,1047.69,10/16/2023 16:32,Debit,Austin,Online,20,Student,1,1889.78,11/4/2024 8:10
TX002196,AC00384,393.74,12/4/2023 18:11,Debit,Charlotte,Online,26,Student,1,1769.06,11/4/2024 8:06
TX002197,AC00496,58.94,1/16/2023 16:16,Debit,Miami,Online,30,Engineer,1,4575.98,11/4/2024 8:08
TX002198,AC00145,515.57,1/2/2023 17:26,Debit,Columbus,ATM,27,Engineer,1,9269.67,11/4/2024 8:06
TX002199,AC00131,332.15,10/16/2023 17:12,Debit,Dallas,ATM,59,Doctor,1,9749.46,11/4/2024 8:07
TX002200,AC00224,177.94,9/26/2023 16:08,Debit,Milwaukee,Online,19,Student,1,123.24,11/4/2024 8:11
TX002201,AC00219,68.68,9/18/2023 16:15,Debit,Sacramento,Online,49,Engineer,1,4718.51,11/4/2024 8:06
TX002202,AC00385,1431.54,12/11/2023 16:23,Debit,Portland,Online,20,Student,1,1171.98,11/4/2024 8:08
TX002203,AC00133,240.03,2/27/2023 17:25,Debit,Atlanta,Online,33,Engineer,1,7807.73,11/4/2024 8:09
TX002204,AC00056,168.34,6/27/2023 18:14,Debit,Phoenix,ATM,64,Retired,1,7483.01,11/4/2024 8:11
TX002205,AC00358,474.77,10/6/2023 18:26,Debit,Boston,Online,46,Engineer,1,8494.53,11/4/2024 8:06
TX002206,AC00419,451.7,3/1/2023 16:56,Debit,Chicago,Online,29,Engineer,1,8994.67,11/4/2024 8:10
TX002207,AC00464,243.85,12/20/2023 16:41,Debit,Omaha,Branch,39,Engineer,1,4576.78,11/4/2024 8:08
TX002208,AC00430,5.76,8/28/2023 17:13,Debit,Houston,Branch,38,Engineer,1,5859.79,11/4/2024 8:09
TX002209,AC00071,435.08,7/24/2023 16:01,Debit,San Francisco,Online,55,Engineer,1,2103.41,11/4/2024 8:11
TX002210,AC00404,127.78,4/25/2023 16:41,Debit,Miami,ATM,20,Student,1,1046.66,11/4/2024 8:10
TX002211,AC00349,23.14,11/15/2023 17:23,Credit,Mesa,Online,47,Doctor,1,10536.54,11/4/2024 8:09
TX002212,AC00235,545.87,1/2/2023 16:31,Debit,Miami,Branch,27,Engineer,1,4860.01,11/4/2024 8:09
TX002213,AC00228,21.21,12/4/2023 16:20,Debit,Nashville,Online,55,Engineer,1,9575.42,11/4/2024 8:07
TX002214,AC00024,423.53,8/10/2023 17:08,Credit,Kansas City,Branch,50,Doctor,1,5453.4,11/4/2024 8:07
TX002215,AC00330,142.1,6/8/2023 17:08,Credit,San Francisco,Online,18,Student,1,1545.64,11/4/2024 8:11
TX002216,AC00290,1413.24,11/6/2023 18:59,Debit,New York,ATM,58,Engineer,1,7272.01,11/4/2024 8:11
TX002217,AC00042,114.15,2/21/2023 16:47,Debit,Atlanta,ATM,19,Student,1,1612.4,11/4/2024 8:08
TX002218,AC00203,275.98,12/15/2023 16:04,Credit,Washington,Online,72,Retired,1,6151.05,11/4/2024 8:07
TX002219,AC00248,590.68,9/25/2023 16:56,Debit,Washington,Branch,27,Student,1,852.2,11/4/2024 8:09
TX002220,AC00140,152.42,10/23/2023 16:45,Debit,San Jose,ATM,42,Doctor,1,9141.79,11/4/2024 8:12
TX002221,AC00095,395.77,2/27/2023 16:24,Credit,El Paso,Branch,43,Doctor,1,6425.99,11/4/2024 8:08
TX002222,AC00225,615.16,2/6/2023 16:40,Debit,Boston,Online,26,Student,1,214.61,11/4/2024 8:06
TX002223,AC00445,207.82,2/28/2023 16:34,Credit,Las Vegas,Online,19,Student,1,229.02,11/4/2024 8:07
TX002224,AC00385,220.52,6/7/2023 16:07,Debit,Seattle,ATM,57,Retired,1,1793.09,11/4/2024 8:07
TX002225,AC00143,281.47,8/18/2023 17:02,Debit,Philadelphia,ATM,34,Engineer,1,4437.48,11/4/2024 8:11
TX002226,AC00448,57.91,11/28/2023 16:45,Credit,Sacramento,Branch,58,Engineer,1,3641.06,11/4/2024 8:07
TX002227,AC00273,30.48,12/4/2023 16:27,Credit,Seattle,Branch,32,Doctor,1,11481.85,11/4/2024 8:07
TX002228,AC00291,1152.58,9/13/2023 17:58,Debit,Austin,Branch,65,Retired,1,7567.17,11/4/2024 8:11
TX002229,AC00337,453.09,6/5/2023 16:24,Debit,San Jose,Branch,48,Doctor,1,6708.65,11/4/2024 8:08
TX002230,AC00332,424.47,2/27/2023 16:05,Debit,Oklahoma City,Online,22,Student,1,5491.55,11/4/2024 8:08
TX002231,AC00040,228.4,1/5/2023 16:22,Debit,Omaha,ATM,67,Doctor,1,9598.43,11/4/2024 8:09
TX002232,AC00089,67.17,7/3/2023 18:03,Debit,Seattle,Online,63,Doctor,1,14410.44,11/4/2024 8:08
TX002233,AC00231,284.89,12/18/2023 17:53,Debit,Atlanta,Online,53,Doctor,1,9738.6,11/4/2024 8:06
TX002234,AC00277,118.69,2/13/2023 18:36,Debit,Omaha,Online,33,Doctor,1,749.34,11/4/2024 8:10
TX002235,AC00465,221.33,10/18/2023 18:17,Debit,Louisville,ATM,27,Student,1,1185.43,11/4/2024 8:09
TX002236,AC00205,252.31,3/29/2023 16:10,Credit,Seattle,ATM,26,Student,1,1584.6,11/4/2024 8:12
TX002237,AC00036,58.85,5/15/2023 17:15,Credit,Milwaukee,Online,71,Retired,1,1789.8,11/4/2024 8:06
TX002238,AC00227,194.68,4/24/2023 16:32,Debit,Memphis,Online,32,Doctor,1,14494.18,11/4/2024 8:11
TX002239,AC00251,433.53,10/19/2023 17:06,Debit,Philadelphia,Branch,38,Doctor,1,6368.32,11/4/2024 8:09
TX002240,AC00298,178.26,10/16/2023 16:55,Debit,Oklahoma City,ATM,59,Retired,1,1137.13,11/4/2024 8:08
TX002241,AC00315,207.65,9/11/2023 16:52,Debit,San Francisco,Online,34,Engineer,1,5143.8,11/4/2024 8:09
TX002242,AC00292,237,2/10/2023 16:50,Debit,Tucson,Online,49,Doctor,1,14021.4,11/4/2024 8:08
TX002243,AC00252,1169.59,12/25/2023 17:12,Debit,New York,Online,28,Student,1,5946.45,11/4/2024 8:11
TX002244,AC00400,347.63,12/13/2023 16:41,Credit,Chicago,Online,25,Student,1,1400.04,11/4/2024 8:08
TX002245,AC00384,517.68,4/5/2023 17:52,Debit,Omaha,ATM,31,Doctor,1,11305.81,11/4/2024 8:08
TX002246,AC00329,36.25,11/27/2023 18:28,Debit,Tucson,Branch,52,Doctor,1,193.06,11/4/2024 8:10
TX002247,AC00033,46.53,6/22/2023 17:27,Debit,San Francisco,ATM,42,Engineer,1,4468.12,11/4/2024 8:07
TX002248,AC00003,207.47,10/2/2023 18:57,Debit,Miami,ATM,53,Doctor,1,1688.9,11/4/2024 8:07
TX002249,AC00429,199.7,4/3/2023 18:41,Debit,Indianapolis,ATM,43,Engineer,1,7574.45,11/4/2024 8:08
TX002250,AC00488,307.89,7/10/2023 16:34,Credit,Nashville,Online,62,Retired,1,2637.55,11/4/2024 8:11
TX002251,AC00325,403.63,6/8/2023 16:56,Debit,Las Vegas,Branch,31,Engineer,3,3304.02,11/4/2024 8:07
TX002252,AC00359,20.06,4/19/2023 16:41,Debit,Memphis,ATM,27,Student,1,445.21,11/4/2024 8:10
TX002253,AC00478,236.57,9/1/2023 17:51,Debit,Sacramento,ATM,79,Retired,1,3488.77,11/4/2024 8:06
TX002254,AC00236,0.32,8/4/2023 17:44,Debit,Boston,ATM,39,Engineer,1,7158.58,11/4/2024 8:09
TX002255,AC00085,14.28,9/15/2023 17:03,Debit,Phoenix,ATM,23,Student,1,1597.51,11/4/2024 8:07
TX002256,AC00349,232.35,5/12/2023 16:14,Credit,Atlanta,Branch,33,Engineer,1,4186.25,11/4/2024 8:08
TX002257,AC00314,317.53,2/24/2023 18:25,Debit,Miami,Online,44,Engineer,1,6237.68,11/4/2024 8:06
TX002258,AC00056,74.67,5/15/2023 17:37,Debit,Indianapolis,ATM,43,Engineer,1,3449.35,11/4/2024 8:11
TX002259,AC00399,65.01,10/24/2023 17:28,Credit,Austin,Online,29,Doctor,1,10235.19,11/4/2024 8:09
TX002260,AC00324,0.45,7/26/2023 17:29,Debit,Kansas City,Branch,34,Engineer,1,8670.23,11/4/2024 8:10
TX002261,AC00095,364.13,2/3/2023 16:06,Debit,Fort Worth,ATM,63,Doctor,1,8198,11/4/2024 8:10
TX002262,AC00086,340.13,2/6/2023 17:23,Debit,Mesa,Branch,24,Student,3,1149.74,11/4/2024 8:11
TX002263,AC00279,15.81,3/2/2023 18:36,Debit,Oklahoma City,Branch,69,Doctor,4,8384.85,11/4/2024 8:12
TX002264,AC00431,222.66,6/28/2023 16:05,Debit,Detroit,Online,39,Doctor,1,14466.38,11/4/2024 8:10
TX002265,AC00369,638.24,3/9/2023 18:04,Debit,Phoenix,Branch,48,Engineer,1,5695.78,11/4/2024 8:11
TX002266,AC00089,241.21,9/25/2023 16:37,Debit,Omaha,ATM,31,Engineer,1,1220.86,11/4/2024 8:09
TX002267,AC00035,171.16,9/28/2023 16:33,Debit,New York,Online,51,Retired,1,6126.5,11/4/2024 8:11
TX002268,AC00416,1360.67,4/19/2023 16:38,Debit,Raleigh,Branch,29,Engineer,1,2861.65,11/4/2024 8:06
TX002269,AC00056,37.65,9/25/2023 17:29,Credit,San Jose,Online,27,Student,1,411.78,11/4/2024 8:11
TX002270,AC00197,25.77,10/2/2023 16:32,Debit,Memphis,Online,68,Retired,1,4331.54,11/4/2024 8:06
TX002271,AC00396,789.8,7/10/2023 16:04,Debit,Jacksonville,ATM,40,Doctor,1,13948.09,11/4/2024 8:07
TX002272,AC00295,308.85,11/29/2023 18:03,Credit,Los Angeles,Branch,20,Student,2,333.19,11/4/2024 8:08
TX002273,AC00268,1454.52,9/22/2023 16:13,Debit,Miami,ATM,27,Student,1,1189.03,11/4/2024 8:07
TX002274,AC00357,806.97,3/7/2023 17:48,Debit,Seattle,Online,25,Student,1,102.2,11/4/2024 8:08
TX002275,AC00490,364.81,6/26/2023 17:34,Debit,Charlotte,Online,25,Student,1,1145.23,11/4/2024 8:07
TX002276,AC00367,490.82,6/1/2023 18:04,Debit,Kansas City,ATM,26,Engineer,1,8704.27,11/4/2024 8:09
TX002277,AC00093,1021.38,1/27/2023 18:59,Debit,Detroit,Branch,61,Doctor,1,6223.26,11/4/2024 8:08
TX002278,AC00177,311.28,5/22/2023 16:41,Debit,Atlanta,Branch,49,Doctor,1,135.96,11/4/2024 8:09
TX002279,AC00118,85.03,4/10/2023 16:52,Debit,San Diego,ATM,51,Retired,1,4597.57,11/4/2024 8:06
TX002280,AC00183,307.75,4/12/2023 17:54,Debit,Detroit,Branch,64,Doctor,1,1061.58,11/4/2024 8:10
TX002281,AC00137,333.67,7/6/2023 18:09,Debit,Fort Worth,Online,36,Engineer,1,9238.08,11/4/2024 8:08
TX002282,AC00225,589.89,10/20/2023 16:29,Debit,Jacksonville,Branch,56,Engineer,3,9404.63,11/4/2024 8:12
TX002283,AC00191,372.08,3/6/2023 16:37,Debit,Houston,Branch,66,Doctor,1,13330.74,11/4/2024 8:12
TX002284,AC00373,502.9,9/18/2023 17:13,Credit,Fresno,Online,26,Student,1,341.24,11/4/2024 8:08
TX002285,AC00167,103.81,9/27/2023 16:39,Debit,Oklahoma City,ATM,36,Doctor,1,7044.63,11/4/2024 8:11
TX002286,AC00149,69.43,2/6/2023 17:38,Debit,Las Vegas,ATM,30,Engineer,1,9281.85,11/4/2024 8:08
TX002287,AC00453,110.4,9/21/2023 16:52,Credit,San Diego,ATM,56,Doctor,1,8639.36,11/4/2024 8:08
TX002288,AC00253,275.65,8/14/2023 16:52,Credit,Atlanta,Branch,28,Engineer,1,4957.57,11/4/2024 8:08
TX002289,AC00149,336.01,11/9/2023 18:45,Debit,Colorado Springs,Online,63,Doctor,4,9938.2,11/4/2024 8:08
TX002290,AC00359,251.8,4/3/2023 16:14,Debit,Mesa,ATM,62,Doctor,1,11796.66,11/4/2024 8:10
TX002291,AC00050,334.07,8/11/2023 17:27,Debit,New York,Branch,59,Engineer,1,7306.79,11/4/2024 8:10
TX002292,AC00054,52.44,9/6/2023 18:56,Debit,Raleigh,Online,27,Student,1,3157.75,11/4/2024 8:09
TX002293,AC00388,1030.85,9/4/2023 17:22,Debit,San Diego,ATM,25,Student,1,1941.8,11/4/2024 8:11
TX002294,AC00322,141.37,7/21/2023 16:54,Debit,Denver,Online,46,Engineer,1,1019.77,11/4/2024 8:11
TX002295,AC00140,211.7,11/13/2023 16:58,Credit,Chicago,Online,50,Doctor,1,12272.78,11/4/2024 8:07
TX002296,AC00138,61.4,1/30/2023 16:45,Debit,San Jose,Branch,41,Engineer,2,7892.87,11/4/2024 8:08
TX002297,AC00408,308.23,4/17/2023 16:12,Debit,Las Vegas,ATM,60,Retired,1,4150.63,11/4/2024 8:11
TX002298,AC00219,111.41,12/27/2023 17:18,Debit,Chicago,Branch,21,Student,1,1204.11,11/4/2024 8:10
TX002299,AC00339,675.49,3/15/2023 16:16,Debit,Charlotte,ATM,61,Retired,1,1893,11/4/2024 8:10
TX002300,AC00446,29.72,7/19/2023 17:16,Debit,San Antonio,ATM,26,Student,1,1059.62,11/4/2024 8:07
TX002301,AC00038,301.73,6/27/2023 16:40,Debit,Tucson,Online,67,Doctor,1,990.74,11/4/2024 8:07
TX002302,AC00387,294.61,9/28/2023 18:53,Debit,Omaha,Branch,60,Retired,1,7375.59,11/4/2024 8:07
TX002303,AC00126,106.43,4/17/2023 17:32,Credit,Phoenix,ATM,52,Engineer,1,9403.12,11/4/2024 8:10
TX002304,AC00155,381.52,11/20/2023 16:42,Debit,Seattle,Online,36,Doctor,1,5798.92,11/4/2024 8:11
TX002305,AC00494,1142.76,3/15/2023 17:10,Credit,Houston,Online,25,Student,1,1498.93,11/4/2024 8:10
TX002306,AC00202,5.66,12/4/2023 18:43,Debit,Fresno,Branch,40,Engineer,1,5434.64,11/4/2024 8:11
TX002307,AC00489,209.09,11/7/2023 18:44,Debit,Virginia Beach,ATM,48,Doctor,1,9100.81,11/4/2024 8:06
TX002308,AC00378,521.81,11/16/2023 17:26,Debit,Virginia Beach,ATM,47,Engineer,1,4750.96,11/4/2024 8:07
TX002309,AC00255,588.36,1/9/2023 16:08,Debit,Charlotte,Online,33,Engineer,1,8434.99,11/4/2024 8:10
TX002310,AC00331,146.67,10/31/2023 16:05,Debit,Albuquerque,Online,20,Student,1,1569.75,11/4/2024 8:11
TX002311,AC00243,176.52,3/14/2023 17:06,Credit,San Diego,Online,73,Retired,5,7132.08,11/4/2024 8:08
TX002312,AC00066,57.34,10/23/2023 16:03,Debit,Atlanta,Online,27,Student,1,1100.64,11/4/2024 8:10
TX002313,AC00166,294.77,10/10/2023 17:16,Debit,Philadelphia,Online,77,Retired,1,2272.17,11/4/2024 8:10
TX002314,AC00288,881.32,8/31/2023 17:29,Debit,El Paso,Online,31,Engineer,1,2287.93,11/4/2024 8:06
TX002315,AC00005,162.59,2/22/2023 16:18,Debit,Indianapolis,Branch,64,Retired,1,7104.83,11/4/2024 8:08
TX002316,AC00191,56.15,12/28/2023 18:53,Debit,Nashville,Branch,31,Doctor,1,13265.92,11/4/2024 8:09
TX002317,AC00443,524.55,9/19/2023 16:32,Debit,El Paso,ATM,39,Doctor,1,8292.75,11/4/2024 8:07
TX002318,AC00096,535.4,5/12/2023 18:38,Debit,San Diego,Branch,23,Student,1,651.84,11/4/2024 8:08
TX002319,AC00225,56.84,8/14/2023 17:29,Debit,Raleigh,ATM,45,Engineer,1,7977.78,11/4/2024 8:09
TX002320,AC00042,135.94,1/18/2023 16:48,Debit,Houston,Branch,71,Retired,1,4710.21,11/4/2024 8:10
TX002321,AC00460,47.1,7/3/2023 17:26,Credit,Washington,Branch,42,Doctor,1,6308.07,11/4/2024 8:09
TX002322,AC00378,124.05,10/25/2023 16:50,Credit,Albuquerque,Branch,61,Doctor,1,7009.54,11/4/2024 8:12
TX002323,AC00322,802.89,8/28/2023 18:32,Debit,Chicago,ATM,19,Student,1,1973.63,11/4/2024 8:11
TX002324,AC00328,193.16,4/6/2023 16:41,Debit,Charlotte,ATM,64,Retired,1,2304.56,11/4/2024 8:07
TX002325,AC00337,541.52,6/28/2023 17:47,Credit,Indianapolis,Branch,48,Engineer,1,6087.24,11/4/2024 8:08
TX002326,AC00003,20.17,1/2/2023 16:45,Debit,San Antonio,ATM,77,Retired,1,3869.37,11/4/2024 8:08
TX002327,AC00146,35.98,8/17/2023 16:14,Credit,Nashville,Branch,40,Doctor,1,11147.34,11/4/2024 8:06
TX002328,AC00004,273.24,12/12/2023 16:56,Debit,Fresno,Branch,51,Retired,1,2202.21,11/4/2024 8:10
TX002329,AC00386,663.45,12/12/2023 17:20,Debit,Albuquerque,ATM,67,Retired,1,5897.29,11/4/2024 8:11
TX002330,AC00187,343.86,2/13/2023 16:44,Debit,Charlotte,Branch,57,Engineer,1,3278.65,11/4/2024 8:09
TX002331,AC00415,69.38,1/11/2023 16:09,Debit,Detroit,Branch,69,Doctor,2,12072.11,11/4/2024 8:11
TX002332,AC00315,75.43,8/14/2023 16:01,Debit,Fresno,ATM,77,Retired,1,1441.86,11/4/2024 8:11
TX002333,AC00297,414.64,4/3/2023 16:27,Debit,Mesa,Branch,32,Doctor,1,7253.22,11/4/2024 8:09
TX002334,AC00304,86.79,1/23/2023 16:31,Debit,Fort Worth,Branch,33,Doctor,1,8795.37,11/4/2024 8:07
TX002335,AC00016,1105.88,3/6/2023 17:37,Debit,Omaha,ATM,34,Engineer,1,2636.32,11/4/2024 8:11
TX002336,AC00048,14.1,12/25/2023 17:13,Debit,Louisville,Branch,45,Engineer,1,6949.21,11/4/2024 8:08
TX002337,AC00485,63.33,12/26/2023 17:10,Credit,Louisville,Branch,23,Student,1,792.33,11/4/2024 8:12
TX002338,AC00064,606.27,6/22/2023 17:05,Debit,Louisville,Branch,29,Doctor,1,9668.78,11/4/2024 8:09
TX002339,AC00081,4.47,8/14/2023 16:20,Debit,Baltimore,Branch,27,Student,1,1381.75,11/4/2024 8:10
TX002340,AC00228,289.01,8/28/2023 16:41,Debit,Miami,Online,66,Retired,1,4226.26,11/4/2024 8:08
TX002341,AC00204,338.69,10/23/2023 18:46,Debit,Virginia Beach,Branch,18,Student,1,1137.89,11/4/2024 8:06
TX002342,AC00144,97.73,5/29/2023 17:55,Debit,Sacramento,Branch,69,Doctor,1,7885.21,11/4/2024 8:08
TX002343,AC00420,1021.16,10/16/2023 17:32,Debit,Albuquerque,ATM,20,Student,1,9427.06,11/4/2024 8:07
TX002344,AC00448,27.61,3/10/2023 16:28,Credit,Fort Worth,ATM,54,Retired,1,3679.64,11/4/2024 8:09
TX002345,AC00363,284.17,5/24/2023 16:02,Debit,Memphis,ATM,51,Retired,1,3479.56,11/4/2024 8:08
TX002346,AC00396,76.21,1/10/2023 16:41,Debit,Los Angeles,Branch,22,Student,1,664.93,11/4/2024 8:10
TX002347,AC00456,334.79,11/20/2023 17:51,Credit,Denver,Branch,69,Doctor,1,624.09,11/4/2024 8:08
TX002348,AC00363,584.51,8/25/2023 17:47,Debit,Denver,ATM,74,Retired,1,3254.56,11/4/2024 8:08
TX002349,AC00326,432.18,5/19/2023 16:31,Debit,Las Vegas,Branch,18,Student,1,678.83,11/4/2024 8:08
TX002350,AC00500,134.55,10/9/2023 16:44,Debit,San Jose,Online,59,Doctor,1,14852.42,11/4/2024 8:08
TX002351,AC00076,61.66,2/10/2023 16:34,Debit,Sacramento,ATM,26,Student,1,5705.4,11/4/2024 8:06
TX002352,AC00063,12.35,2/6/2023 18:39,Debit,Fresno,Branch,25,Student,1,1846.85,11/4/2024 8:11
TX002353,AC00376,213.25,2/23/2023 17:30,Debit,San Francisco,Branch,25,Student,1,677.79,11/4/2024 8:08
TX002354,AC00392,34.93,10/16/2023 16:11,Debit,Columbus,Branch,31,Engineer,1,2810.37,11/4/2024 8:11
TX002355,AC00282,959.48,1/10/2023 16:28,Debit,Miami,Branch,67,Doctor,1,10631.43,11/4/2024 8:07
TX002356,AC00238,335.68,11/6/2023 17:20,Debit,Tucson,Online,24,Student,1,1188.95,11/4/2024 8:11
TX002357,AC00130,423.96,1/30/2023 18:50,Debit,San Diego,ATM,43,Doctor,1,8374.38,11/4/2024 8:08
TX002358,AC00194,361.38,3/2/2023 17:02,Credit,Milwaukee,Online,72,Retired,3,4972.92,11/4/2024 8:12
TX002359,AC00132,220.82,12/29/2023 16:30,Debit,Louisville,Branch,42,Engineer,1,4298.13,11/4/2024 8:08
TX002360,AC00071,717.36,1/2/2023 17:00,Credit,San Diego,Online,22,Student,1,514.88,11/4/2024 8:09
TX002361,AC00457,406.12,8/3/2023 17:32,Debit,Houston,ATM,42,Doctor,1,10501.53,11/4/2024 8:11
TX002362,AC00153,427.83,5/10/2023 17:02,Debit,Phoenix,ATM,47,Engineer,1,3293.06,11/4/2024 8:09
TX002363,AC00003,416.62,3/6/2023 17:26,Credit,Baltimore,Online,26,Student,1,9700.9,11/4/2024 8:11
TX002364,AC00327,21.9,4/10/2023 17:04,Debit,Phoenix,ATM,28,Student,1,1052.27,11/4/2024 8:11
TX002365,AC00362,717.74,12/8/2023 16:51,Credit,Sacramento,Online,42,Engineer,1,8375.16,11/4/2024 8:10
TX002366,AC00195,393.68,9/18/2023 16:40,Debit,San Diego,ATM,55,Doctor,1,10135.88,11/4/2024 8:07
TX002367,AC00010,281.91,1/12/2023 17:10,Debit,Denver,Branch,25,Student,1,225.53,11/4/2024 8:07
TX002368,AC00032,239.85,1/26/2023 16:17,Debit,Tucson,ATM,70,Retired,1,1477.63,11/4/2024 8:07
TX002369,AC00202,237.84,9/22/2023 17:40,Debit,Nashville,Branch,26,Student,1,8932.39,11/4/2024 8:09
TX002370,AC00262,459.29,1/26/2023 18:07,Credit,Kansas City,Online,64,Retired,1,1006.12,11/4/2024 8:11
TX002371,AC00158,196.49,12/22/2023 17:31,Debit,Oklahoma City,Branch,41,Engineer,1,7516.56,11/4/2024 8:09
TX002372,AC00465,21.23,9/11/2023 16:35,Debit,Virginia Beach,ATM,23,Student,4,319.18,11/4/2024 8:09
TX002373,AC00260,95.23,10/16/2023 18:47,Debit,Denver,Online,20,Student,3,966.88,11/4/2024 8:11
TX002374,AC00130,344.87,8/28/2023 17:59,Debit,Houston,Branch,58,Retired,1,7447.44,11/4/2024 8:11
TX002375,AC00500,129.62,7/6/2023 16:47,Credit,San Jose,ATM,23,Student,1,620.28,11/4/2024 8:06
TX002376,AC00384,16.53,7/24/2023 17:07,Debit,Houston,ATM,21,Student,1,707.95,11/4/2024 8:08
TX002377,AC00027,277.02,11/13/2023 16:16,Credit,Denver,ATM,46,Doctor,1,8586.38,11/4/2024 8:09
TX002378,AC00176,13.02,6/14/2023 16:24,Debit,Charlotte,Branch,51,Doctor,1,6076.45,11/4/2024 8:11
TX002379,AC00150,199.02,1/30/2023 17:36,Debit,Memphis,ATM,22,Student,1,793.63,11/4/2024 8:08
TX002380,AC00443,684.5,7/31/2023 18:52,Debit,Fort Worth,Branch,29,Doctor,1,6258.63,11/4/2024 8:10
TX002381,AC00098,1173.74,9/25/2023 16:44,Credit,Virginia Beach,Online,61,Doctor,1,10456.24,11/4/2024 8:07
TX002382,AC00452,45.92,6/19/2023 17:25,Debit,Nashville,ATM,26,Student,1,544.56,11/4/2024 8:06
TX002383,AC00119,761.73,9/11/2023 17:15,Debit,Columbus,ATM,19,Student,1,151.28,11/4/2024 8:09
TX002384,AC00342,331.38,5/30/2023 17:13,Debit,Miami,ATM,42,Engineer,1,844.55,11/4/2024 8:08
TX002385,AC00190,602.8,3/20/2023 17:25,Debit,Baltimore,Branch,60,Retired,1,7417.69,11/4/2024 8:10
TX002386,AC00075,64.12,8/10/2023 17:12,Credit,Indianapolis,Branch,57,Doctor,1,1029.09,11/4/2024 8:09
TX002387,AC00450,57.38,2/13/2023 18:27,Debit,Kansas City,Online,28,Student,1,899.52,11/4/2024 8:08
TX002388,AC00300,94.64,5/15/2023 18:30,Credit,New York,ATM,28,Student,1,586.76,11/4/2024 8:08
TX002389,AC00183,155.56,4/24/2023 16:07,Credit,Austin,Branch,19,Student,1,129.79,11/4/2024 8:07
TX002390,AC00079,301.39,7/4/2023 16:21,Credit,Denver,Online,47,Doctor,1,10548.58,11/4/2024 8:07
TX002391,AC00004,136.31,10/30/2023 16:38,Debit,Nashville,Online,74,Retired,1,4384.95,11/4/2024 8:08
TX002392,AC00063,4.39,6/12/2023 16:03,Debit,Philadelphia,ATM,26,Student,1,1429.61,11/4/2024 8:11
TX002393,AC00345,429.25,6/12/2023 16:26,Debit,Seattle,Online,29,Engineer,1,5019.68,11/4/2024 8:08
TX002394,AC00177,138.54,1/3/2023 17:56,Credit,Austin,Branch,60,Engineer,1,8274.77,11/4/2024 8:09
TX002395,AC00165,33.03,8/10/2023 16:58,Debit,Washington,Branch,21,Student,1,935.88,11/4/2024 8:09
TX002396,AC00097,76.39,2/27/2023 16:28,Debit,Sacramento,Online,30,Doctor,1,11584.32,11/4/2024 8:10
TX002397,AC00241,25.32,3/7/2023 17:49,Debit,Oklahoma City,ATM,19,Student,1,1642.34,11/4/2024 8:09
TX002398,AC00308,330.91,3/6/2023 17:25,Debit,Kansas City,ATM,36,Engineer,1,6481.35,11/4/2024 8:11
TX002399,AC00308,153.55,11/8/2023 17:53,Debit,Denver,Online,37,Doctor,1,5619.91,11/4/2024 8:07
TX002400,AC00088,217.61,2/28/2023 17:34,Debit,Omaha,Online,27,Student,1,1661.1,11/4/2024 8:11
TX002401,AC00370,131.69,10/16/2023 16:22,Credit,Denver,Branch,53,Engineer,1,2958.43,11/4/2024 8:07
TX002402,AC00073,953.17,10/12/2023 17:39,Debit,Raleigh,Online,60,Retired,1,3506.11,11/4/2024 8:08
TX002403,AC00452,68.49,10/25/2023 17:37,Debit,Nashville,Online,67,Retired,1,6683.31,11/4/2024 8:10
TX002404,AC00111,1493,6/7/2023 17:05,Debit,Colorado Springs,ATM,69,Retired,1,1619.16,11/4/2024 8:07
TX002405,AC00150,470.62,2/27/2023 17:52,Debit,Tucson,Branch,57,Doctor,1,12470.62,11/4/2024 8:06
TX002406,AC00103,385.35,10/3/2023 17:14,Debit,Miami,Branch,38,Doctor,1,5184.13,11/4/2024 8:12
TX002407,AC00176,74.72,7/25/2023 18:58,Debit,Phoenix,Online,26,Student,1,165.75,11/4/2024 8:10
TX002408,AC00194,352.03,6/8/2023 16:49,Credit,Phoenix,Online,27,Student,1,4846.68,11/4/2024 8:11
TX002409,AC00225,275.87,8/28/2023 18:27,Debit,Seattle,ATM,25,Student,1,1697.58,11/4/2024 8:07
TX002410,AC00267,90.94,11/24/2023 17:55,Credit,Colorado Springs,ATM,63,Retired,1,3896.08,11/4/2024 8:12
TX002411,AC00129,206.25,10/3/2023 16:22,Debit,Baltimore,ATM,74,Retired,1,3651.07,11/4/2024 8:07
TX002412,AC00362,116.76,1/16/2023 16:55,Debit,Philadelphia,ATM,51,Engineer,1,4480.43,11/4/2024 8:07
TX002413,AC00155,91.5,3/27/2023 16:26,Debit,Omaha,ATM,47,Doctor,1,667.66,11/4/2024 8:07
TX002414,AC00019,489.31,4/3/2023 16:34,Debit,Louisville,Branch,43,Engineer,1,5595.22,11/4/2024 8:12
TX002415,AC00028,1664.33,9/25/2023 17:11,Debit,San Antonio,Branch,18,Student,1,1588.31,11/4/2024 8:07
TX002416,AC00459,414.49,2/13/2023 16:03,Credit,Phoenix,Online,58,Doctor,1,12709.58,11/4/2024 8:09
TX002417,AC00069,315.13,12/5/2023 16:04,Debit,Omaha,Branch,30,Engineer,1,6570.94,11/4/2024 8:07
TX002418,AC00046,28.38,10/3/2023 16:39,Debit,Tucson,Branch,45,Doctor,1,8892.62,11/4/2024 8:09
TX002419,AC00067,456.05,3/17/2023 17:03,Debit,Detroit,Branch,68,Doctor,1,11729.51,11/4/2024 8:10
TX002420,AC00257,277.22,8/17/2023 17:10,Debit,Kansas City,Branch,35,Doctor,1,12104.51,11/4/2024 8:07
TX002421,AC00215,54.84,5/8/2023 16:48,Debit,Kansas City,Online,52,Retired,1,3495.51,11/4/2024 8:11
TX002422,AC00152,29.92,1/1/2024 16:25,Credit,Denver,Online,68,Doctor,1,7855.01,11/4/2024 8:10
TX002423,AC00306,133.06,2/3/2023 17:00,Debit,Las Vegas,Online,35,Engineer,1,8843.44,11/4/2024 8:09
TX002424,AC00340,332.06,6/21/2023 16:38,Debit,Seattle,ATM,29,Doctor,4,11826.52,11/4/2024 8:06
TX002425,AC00116,14.34,10/17/2023 17:51,Credit,Memphis,Online,67,Retired,1,7932.51,11/4/2024 8:07
TX002426,AC00306,468.32,6/8/2023 16:20,Debit,Fresno,Online,69,Retired,1,4710.04,11/4/2024 8:06
TX002427,AC00032,582.17,12/7/2023 16:02,Debit,Tucson,Branch,57,Engineer,1,7310.83,11/4/2024 8:08
TX002428,AC00374,245.62,12/15/2023 17:01,Debit,San Antonio,Branch,23,Student,1,1879.82,11/4/2024 8:08
TX002429,AC00303,981.9,11/28/2023 16:17,Credit,Baltimore,Online,43,Doctor,1,9018.33,11/4/2024 8:06
TX002430,AC00464,83.6,12/29/2023 18:29,Debit,San Jose,ATM,47,Doctor,1,13899.24,11/4/2024 8:09
TX002431,AC00245,331.22,5/25/2023 16:27,Credit,Oklahoma City,Branch,61,Doctor,1,12613.25,11/4/2024 8:12
TX002432,AC00373,57.49,11/16/2023 18:09,Credit,Detroit,Online,24,Student,1,765.15,11/4/2024 8:11
TX002433,AC00386,85.58,11/23/2023 17:17,Debit,Fort Worth,ATM,55,Engineer,1,7794.84,11/4/2024 8:07
TX002434,AC00078,157.56,4/11/2023 17:06,Debit,Indianapolis,Branch,43,Doctor,1,7541.16,11/4/2024 8:07
TX002435,AC00424,230.3,2/24/2023 16:57,Debit,Colorado Springs,Online,46,Engineer,1,8356.88,11/4/2024 8:08
TX002436,AC00033,305.92,12/6/2023 16:42,Debit,El Paso,ATM,72,Retired,1,1445.47,11/4/2024 8:08
TX002437,AC00046,942.7,11/6/2023 16:24,Debit,Boston,Online,35,Engineer,1,5141.32,11/4/2024 8:11
TX002438,AC00298,116.33,2/17/2023 16:37,Debit,Fresno,Branch,27,Student,1,1696.15,11/4/2024 8:08
TX002439,AC00432,537.71,4/4/2023 16:07,Credit,Mesa,Online,19,Student,1,1806.08,11/4/2024 8:07
TX002440,AC00439,538.17,9/26/2023 17:27,Credit,Washington,Branch,27,Engineer,1,5908.04,11/4/2024 8:10
TX002441,AC00407,219.44,7/20/2023 18:13,Debit,Washington,Online,42,Engineer,1,4207.27,11/4/2024 8:09
TX002442,AC00004,61.62,10/9/2023 16:01,Debit,Miami,Online,57,Doctor,1,8365.37,11/4/2024 8:12
TX002443,AC00079,58.77,7/13/2023 16:35,Debit,Memphis,Online,27,Engineer,1,7261.7,11/4/2024 8:06
TX002444,AC00356,538.13,9/7/2023 17:44,Debit,Charlotte,ATM,62,Retired,1,5008.59,11/4/2024 8:12
TX002445,AC00269,177.05,8/29/2023 16:22,Debit,Philadelphia,Branch,24,Student,1,4287.82,11/4/2024 8:06
TX002446,AC00439,403.01,9/4/2023 17:32,Debit,Washington,Online,63,Doctor,3,10513.52,11/4/2024 8:09
TX002447,AC00014,719.76,3/30/2023 17:50,Debit,San Francisco,Branch,19,Student,1,690.52,11/4/2024 8:11
TX002448,AC00140,163.22,4/6/2023 18:06,Debit,Miami,Online,26,Student,1,1788.27,11/4/2024 8:07
TX002449,AC00460,242.85,10/23/2023 16:19,Debit,San Antonio,Online,42,Engineer,1,4672.8,11/4/2024 8:10
TX002450,AC00494,291.22,11/3/2023 16:45,Credit,Baltimore,Online,41,Engineer,1,3677.63,11/4/2024 8:09
TX002451,AC00325,56.52,12/4/2023 16:08,Debit,Omaha,ATM,42,Engineer,1,6911.2,11/4/2024 8:08
TX002452,AC00150,195.8,2/28/2023 17:37,Debit,Raleigh,Online,39,Doctor,1,12027.68,11/4/2024 8:06
TX002453,AC00242,66.76,4/24/2023 18:29,Credit,Austin,Branch,36,Doctor,1,184.72,11/4/2024 8:10
TX002454,AC00222,190.9,10/9/2023 16:17,Debit,Jacksonville,Online,28,Student,1,101.25,11/4/2024 8:10
TX002455,AC00170,106.99,11/24/2023 17:00,Debit,Omaha,Branch,38,Engineer,1,5771.4,11/4/2024 8:10
TX002456,AC00043,655.81,5/5/2023 16:52,Debit,Omaha,ATM,55,Retired,2,4539.99,11/4/2024 8:12
TX002457,AC00487,107.1,6/16/2023 16:41,Credit,Philadelphia,Online,25,Student,1,193.8,11/4/2024 8:11
TX002458,AC00315,79.92,2/6/2023 17:32,Debit,Miami,ATM,44,Engineer,2,9138.76,11/4/2024 8:09
TX002459,AC00312,430.83,8/14/2023 16:09,Debit,Los Angeles,Branch,18,Student,1,941.49,11/4/2024 8:07
TX002460,AC00483,235.34,10/16/2023 16:13,Debit,Washington,Branch,26,Student,1,566.83,11/4/2024 8:12
TX002461,AC00430,86.35,9/4/2023 17:17,Credit,Indianapolis,Branch,52,Retired,1,1550.48,11/4/2024 8:10
TX002462,AC00320,337.99,3/2/2023 16:41,Debit,Colorado Springs,ATM,70,Doctor,1,9038.63,11/4/2024 8:06
TX002463,AC00464,577.13,9/27/2023 16:50,Credit,San Jose,Branch,40,Engineer,1,6640.51,11/4/2024 8:08
TX002464,AC00436,213.33,8/28/2023 16:41,Debit,Omaha,ATM,52,Retired,1,5400.44,11/4/2024 8:12
TX002465,AC00279,54.52,3/2/2023 17:32,Debit,Indianapolis,Branch,32,Doctor,1,6980.98,11/4/2024 8:09
TX002466,AC00436,100.13,12/11/2023 16:40,Debit,Denver,Branch,57,Doctor,1,5209.16,11/4/2024 8:11
TX002467,AC00251,883.92,11/3/2023 16:08,Credit,Tucson,Online,53,Retired,1,2342.64,11/4/2024 8:11
TX002468,AC00412,69.8,5/2/2023 16:01,Credit,New York,Branch,27,Student,1,136.77,11/4/2024 8:09
TX002469,AC00284,768.94,10/11/2023 17:36,Debit,Indianapolis,Branch,64,Retired,1,6860.18,11/4/2024 8:07
TX002470,AC00054,179.62,11/15/2023 16:00,Debit,Tucson,Online,24,Student,1,409.26,11/4/2024 8:11
TX002471,AC00128,425.91,3/24/2023 16:34,Debit,Jacksonville,ATM,23,Student,1,383.58,11/4/2024 8:07
TX002472,AC00236,263.34,3/8/2023 17:43,Debit,Denver,ATM,64,Retired,1,2411.02,11/4/2024 8:11
TX002473,AC00275,113.03,3/15/2023 17:53,Credit,Tucson,Online,36,Doctor,1,6756.13,11/4/2024 8:08
TX002474,AC00122,11.02,7/31/2023 17:49,Debit,Austin,Online,42,Doctor,1,7879.66,11/4/2024 8:07
TX002475,AC00302,865.17,12/7/2023 17:13,Debit,Houston,Branch,24,Student,1,9297.5,11/4/2024 8:10
TX002476,AC00058,152,12/18/2023 18:11,Debit,Albuquerque,ATM,51,Engineer,1,7531.43,11/4/2024 8:07
TX002477,AC00058,270.39,6/12/2023 17:30,Debit,Jacksonville,ATM,25,Student,1,899.15,11/4/2024 8:07
TX002478,AC00042,246.41,5/26/2023 17:10,Debit,Detroit,ATM,54,Retired,1,1431.6,11/4/2024 8:12
TX002479,AC00276,336.84,3/7/2023 17:24,Debit,Washington,ATM,22,Student,1,4500.26,11/4/2024 8:09
TX002480,AC00275,261.45,10/27/2023 17:02,Credit,Oklahoma City,Online,50,Engineer,1,6735.74,11/4/2024 8:09
TX002481,AC00070,99.98,3/30/2023 16:52,Credit,Washington,Online,73,Retired,1,3037.97,11/4/2024 8:07
TX002482,AC00317,400.69,4/3/2023 16:19,Debit,Las Vegas,Online,32,Engineer,1,9040.33,11/4/2024 8:07
TX002483,AC00347,411.47,12/25/2023 16:25,Debit,Fort Worth,ATM,26,Student,1,796.63,11/4/2024 8:11
TX002484,AC00179,204.63,6/21/2023 17:48,Debit,Las Vegas,Online,52,Engineer,1,9199.52,11/4/2024 8:09
TX002485,AC00172,421.56,7/18/2023 17:56,Debit,San Jose,Online,53,Engineer,1,8037.87,11/4/2024 8:10
TX002486,AC00051,193.38,7/20/2023 16:05,Debit,Memphis,ATM,18,Student,1,1081.79,11/4/2024 8:10
TX002487,AC00202,377.04,3/16/2023 16:52,Debit,Chicago,ATM,34,Engineer,1,3812.87,11/4/2024 8:09
TX002488,AC00125,54.1,5/19/2023 17:47,Credit,Boston,Branch,28,Engineer,1,940.91,11/4/2024 8:06
TX002489,AC00311,18.1,4/14/2023 16:33,Debit,Louisville,ATM,57,Retired,1,6474.34,11/4/2024 8:06
TX002490,AC00116,408.62,5/22/2023 17:41,Credit,Fort Worth,Online,48,Engineer,1,2498.48,11/4/2024 8:07
TX002491,AC00265,162.1,12/4/2023 16:14,Debit,Baltimore,Branch,64,Doctor,1,9578.74,11/4/2024 8:11
TX002492,AC00493,165.31,4/3/2023 16:05,Debit,Boston,ATM,49,Doctor,1,7346.66,11/4/2024 8:10
TX002493,AC00057,267.48,1/30/2023 17:05,Debit,Albuquerque,ATM,21,Student,2,811.86,11/4/2024 8:09
TX002494,AC00279,856.9,3/17/2023 16:10,Debit,New York,Branch,36,Engineer,1,8579.69,11/4/2024 8:09
TX002495,AC00322,433.9,3/10/2023 17:38,Debit,Albuquerque,Online,65,Doctor,1,9013.1,11/4/2024 8:07
TX002496,AC00182,271.22,4/3/2023 16:07,Credit,Louisville,ATM,45,Doctor,1,6863.02,11/4/2024 8:06
TX002497,AC00432,307.68,1/18/2023 17:21,Credit,Detroit,Online,75,Retired,1,2052.84,11/4/2024 8:12
TX002498,AC00030,348.17,5/10/2023 17:56,Debit,El Paso,ATM,21,Student,1,1887.84,11/4/2024 8:11
TX002499,AC00407,43.1,10/4/2023 18:25,Debit,Denver,Branch,25,Student,1,6944.9,11/4/2024 8:07
TX002500,AC00089,557.78,5/30/2023 16:55,Credit,Phoenix,Branch,26,Student,1,1289.48,11/4/2024 8:11
TX002501,AC00375,325.6,9/26/2023 16:15,Debit,Dallas,ATM,69,Doctor,1,13777.1,11/4/2024 8:10
TX002502,AC00216,235.83,9/1/2023 16:26,Credit,Memphis,Online,53,Engineer,1,4120.75,11/4/2024 8:08
TX002503,AC00069,603.54,4/21/2023 16:22,Debit,Albuquerque,Online,44,Doctor,1,10517.47,11/4/2024 8:08
TX002504,AC00427,270.25,11/6/2023 16:56,Debit,Tucson,ATM,31,Engineer,1,5414.97,11/4/2024 8:10
TX002505,AC00047,123.38,1/1/2024 17:21,Debit,Sacramento,Online,59,Doctor,1,13542.41,11/4/2024 8:10
TX002506,AC00377,577.12,1/27/2023 17:38,Debit,Virginia Beach,ATM,39,Engineer,1,5265.88,11/4/2024 8:10
TX002507,AC00258,92.24,4/13/2023 17:45,Debit,Philadelphia,Branch,60,Engineer,1,6937.48,11/4/2024 8:09
TX002508,AC00297,856.21,4/26/2023 17:09,Credit,Colorado Springs,Branch,33,Doctor,1,12690.79,11/4/2024 8:11
TX002509,AC00322,251.54,3/22/2023 17:36,Debit,Tucson,Branch,48,Doctor,1,254.75,11/4/2024 8:11
TX002510,AC00095,28.63,8/21/2023 17:08,Debit,San Diego,Branch,56,Retired,1,3382.91,11/4/2024 8:08
TX002511,AC00118,185.97,2/24/2023 16:24,Debit,Denver,Online,23,Student,1,1776.91,11/4/2024 8:12
TX002512,AC00009,243.08,2/14/2023 16:21,Credit,Jacksonville,Online,24,Student,1,131.25,11/4/2024 8:07
