TransactionID,AccountID,TransactionAmount,TransactionDate,TransactionType,Location,Channel,CustomerAge,CustomerOccupation,LoginAttempts,AccountBalance,PreviousTransactionDate
TRANSACTIONS1000BASELINE000001,ACB00001,5.00,2024-01-16T11:00:00,Debit,Las Vegas,ATM,39,Student,1,3665.21,
TRANSACTIONS1000BASELINE000002,ACB00002,343.94,2024-01-31T16:00:00,Debit,Jacksonville,Branch,47,Retired,1,4935.98,
TRANSACTIONS1000BASELINE000003,ACB00003,287.88,2024-02-03T12:00:00,Credit,Jacksonville,ATM,47,Engineer,1,4742.30,
TRANSACTIONS1000BASELINE000004,ACB00004,5.00,2024-01-14T09:00:00,Debit,Omaha,Branch,55,Retired,1,3285.15,
TRANSACTIONS1000BASELINE000005,ACB00005,385.98,2024-01-30T13:00:00,Debit,New York,Branch,47,Doctor,1,3614.89,
TRANSACTIONS1000BASELINE000006,ACB00006,458.56,2024-01-05T17:00:00,Credit,Philadelphia,Online,60,Retired,1,4126.68,
TRANSACTIONS1000BASELINE000007,ACB00007,383.33,2024-02-13T19:00:00,Debit,Portland,ATM,43,Student,1,2510.92,
TRANSACTIONS1000BASELINE000008,ACB00008,221.63,2024-01-23T13:00:00,Credit,Sacramento,Online,56,Engineer,2,8408.46,
TRANSACTIONS1000BASELINE000009,ACB00009,522.55,2024-02-02T13:00:00,Credit,Detroit,ATM,48,Engineer,1,5700.46,
TRANSACTIONS1000BASELINE000010,ACB00010,486.24,2024-01-03T17:00:00,Debit,Fresno,ATM,52,Retired,2,5852.30,
TRANSACTIONS1000BASELINE000011,ACB00011,505.39,2024-01-10T14:00:00,Debit,San Jose,Online,43,Student,1,5404.73,
TRANSACTIONS1000BASELINE000012,ACB00012,79.32,2024-01-28T09:00:00,Debit,Charlotte,Branch,44,Student,2,2743.67,
TRANSACTIONS1000BASELINE000013,ACB00013,235.81,2024-01-31T18:00:00,Credit,Las Vegas,Branch,54,Engineer,1,3147.70,
TRANSACTIONS1000BASELINE000014,ACB00014,387.89,2024-02-02T14:00:00,Debit,Omaha,Branch,48,Engineer,2,3064.94,
TRANSACTIONS1000BASELINE000015,ACB00015,321.97,2024-02-12T08:00:00,Debit,Boston,Branch,32,Student,1,1314.77,
TRANSACTIONS1000BASELINE000016,ACB00016,5.00,2024-01-18T13:00:00,Debit,Columbus,ATM,28,Student,1,5935.81,
TRANSACTIONS1000BASELINE000017,ACB00017,399.65,2024-02-09T09:00:00,Debit,Mesa,ATM,47,Engineer,1,9803.88,
TRANSACTIONS1000BASELINE000018,ACB00018,745.21,2024-01-28T11:00:00,Credit,Boston,ATM,40,Engineer,1,5762.19,
TRANSACTIONS1000BASELINE000019,ACB00019,107.23,2024-01-25T20:00:00,Debit,Baltimore,Branch,46,Retired,2,5006.34,
TRANSACTIONS1000BASELINE000020,ACB00020,486.59,2024-02-05T18:00:00,Debit,Milwaukee,ATM,59,Engineer,1,2267.69,
TRANSACTIONS1000BASELINE000021,ACB00021,333.54,2024-02-11T20:00:00,Debit,Washington,Branch,60,Retired,1,8597.41,
TRANSACTIONS1000BASELINE000022,ACB00022,467.73,2024-02-08T08:00:00,Debit,Charlotte,Branch,52,Retired,2,3684.12,
TRANSACTIONS1000BASELINE000023,ACB00023,622.73,2024-01-14T09:00:00,Debit,Philadelphia,ATM,53,Doctor,1,8561.70,
TRANSACTIONS1000BASELINE000024,ACB00024,239.16,2024-01-14T18:00:00,Debit,Jacksonville,ATM,45,Doctor,2,9616.20,
TRANSACTIONS1000BASELINE000025,ACB00025,253.01,2024-02-13T19:00:00,Debit,Portland,ATM,44,Student,1,6741.66,
TRANSACTIONS1000BASELINE000026,ACB00026,213.43,2024-01-15T20:00:00,Debit,Raleigh,Online,41,Student,1,6320.08,
TRANSACTIONS1000BASELINE000027,ACB00027,388.54,2024-01-03T16:00:00,Credit,El Paso,Branch,39,Student,1,7355.36,
TRANSACTIONS1000BASELINE000028,ACB00028,31.26,2024-01-18T11:00:00,Debit,Colorado Springs,Online,44,Engineer,1,6992.85,
TRANSACTIONS1000BASELINE000029,ACB00029,794.36,2024-01-02T12:00:00,Debit,Colorado Springs,Branch,46,Doctor,1,4944.08,
TRANSACTIONS1000BASELINE000030,ACB00030,5.00,2024-01-26T08:00:00,Debit,San Antonio,Branch,48,Engineer,1,3580.02,
TRANSACTIONS1000BASELINE000031,ACB00031,5.00,2024-01-28T15:00:00,Debit,Colorado Springs,ATM,45,Student,1,5631.18,
TRANSACTIONS1000BASELINE000032,ACB00032,5.00,2024-02-03T13:00:00,Debit,Miami,Branch,32,Student,1,2181.08,
TRANSACTIONS1000BASELINE000033,ACB00033,109.85,2024-01-21T17:00:00,Debit,Phoenix,Online,52,Engineer,1,3075.56,
TRANSACTIONS1000BASELINE000034,ACB00034,249.37,2024-02-05T15:00:00,Debit,Las Vegas,Branch,51,Retired,1,5337.42,
TRANSACTIONS1000BASELINE000035,ACB00035,117.68,2024-01-01T15:00:00,Debit,El Paso,Branch,38,Student,1,3654.45,
TRANSACTIONS1000BASELINE000036,ACB00036,341.56,2024-01-01T12:00:00,Debit,Detroit,ATM,28,Student,1,6814.14,
TRANSACTIONS1000BASELINE000037,ACB00037,160.21,2024-02-09T12:00:00,Debit,San Antonio,ATM,43,Engineer,1,7040.00,
TRANSACTIONS1000BASELINE000038,ACB00038,5.00,2024-01-26T16:00:00,Debit,San Antonio,Branch,53,Doctor,2,4359.90,
TRANSACTIONS1000BASELINE000039,ACB00039,195.00,2024-01-12T14:00:00,Debit,Miami,ATM,44,Engineer,3,4871.48,
TRANSACTIONS1000BASELINE000040,ACB00040,399.53,2024-01-09T20:00:00,Debit,Colorado Springs,Online,45,Student,1,4949.82,
TRANSACTIONS1000BASELINE000041,ACB00041,291.49,2024-01-21T18:00:00,Debit,Los Angeles,ATM,45,Student,1,4078.27,
TRANSACTIONS1000BASELINE000042,ACB00042,180.35,2024-02-10T15:00:00,Debit,Columbus,Branch,48,Doctor,1,9612.14,
TRANSACTIONS1000BASELINE000043,ACB00043,279.12,2024-02-03T13:00:00,Debit,Mesa,Branch,53,Retired,1,4472.78,
TRANSACTIONS1000BASELINE000044,ACB00044,289.26,2024-02-06T10:00:00,Debit,San Diego,ATM,37,Student,1,3319.64,
TRANSACTIONS1000BASELINE000045,ACB00045,155.93,2024-01-17T08:00:00,Debit,Philadelphia,ATM,71,Retired,1,3222.46,
TRANSACTIONS1000BASELINE000046,ACB00046,332.71,2024-02-03T19:00:00,Debit,Omaha,ATM,43,Engineer,1,5160.61,
TRANSACTIONS1000BASELINE000047,ACB00047,278.50,2024-01-24T17:00:00,Debit,Denver,ATM,40,Student,1,5774.41,
TRANSACTIONS1000BASELINE000048,ACB00048,143.48,2024-01-04T18:00:00,Debit,Las Vegas,Online,53,Doctor,1,9239.11,
TRANSACTIONS1000BASELINE000049,ACB00049,141.91,2024-01-13T18:00:00,Credit,Kansas City,Branch,56,Retired,1,9203.42,
TRANSACTIONS1000BASELINE000050,ACB00050,431.88,2024-02-15T14:00:00,Debit,Baltimore,ATM,46,Retired,1,3900.62,
TRANSACTIONS1000BASELINE000051,ACB00051,157.52,2024-01-31T13:00:00,Debit,New York,ATM,52,Retired,1,3270.97,
TRANSACTIONS1000BASELINE000052,ACB00052,76.60,2024-01-19T11:00:00,Debit,San Antonio,ATM,46,Retired,1,3487.26,
TRANSACTIONS1000BASELINE000053,ACB00053,328.93,2024-02-15T09:00:00,Debit,Denver,Branch,47,Doctor,2,8026.28,
TRANSACTIONS1000BASELINE000054,ACB00054,191.92,2024-01-04T17:00:00,Debit,Philadelphia,Branch,35,Student,1,2508.96,
TRANSACTIONS1000BASELINE000055,ACB00055,263.51,2024-01-26T17:00:00,Debit,Memphis,Branch,54,Engineer,2,3870.60,
TRANSACTIONS1000BASELINE000056,ACB00056,192.80,2024-01-09T14:00:00,Debit,Fresno,ATM,25,Student,1,765.48,
TRANSACTIONS1000BASELINE000057,ACB00057,489.33,2024-01-22T11:00:00,Debit,Philadelphia,ATM,37,Student,1,2866.04,
TRANSACTIONS1000BASELINE000058,ACB00058,5.00,2024-01-28T19:00:00,Debit,San Antonio,Branch,48,Engineer,1,3046.21,
TRANSACTIONS1000BASELINE000059,ACB00059,240.67,2024-01-03T10:00:00,Debit,Chicago,Online,40,Doctor,1,5691.51,
TRANSACTIONS1000BASELINE000060,ACB00060,1184.97,2024-02-07T13:00:00,Credit,Dallas,Online,60,Doctor,1,7802.23,
TRANSACTIONS1000BASELINE000061,ACB00061,122.79,2024-02-01T16:00:00,Debit,Philadelphia,Online,38,Student,1,5980.19,
TRANSACTIONS1000BASELINE000062,ACB00062,41.25,2024-02-13T09:00:00,Debit,Louisville,ATM,45,Student,1,3916.37,
TRANSACTIONS1000BASELINE000063,ACB00063,267.80,2024-01-24T11:00:00,Debit,Milwaukee,Online,28,Student,1,4992.92,
TRANSACTIONS1000BASELINE000064,ACB00064,768.86,2024-01-16T08:00:00,Credit,Boston,ATM,32,Student,1,6320.38,
TRANSACTIONS1000BASELINE000065,ACB00065,415.87,2024-01-07T16:00:00,Debit,Seattle,Online,49,Engineer,2,9743.01,
TRANSACTIONS1000BASELINE000066,ACB00066,677.97,2024-01-26T20:00:00,Debit,Tucson,Online,50,Engineer,2,4483.70,
TRANSACTIONS1000BASELINE000067,ACB00067,418.04,2024-02-08T08:00:00,Credit,Jacksonville,Online,47,Doctor,1,3385.94,
TRANSACTIONS1000BASELINE000068,ACB00068,5.00,2024-01-23T19:00:00,Debit,Oklahoma City,Branch,58,Retired,2,8473.45,
TRANSACTIONS1000BASELINE000069,ACB00069,5.00,2024-01-03T15:00:00,Debit,Detroit,Online,39,Doctor,1,3224.00,
TRANSACTIONS1000BASELINE000070,ACB00070,247.07,2024-01-13T18:00:00,Credit,Fresno,ATM,48,Student,1,1826.33,
TRANSACTIONS1000BASELINE000071,ACB00071,233.47,2024-02-03T12:00:00,Debit,Dallas,ATM,39,Student,1,2637.95,
TRANSACTIONS1000BASELINE000072,ACB00072,240.59,2024-01-21T20:00:00,Debit,Philadelphia,Branch,49,Doctor,1,5907.18,
TRANSACTIONS1000BASELINE000073,ACB00073,580.84,2024-02-03T12:00:00,Debit,Omaha,Online,42,Student,2,2773.32,
TRANSACTIONS1000BASELINE000074,ACB00074,229.23,2024-01-23T11:00:00,Debit,Las Vegas,ATM,59,Doctor,1,6967.72,
TRANSACTIONS1000BASELINE000075,ACB00075,309.38,2024-02-14T11:00:00,Debit,Virginia Beach,Online,47,Retired,2,9287.30,
TRANSACTIONS1000BASELINE000076,ACB00076,200.75,2024-02-13T12:00:00,Debit,Washington,Online,49,Engineer,1,4584.66,
TRANSACTIONS1000BASELINE000077,ACB00077,5.00,2024-01-07T15:00:00,Debit,Raleigh,Online,51,Retired,1,5930.90,
TRANSACTIONS1000BASELINE000078,ACB00078,199.93,2024-01-05T10:00:00,Debit,Jacksonville,Online,42,Student,2,3292.25,
TRANSACTIONS1000BASELINE000079,ACB00079,89.82,2024-01-31T15:00:00,Debit,Phoenix,ATM,40,Doctor,2,3725.34,
TRANSACTIONS1000BASELINE000080,ACB00080,722.13,2024-01-26T12:00:00,Credit,Fort Worth,Online,43,Student,1,4028.71,
TRANSACTIONS1000BASELINE000081,ACB00081,5.00,2024-01-30T19:00:00,Credit,Omaha,Online,42,Student,2,1755.26,
TRANSACTIONS1000BASELINE000082,ACB00082,592.20,2024-02-09T17:00:00,Debit,Washington,Branch,43,Doctor,1,4775.12,
TRANSACTIONS1000BASELINE000083,ACB00083,37.30,2024-02-12T14:00:00,Credit,Seattle,Online,32,Engineer,1,7353.79,
TRANSACTIONS1000BASELINE000084,ACB00084,199.62,2024-02-04T12:00:00,Credit,San Jose,ATM,43,Student,1,2637.94,
TRANSACTIONS1000BASELINE000085,ACB00085,399.33,2024-01-18T11:00:00,Debit,Tucson,Branch,48,Engineer,1,5498.08,
TRANSACTIONS1000BASELINE000086,ACB00086,281.72,2024-02-11T10:00:00,Debit,Memphis,Online,37,Engineer,1,8559.83,
TRANSACTIONS1000BASELINE000087,ACB00087,793.88,2024-02-12T10:00:00,Debit,Mesa,Branch,40,Student,1,6743.55,
TRANSACTIONS1000BASELINE000088,ACB00088,386.76,2024-01-03T09:00:00,Debit,Mesa,Online,25,Student,1,1840.78,
TRANSACTIONS1000BASELINE000089,ACB00089,524.38,2024-01-20T12:00:00,Debit,El Paso,Online,46,Retired,2,4330.55,
TRANSACTIONS1000BASELINE000090,ACB00090,219.47,2024-01-25T20:00:00,Credit,Milwaukee,Branch,35,Engineer,1,1016.00,
TRANSACTIONS1000BASELINE000091,ACB00091,5.00,2024-02-12T15:00:00,Debit,Jacksonville,ATM,44,Doctor,1,2938.00,
TRANSACTIONS1000BASELINE000092,ACB00092,816.05,2024-01-28T14:00:00,Debit,New York,Branch,39,Doctor,1,3269.64,
TRANSACTIONS1000BASELINE000093,ACB00093,5.00,2024-02-15T15:00:00,Debit,Detroit,ATM,39,Engineer,1,5925.46,
TRANSACTIONS1000BASELINE000094,ACB00094,549.86,2024-01-10T09:00:00,Debit,Raleigh,ATM,49,Doctor,1,14630.89,
TRANSACTIONS1000BASELINE000095,ACB00095,468.19,2024-02-08T16:00:00,Credit,San Diego,Branch,55,Retired,1,7662.65,
TRANSACTIONS1000BASELINE000096,ACB00096,848.55,2024-02-06T11:00:00,Debit,Chicago,ATM,53,Doctor,1,9980.37,
TRANSACTIONS1000BASELINE000097,ACB00097,283.02,2024-01-20T09:00:00,Debit,Omaha,Branch,52,Retired,1,5399.07,
TRANSACTIONS1000BASELINE000098,ACB00098,322.40,2024-02-14T20:00:00,Debit,Washington,Online,38,Student,1,4725.83,
TRANSACTIONS1000BASELINE000099,ACB00099,107.43,2024-02-09T13:00:00,Debit,Seattle,ATM,58,Retired,3,4276.52,
TRANSACTIONS1000BASELINE000100,ACB00100,169.35,2024-02-15T09:00:00,Debit,Portland,ATM,49,Student,1,6793.08,
TRANSACTIONS1000BASELINE000101,ACB00101,227.60,2024-01-08T15:00:00,Credit,Jacksonville,ATM,54,Retired,1,8187.90,
TRANSACTIONS1000BASELINE000102,ACB00102,377.70,2024-01-06T20:00:00,Credit,Charlotte,Branch,48,Engineer,1,7271.10,
TRANSACTIONS1000BASELINE000103,ACB00103,469.27,2024-01-31T10:00:00,Credit,Louisville,Online,34,Student,1,3338.20,
TRANSACTIONS1000BASELINE000104,ACB00104,377.17,2024-01-15T11:00:00,Credit,Houston,Online,28,Student,1,1888.84,
TRANSACTIONS1000BASELINE000105,ACB00105,303.49,2024-01-09T10:00:00,Credit,Houston,ATM,50,Doctor,1,7401.84,
TRANSACTIONS1000BASELINE000106,ACB00106,264.89,2024-01-31T12:00:00,Debit,Mesa,Online,44,Engineer,2,4281.05,
TRANSACTIONS1000BASELINE000107,ACB00107,21.27,2024-02-05T18:00:00,Debit,Fresno,ATM,46,Retired,1,3239.57,
TRANSACTIONS1000BASELINE000108,ACB00108,423.12,2024-01-15T09:00:00,Debit,Portland,Branch,35,Doctor,1,4549.42,
TRANSACTIONS1000BASELINE000109,ACB00109,245.09,2024-01-16T20:00:00,Debit,El Paso,Branch,39,Student,1,4506.96,
TRANSACTIONS1000BASELINE000110,ACB00110,647.85,2024-01-19T09:00:00,Debit,San Antonio,Branch,37,Engineer,1,697.85,
TRANSACTIONS1000BASELINE000111,ACB00111,25.29,2024-01-24T16:00:00,Debit,Raleigh,Branch,43,Doctor,1,3413.33,
TRANSACTIONS1000BASELINE000112,ACB00112,341.54,2024-01-02T19:00:00,Debit,Tucson,Online,38,Student,1,2917.66,
TRANSACTIONS1000BASELINE000113,ACB00113,429.92,2024-01-09T11:00:00,Debit,Miami,Online,39,Student,1,6767.15,
TRANSACTIONS1000BASELINE000114,ACB00114,671.44,2024-01-16T20:00:00,Credit,San Jose,Online,41,Engineer,1,2944.05,
TRANSACTIONS1000BASELINE000115,ACB00115,306.03,2024-01-16T16:00:00,Debit,Jacksonville,Branch,47,Engineer,1,4579.57,
TRANSACTIONS1000BASELINE000116,ACB00116,371.29,2024-02-12T20:00:00,Debit,Tucson,Branch,43,Student,1,2319.74,
TRANSACTIONS1000BASELINE000117,ACB00117,1043.44,2024-01-05T10:00:00,Credit,Philadelphia,ATM,41,Retired,1,3455.18,
TRANSACTIONS1000BASELINE000118,ACB00118,501.93,2024-01-12T19:00:00,Debit,Raleigh,Branch,51,Retired,2,4665.34,
TRANSACTIONS1000BASELINE000119,ACB00119,1664.02,2024-01-15T16:00:00,Credit,Omaha,Online,44,Engineer,1,3170.61,
TRANSACTIONS1000BASELINE000120,ACB00120,40.92,2024-02-06T20:00:00,Credit,Philadelphia,Branch,24,Student,2,4505.78,
TRANSACTIONS1000BASELINE000121,ACB00001,321.19,2024-01-19T08:00:00,Debit,Oklahoma City,Online,39,Student,2,5805.71,2024-01-16T11:00:00
TRANSACTIONS1000BASELINE000122,ACB00002,36.63,2024-02-01T19:00:00,Debit,Colorado Springs,ATM,47,Retired,1,3755.94,2024-01-31T16:00:00
TRANSACTIONS1000BASELINE000123,ACB00003,255.25,2024-02-05T12:00:00,Debit,San Francisco,Online,47,Engineer,1,5108.37,2024-02-03T12:00:00
TRANSACTIONS1000BASELINE000124,ACB00004,252.96,2024-01-16T02:00:00,Debit,Washington,ATM,55,Retired,2,4694.08,2024-01-14T09:00:00
TRANSACTIONS1000BASELINE000125,ACB00005,502.24,2024-02-02T13:00:00,Credit,Austin,Branch,47,Doctor,1,4167.08,2024-01-30T13:00:00
TRANSACTIONS1000BASELINE000126,ACB00006,761.50,2024-01-09T02:00:00,Credit,Indianapolis,Online,60,Retired,2,8005.12,2024-01-05T17:00:00
TRANSACTIONS1000BASELINE000127,ACB00007,191.62,2024-02-15T14:00:00,Credit,Memphis,Branch,43,Student,2,2401.43,2024-02-13T19:00:00
TRANSACTIONS1000BASELINE000128,ACB00008,272.46,2024-01-26T15:00:00,Debit,Charlotte,Online,56,Engineer,3,6663.40,2024-01-23T13:00:00
TRANSACTIONS1000BASELINE000129,ACB00009,7.02,2024-02-05T09:00:00,Debit,Los Angeles,Online,48,Engineer,1,4922.43,2024-02-02T13:00:00
TRANSACTIONS1000BASELINE000130,ACB00010,297.84,2024-01-06T09:00:00,Credit,Phoenix,ATM,52,Retired,1,7491.22,2024-01-03T17:00:00
TRANSACTIONS1000BASELINE000131,ACB00011,5.00,2024-01-10T22:00:00,Credit,San Jose,Online,43,Student,1,4484.21,2024-01-10T14:00:00
TRANSACTIONS1000BASELINE000132,ACB00012,241.42,2024-01-30T20:00:00,Debit,San Francisco,Branch,44,Student,3,2173.32,2024-01-28T09:00:00
TRANSACTIONS1000BASELINE000133,ACB00013,347.90,2024-02-02T09:00:00,Debit,Miami,Online,54,Engineer,1,6376.59,2024-01-31T18:00:00
TRANSACTIONS1000BASELINE000134,ACB00014,277.63,2024-02-03T22:00:00,Debit,Chicago,Branch,48,Engineer,1,8080.51,2024-02-02T14:00:00
TRANSACTIONS1000BASELINE000135,ACB00015,286.74,2024-02-13T09:00:00,Debit,Omaha,Branch,32,Student,2,1244.50,2024-02-12T08:00:00
TRANSACTIONS1000BASELINE000136,ACB00016,268.47,2024-01-21T03:00:00,Debit,Columbus,Online,28,Student,1,10086.47,2024-01-18T13:00:00
TRANSACTIONS1000BASELINE000137,ACB00017,455.09,2024-02-09T15:00:00,Debit,Washington,ATM,47,Engineer,1,4980.34,2024-02-09T09:00:00
TRANSACTIONS1000BASELINE000138,ACB00018,508.04,2024-01-30T12:00:00,Debit,San Jose,Branch,40,Engineer,1,6941.30,2024-01-28T11:00:00
TRANSACTIONS1000BASELINE000139,ACB00019,96.70,2024-01-27T15:00:00,Debit,San Diego,Online,46,Retired,1,5480.58,2024-01-25T20:00:00
TRANSACTIONS1000BASELINE000140,ACB00020,488.07,2024-02-07T00:00:00,Debit,Milwaukee,ATM,59,Engineer,1,2129.31,2024-02-05T18:00:00
TRANSACTIONS1000BASELINE000141,ACB00021,250.09,2024-02-12T16:00:00,Credit,Milwaukee,Branch,60,Retired,1,4607.03,2024-02-11T20:00:00
TRANSACTIONS1000BASELINE000142,ACB00022,36.81,2024-02-10T11:00:00,Debit,Charlotte,ATM,52,Retired,2,4654.81,2024-02-08T08:00:00
TRANSACTIONS1000BASELINE000143,ACB00023,905.90,2024-01-18T01:00:00,Debit,Chicago,ATM,53,Doctor,2,3412.76,2024-01-14T09:00:00
TRANSACTIONS1000BASELINE000144,ACB00024,54.85,2024-01-15T12:00:00,Debit,Jacksonville,Branch,45,Doctor,2,5309.42,2024-01-14T18:00:00
TRANSACTIONS1000BASELINE000145,ACB00025,5.00,2024-02-17T00:00:00,Debit,El Paso,Online,44,Student,1,5315.05,2024-02-13T19:00:00
TRANSACTIONS1000BASELINE000146,ACB00026,350.73,2024-01-18T03:00:00,Credit,Dallas,Branch,41,Student,1,3599.11,2024-01-15T20:00:00
TRANSACTIONS1000BASELINE000147,ACB00027,492.09,2024-01-05T23:00:00,Debit,Kansas City,Branch,39,Student,1,4172.60,2024-01-03T16:00:00
TRANSACTIONS1000BASELINE000148,ACB00028,78.86,2024-01-19T18:00:00,Debit,Colorado Springs,Branch,44,Engineer,2,5409.40,2024-01-18T11:00:00
TRANSACTIONS1000BASELINE000149,ACB00029,122.19,2024-01-02T18:00:00,Debit,Nashville,Online,46,Doctor,1,3736.84,2024-01-02T12:00:00
TRANSACTIONS1000BASELINE000150,ACB00030,5.00,2024-01-29T06:00:00,Debit,San Antonio,Branch,48,Engineer,1,5068.68,2024-01-26T08:00:00
TRANSACTIONS1000BASELINE000151,ACB00031,5.00,2024-02-01T00:00:00,Debit,Colorado Springs,Online,45,Student,2,3801.26,2024-01-28T15:00:00
TRANSACTIONS1000BASELINE000152,ACB00032,5.00,2024-02-06T06:00:00,Debit,Atlanta,Branch,32,Student,1,3115.96,2024-02-03T13:00:00
TRANSACTIONS1000BASELINE000153,ACB00033,115.80,2024-01-23T13:00:00,Credit,Phoenix,Branch,52,Engineer,1,2134.06,2024-01-21T17:00:00
TRANSACTIONS1000BASELINE000154,ACB00034,5.52,2024-02-08T02:00:00,Credit,Austin,ATM,51,Retired,1,4293.93,2024-02-05T15:00:00
TRANSACTIONS1000BASELINE000155,ACB00035,211.45,2024-01-04T14:00:00,Debit,Kansas City,ATM,38,Student,1,3817.00,2024-01-01T15:00:00
TRANSACTIONS1000BASELINE000156,ACB00036,35.81,2024-01-05T02:00:00,Debit,Los Angeles,ATM,28,Student,2,5747.98,2024-01-01T12:00:00
TRANSACTIONS1000BASELINE000157,ACB00037,267.56,2024-02-12T00:00:00,Debit,Omaha,ATM,43,Engineer,2,6677.97,2024-02-09T12:00:00
TRANSACTIONS1000BASELINE000158,ACB00038,849.47,2024-01-28T13:00:00,Debit,Charlotte,ATM,53,Doctor,2,3332.38,2024-01-26T16:00:00
TRANSACTIONS1000BASELINE000159,ACB00039,195.87,2024-01-15T14:00:00,Debit,Houston,Branch,44,Engineer,1,3282.80,2024-01-12T14:00:00
TRANSACTIONS1000BASELINE000160,ACB00040,386.48,2024-01-12T09:00:00,Debit,Colorado Springs,Online,45,Student,2,5706.89,2024-01-09T20:00:00
TRANSACTIONS1000BASELINE000161,ACB00041,5.00,2024-01-23T00:00:00,Debit,Louisville,ATM,45,Student,1,2727.06,2024-01-21T18:00:00
TRANSACTIONS1000BASELINE000162,ACB00042,5.00,2024-02-11T13:00:00,Credit,Seattle,Branch,48,Doctor,1,8305.23,2024-02-10T15:00:00
TRANSACTIONS1000BASELINE000163,ACB00043,537.68,2024-02-05T09:00:00,Debit,Houston,Branch,53,Retired,1,5053.93,2024-02-03T13:00:00
TRANSACTIONS1000BASELINE000164,ACB00044,555.21,2024-02-09T17:00:00,Debit,Denver,ATM,37,Student,1,2902.70,2024-02-06T10:00:00
TRANSACTIONS1000BASELINE000165,ACB00045,129.00,2024-01-20T07:00:00,Debit,Philadelphia,ATM,71,Retired,1,5414.28,2024-01-17T08:00:00
TRANSACTIONS1000BASELINE000166,ACB00046,260.74,2024-02-04T20:00:00,Debit,Omaha,ATM,43,Engineer,1,6775.90,2024-02-03T19:00:00
TRANSACTIONS1000BASELINE000167,ACB00047,494.87,2024-01-25T19:00:00,Debit,Phoenix,Branch,40,Student,1,3426.54,2024-01-24T17:00:00
TRANSACTIONS1000BASELINE000168,ACB00048,151.88,2024-01-08T09:00:00,Debit,Nashville,Online,53,Doctor,2,6761.09,2024-01-04T18:00:00
TRANSACTIONS1000BASELINE000169,ACB00049,145.10,2024-01-16T06:00:00,Credit,Raleigh,Branch,56,Retired,1,5972.39,2024-01-13T18:00:00
TRANSACTIONS1000BASELINE000170,ACB00050,231.77,2024-02-18T15:00:00,Debit,Philadelphia,Online,46,Retired,1,1622.78,2024-02-15T14:00:00
TRANSACTIONS1000BASELINE000171,ACB00051,5.00,2024-02-03T21:00:00,Debit,Chicago,Online,52,Retired,1,6433.30,2024-01-31T13:00:00
TRANSACTIONS1000BASELINE000172,ACB00052,382.54,2024-01-21T03:00:00,Debit,Boston,ATM,46,Retired,1,3779.45,2024-01-19T11:00:00
TRANSACTIONS1000BASELINE000173,ACB00053,259.00,2024-02-17T09:00:00,Debit,Omaha,ATM,47,Doctor,1,9593.60,2024-02-15T09:00:00
TRANSACTIONS1000BASELINE000174,ACB00054,291.86,2024-01-06T23:00:00,Debit,Memphis,ATM,35,Student,1,4026.75,2024-01-04T17:00:00
TRANSACTIONS1000BASELINE000175,ACB00055,5.00,2024-01-30T08:00:00,Credit,Seattle,ATM,54,Engineer,1,4484.92,2024-01-26T17:00:00
TRANSACTIONS1000BASELINE000176,ACB00056,177.78,2024-01-12T17:00:00,Debit,Fresno,ATM,25,Student,3,683.95,2024-01-09T14:00:00
TRANSACTIONS1000BASELINE000177,ACB00057,741.82,2024-01-26T11:00:00,Debit,New York,ATM,37,Student,1,3318.26,2024-01-22T11:00:00
TRANSACTIONS1000BASELINE000178,ACB00058,734.76,2024-01-31T11:00:00,Debit,Denver,Online,48,Engineer,1,4426.49,2024-01-28T19:00:00
TRANSACTIONS1000BASELINE000179,ACB00059,98.97,2024-01-04T20:00:00,Debit,San Francisco,Online,40,Doctor,1,7041.32,2024-01-03T10:00:00
TRANSACTIONS1000BASELINE000180,ACB00060,80.16,2024-02-09T18:00:00,Debit,Dallas,Online,60,Doctor,1,9594.53,2024-02-07T13:00:00
TRANSACTIONS1000BASELINE000181,ACB00061,40.77,2024-02-03T06:00:00,Debit,Charlotte,Online,38,Student,1,5992.45,2024-02-01T16:00:00
TRANSACTIONS1000BASELINE000182,ACB00062,152.34,2024-02-14T02:00:00,Debit,Los Angeles,Online,45,Student,1,2558.44,2024-02-13T09:00:00
TRANSACTIONS1000BASELINE000183,ACB00063,305.48,2024-01-28T00:00:00,Debit,Milwaukee,Online,28,Student,1,4450.08,2024-01-24T11:00:00
TRANSACTIONS1000BASELINE000184,ACB00064,433.36,2024-01-20T00:00:00,Debit,Louisville,Branch,32,Student,1,5811.47,2024-01-16T08:00:00
TRANSACTIONS1000BASELINE000185,ACB00065,386.13,2024-01-07T22:00:00,Debit,Washington,ATM,49,Engineer,1,7059.64,2024-01-07T16:00:00
TRANSACTIONS1000BASELINE000186,ACB00066,516.46,2024-01-30T14:00:00,Debit,Tucson,Online,50,Engineer,1,6103.11,2024-01-26T20:00:00
TRANSACTIONS1000BASELINE000187,ACB00067,5.00,2024-02-11T22:00:00,Debit,Charlotte,Online,47,Doctor,1,5146.92,2024-02-08T08:00:00
TRANSACTIONS1000BASELINE000188,ACB00068,402.49,2024-01-24T02:00:00,Debit,Seattle,ATM,58,Retired,1,2852.39,2024-01-23T19:00:00
TRANSACTIONS1000BASELINE000189,ACB00069,731.24,2024-01-06T23:00:00,Debit,Omaha,Online,39,Doctor,1,7625.30,2024-01-03T15:00:00
TRANSACTIONS1000BASELINE000190,ACB00070,33.09,2024-01-15T15:00:00,Credit,Atlanta,Online,48,Student,2,2998.92,2024-01-13T18:00:00
TRANSACTIONS1000BASELINE000191,ACB00071,800.92,2024-02-07T12:00:00,Debit,Omaha,Branch,39,Student,1,2774.16,2024-02-03T12:00:00
TRANSACTIONS1000BASELINE000192,ACB00072,345.84,2024-01-24T02:00:00,Debit,Charlotte,Online,49,Doctor,1,4660.20,2024-01-21T20:00:00
TRANSACTIONS1000BASELINE000193,ACB00073,5.00,2024-02-05T14:00:00,Debit,Phoenix,Branch,42,Student,2,2898.02,2024-02-03T12:00:00
TRANSACTIONS1000BASELINE000194,ACB00074,190.76,2024-01-26T08:00:00,Debit,Las Vegas,ATM,59,Doctor,3,6339.70,2024-01-23T11:00:00
TRANSACTIONS1000BASELINE000195,ACB00075,48.59,2024-02-17T13:00:00,Debit,Albuquerque,ATM,47,Retired,1,6633.05,2024-02-14T11:00:00
TRANSACTIONS1000BASELINE000196,ACB00076,617.04,2024-02-15T03:00:00,Debit,Washington,Online,49,Engineer,1,5143.09,2024-02-13T12:00:00
TRANSACTIONS1000BASELINE000197,ACB00077,308.08,2024-01-09T05:00:00,Debit,San Francisco,Online,51,Retired,2,4528.09,2024-01-07T15:00:00
TRANSACTIONS1000BASELINE000198,ACB00078,213.57,2024-01-06T14:00:00,Debit,Raleigh,ATM,42,Student,1,4719.60,2024-01-05T10:00:00
TRANSACTIONS1000BASELINE000199,ACB00079,75.64,2024-02-01T00:00:00,Debit,Los Angeles,ATM,40,Doctor,2,3485.01,2024-01-31T15:00:00
TRANSACTIONS1000BASELINE000200,ACB00080,562.03,2024-01-26T22:00:00,Credit,Dallas,ATM,43,Student,1,6561.22,2024-01-26T12:00:00
TRANSACTIONS1000BASELINE000201,ACB00081,290.71,2024-01-31T10:00:00,Debit,Omaha,Branch,42,Student,1,1719.43,2024-01-30T19:00:00
TRANSACTIONS1000BASELINE000202,ACB00082,5.00,2024-02-11T10:00:00,Debit,Fresno,ATM,43,Doctor,1,4637.74,2024-02-09T17:00:00
TRANSACTIONS1000BASELINE000203,ACB00083,162.96,2024-02-15T04:00:00,Credit,El Paso,Online,32,Engineer,1,7276.12,2024-02-12T14:00:00
TRANSACTIONS1000BASELINE000204,ACB00084,45.92,2024-02-05T13:00:00,Credit,Louisville,Branch,43,Student,1,1930.57,2024-02-04T12:00:00
TRANSACTIONS1000BASELINE000205,ACB00085,364.28,2024-01-20T16:00:00,Debit,Columbus,Branch,48,Engineer,2,5457.05,2024-01-18T11:00:00
TRANSACTIONS1000BASELINE000206,ACB00086,322.12,2024-02-14T22:00:00,Debit,Memphis,Online,37,Engineer,1,6752.01,2024-02-11T10:00:00
TRANSACTIONS1000BASELINE000207,ACB00087,162.93,2024-02-13T14:00:00,Debit,Indianapolis,ATM,40,Student,1,5318.43,2024-02-12T10:00:00
TRANSACTIONS1000BASELINE000208,ACB00088,556.05,2024-01-04T00:00:00,Debit,Columbus,Branch,25,Student,1,1786.90,2024-01-03T09:00:00
TRANSACTIONS1000BASELINE000209,ACB00089,5.00,2024-01-20T19:00:00,Debit,Seattle,Online,46,Retired,1,3992.70,2024-01-20T12:00:00
TRANSACTIONS1000BASELINE000210,ACB00090,268.81,2024-01-28T13:00:00,Credit,Fresno,Branch,35,Engineer,1,1030.39,2024-01-25T20:00:00
TRANSACTIONS1000BASELINE000211,ACB00091,1062.69,2024-02-15T04:00:00,Debit,Louisville,ATM,44,Doctor,1,2586.80,2024-02-12T15:00:00
TRANSACTIONS1000BASELINE000212,ACB00092,675.62,2024-01-29T14:00:00,Debit,New York,Online,39,Doctor,1,8741.04,2024-01-28T14:00:00
TRANSACTIONS1000BASELINE000213,ACB00093,135.42,2024-02-18T05:00:00,Credit,Raleigh,ATM,39,Engineer,1,5771.13,2024-02-15T15:00:00
TRANSACTIONS1000BASELINE000214,ACB00094,573.56,2024-01-12T13:00:00,Debit,Raleigh,ATM,49,Doctor,1,19188.39,2024-01-10T09:00:00
TRANSACTIONS1000BASELINE000215,ACB00095,497.62,2024-02-10T05:00:00,Credit,San Diego,ATM,55,Retired,1,5179.73,2024-02-08T16:00:00
TRANSACTIONS1000BASELINE000216,ACB00096,296.31,2024-02-07T19:00:00,Debit,San Francisco,ATM,53,Doctor,1,5334.86,2024-02-06T11:00:00
TRANSACTIONS1000BASELINE000217,ACB00097,274.96,2024-01-24T03:00:00,Debit,Omaha,Online,52,Retired,1,6929.00,2024-01-20T09:00:00
TRANSACTIONS1000BASELINE000218,ACB00098,427.83,2024-02-17T00:00:00,Credit,Washington,Online,38,Student,1,4847.74,2024-02-14T20:00:00
TRANSACTIONS1000BASELINE000219,ACB00099,188.41,2024-02-11T17:00:00,Credit,Dallas,Online,58,Retired,1,4670.70,2024-02-09T13:00:00
TRANSACTIONS1000BASELINE000220,ACB00100,226.54,2024-02-16T04:00:00,Debit,Portland,Branch,49,Student,1,10270.59,2024-02-15T09:00:00
TRANSACTIONS1000BASELINE000221,ACB00101,132.23,2024-01-10T14:00:00,Debit,Fresno,Branch,54,Retired,1,5083.94,2024-01-08T15:00:00
TRANSACTIONS1000BASELINE000222,ACB00102,182.01,2024-01-10T20:00:00,Debit,Chicago,Branch,48,Engineer,1,4323.12,2024-01-06T20:00:00
TRANSACTIONS1000BASELINE000223,ACB00103,338.59,2024-02-01T06:00:00,Debit,Fresno,ATM,34,Student,1,2223.25,2024-01-31T10:00:00
TRANSACTIONS1000BASELINE000224,ACB00104,5.00,2024-01-18T05:00:00,Credit,Philadelphia,Branch,28,Student,1,1357.59,2024-01-15T11:00:00
TRANSACTIONS1000BASELINE000225,ACB00105,5.00,2024-01-10T06:00:00,Debit,Houston,ATM,50,Doctor,1,9916.15,2024-01-09T10:00:00
TRANSACTIONS1000BASELINE000226,ACB00106,648.17,2024-02-03T09:00:00,Debit,Mesa,Online,44,Engineer,1,6002.94,2024-01-31T12:00:00
TRANSACTIONS1000BASELINE000227,ACB00107,97.41,2024-02-07T00:00:00,Debit,Miami,ATM,46,Retired,1,2567.26,2024-02-05T18:00:00
TRANSACTIONS1000BASELINE000228,ACB00108,263.01,2024-01-17T01:00:00,Debit,Seattle,Branch,35,Doctor,2,6320.06,2024-01-15T09:00:00
TRANSACTIONS1000BASELINE000229,ACB00109,263.04,2024-01-20T20:00:00,Debit,Virginia Beach,Online,39,Student,1,5061.26,2024-01-16T20:00:00
TRANSACTIONS1000BASELINE000230,ACB00110,334.57,2024-01-22T16:00:00,Debit,Colorado Springs,Branch,37,Engineer,1,9166.61,2024-01-19T09:00:00
TRANSACTIONS1000BASELINE000231,ACB00111,588.77,2024-01-27T04:00:00,Debit,Chicago,ATM,43,Doctor,1,5437.44,2024-01-24T16:00:00
TRANSACTIONS1000BASELINE000232,ACB00112,5.00,2024-01-05T03:00:00,Debit,Chicago,ATM,38,Student,1,3358.98,2024-01-02T19:00:00
TRANSACTIONS1000BASELINE000233,ACB00113,225.85,2024-01-12T17:00:00,Debit,Miami,ATM,39,Student,1,2710.76,2024-01-09T11:00:00
TRANSACTIONS1000BASELINE000234,ACB00114,315.74,2024-01-17T07:00:00,Debit,Kansas City,ATM,41,Engineer,1,3766.17,2024-01-16T20:00:00
TRANSACTIONS1000BASELINE000235,ACB00115,280.81,2024-01-17T05:00:00,Debit,Colorado Springs,Branch,47,Engineer,1,2444.46,2024-01-16T16:00:00
TRANSACTIONS1000BASELINE000236,ACB00116,764.82,2024-02-13T13:00:00,Debit,Tucson,ATM,43,Student,1,4635.30,2024-02-12T20:00:00
TRANSACTIONS1000BASELINE000237,ACB00117,502.39,2024-01-07T02:00:00,Credit,Philadelphia,ATM,41,Retired,3,3420.21,2024-01-05T10:00:00
TRANSACTIONS1000BASELINE000238,ACB00118,19.69,2024-01-13T08:00:00,Debit,Denver,Branch,51,Retired,2,5073.00,2024-01-12T19:00:00
TRANSACTIONS1000BASELINE000239,ACB00119,20.98,2024-01-15T22:00:00,Debit,Memphis,Online,44,Engineer,1,2785.88,2024-01-15T16:00:00
TRANSACTIONS1000BASELINE000240,ACB00120,629.88,2024-02-09T07:00:00,Credit,Indianapolis,Branch,24,Student,2,5675.16,2024-02-06T20:00:00
TRANSACTIONS1000BASELINE000241,ACB00001,132.92,2024-01-22T00:00:00,Credit,Jacksonville,ATM,39,Student,1,5413.54,2024-01-19T08:00:00
TRANSACTIONS1000BASELINE000242,ACB00002,370.62,2024-02-02T07:00:00,Credit,Colorado Springs,Branch,47,Retired,2,3082.37,2024-02-01T19:00:00
TRANSACTIONS1000BASELINE000243,ACB00003,20.72,2024-02-09T07:00:00,Debit,San Antonio,Online,47,Engineer,1,6377.87,2024-02-05T12:00:00
TRANSACTIONS1000BASELINE000244,ACB00004,476.75,2024-01-18T18:00:00,Debit,Washington,Online,55,Retired,1,3497.64,2024-01-16T02:00:00
TRANSACTIONS1000BASELINE000245,ACB00005,414.58,2024-02-04T06:00:00,Credit,New York,Branch,47,Doctor,1,3219.82,2024-02-02T13:00:00
TRANSACTIONS1000BASELINE000246,ACB00006,5.00,2024-01-10T01:00:00,Credit,Milwaukee,Online,60,Retired,1,4899.86,2024-01-09T02:00:00
TRANSACTIONS1000BASELINE000247,ACB00007,408.58,2024-02-17T14:00:00,Debit,Memphis,ATM,43,Student,1,2438.91,2024-02-15T14:00:00
TRANSACTIONS1000BASELINE000248,ACB00008,413.98,2024-01-28T16:00:00,Credit,Sacramento,Online,56,Engineer,1,6223.91,2024-01-26T15:00:00
TRANSACTIONS1000BASELINE000249,ACB00009,5.00,2024-02-08T19:00:00,Debit,El Paso,ATM,48,Engineer,1,4573.85,2024-02-05T09:00:00
TRANSACTIONS1000BASELINE000250,ACB00010,180.40,2024-01-10T06:00:00,Debit,Denver,Online,52,Retired,1,6849.48,2024-01-06T09:00:00
TRANSACTIONS1000BASELINE000251,ACB00011,789.26,2024-01-11T19:00:00,Credit,Fresno,ATM,43,Student,1,4309.66,2024-01-10T22:00:00
TRANSACTIONS1000BASELINE000252,ACB00012,433.62,2024-02-03T18:00:00,Debit,Houston,Online,44,Student,1,2994.14,2024-01-30T20:00:00
TRANSACTIONS1000BASELINE000253,ACB00013,290.16,2024-02-04T15:00:00,Debit,Las Vegas,Online,54,Engineer,3,5728.09,2024-02-02T09:00:00
TRANSACTIONS1000BASELINE000254,ACB00014,309.50,2024-02-07T19:00:00,Credit,Omaha,ATM,48,Engineer,1,7508.58,2024-02-03T22:00:00
TRANSACTIONS1000BASELINE000255,ACB00015,231.18,2024-02-13T21:00:00,Debit,Omaha,Online,32,Student,1,1003.89,2024-02-13T09:00:00
TRANSACTIONS1000BASELINE000256,ACB00016,5.00,2024-01-22T18:00:00,Debit,Fort Worth,ATM,28,Student,3,7851.14,2024-01-21T03:00:00
TRANSACTIONS1000BASELINE000257,ACB00017,5.00,2024-02-11T05:00:00,Debit,San Diego,ATM,47,Engineer,1,7670.70,2024-02-09T15:00:00
TRANSACTIONS1000BASELINE000258,ACB00018,534.09,2024-02-01T21:00:00,Debit,Albuquerque,Online,40,Engineer,1,5606.77,2024-01-30T12:00:00
TRANSACTIONS1000BASELINE000259,ACB00019,5.00,2024-01-30T13:00:00,Debit,Indianapolis,Online,46,Retired,1,3727.45,2024-01-27T15:00:00
TRANSACTIONS1000BASELINE000260,ACB00020,494.10,2024-02-10T20:00:00,Debit,Milwaukee,ATM,59,Engineer,1,4136.45,2024-02-07T00:00:00
TRANSACTIONS1000BASELINE000261,ACB00021,463.50,2024-02-14T23:00:00,Debit,Memphis,Branch,60,Retired,1,5159.13,2024-02-12T16:00:00
TRANSACTIONS1000BASELINE000262,ACB00022,552.26,2024-02-13T05:00:00,Debit,Milwaukee,Branch,52,Retired,1,4649.11,2024-02-10T11:00:00
TRANSACTIONS1000BASELINE000263,ACB00023,843.57,2024-01-21T18:00:00,Debit,San Francisco,ATM,53,Doctor,2,7109.90,2024-01-18T01:00:00
TRANSACTIONS1000BASELINE000264,ACB00024,143.17,2024-01-19T01:00:00,Debit,Memphis,ATM,45,Doctor,2,5698.06,2024-01-15T12:00:00
TRANSACTIONS1000BASELINE000265,ACB00025,1823.73,2024-02-18T20:00:00,Debit,Portland,Branch,44,Student,1,4938.63,2024-02-17T00:00:00
TRANSACTIONS1000BASELINE000266,ACB00026,309.42,2024-01-19T03:00:00,Debit,Raleigh,Online,41,Student,1,4058.76,2024-01-18T03:00:00
TRANSACTIONS1000BASELINE000267,ACB00027,127.42,2024-01-08T16:00:00,Debit,Mesa,Online,39,Student,1,7032.52,2024-01-05T23:00:00
TRANSACTIONS1000BASELINE000268,ACB00028,79.78,2024-01-23T01:00:00,Debit,Austin,Branch,44,Engineer,1,5416.35,2024-01-19T18:00:00
TRANSACTIONS1000BASELINE000269,ACB00029,329.01,2024-01-04T06:00:00,Credit,Colorado Springs,ATM,46,Doctor,1,7180.12,2024-01-02T18:00:00
TRANSACTIONS1000BASELINE000270,ACB00030,389.01,2024-02-01T10:00:00,Debit,Tucson,Branch,48,Engineer,2,2864.20,2024-01-29T06:00:00
TRANSACTIONS1000BASELINE000271,ACB00031,204.51,2024-02-02T13:00:00,Debit,Louisville,Online,45,Student,1,3596.35,2024-02-01T00:00:00
TRANSACTIONS1000BASELINE000272,ACB00032,5.00,2024-02-08T03:00:00,Debit,Miami,Branch,32,Student,1,1715.53,2024-02-06T06:00:00
TRANSACTIONS1000BASELINE000273,ACB00033,14.61,2024-01-25T08:00:00,Credit,Indianapolis,ATM,52,Engineer,2,3763.14,2024-01-23T13:00:00
TRANSACTIONS1000BASELINE000274,ACB00034,453.98,2024-02-12T02:00:00,Debit,Las Vegas,ATM,51,Retired,1,4012.03,2024-02-08T02:00:00
TRANSACTIONS1000BASELINE000275,ACB00035,483.89,2024-01-07T11:00:00,Debit,Baltimore,ATM,38,Student,1,3509.33,2024-01-04T14:00:00
TRANSACTIONS1000BASELINE000276,ACB00036,193.53,2024-01-05T11:00:00,Debit,Los Angeles,ATM,28,Student,1,5759.02,2024-01-05T02:00:00
TRANSACTIONS1000BASELINE000277,ACB00037,281.07,2024-02-15T03:00:00,Debit,Milwaukee,Online,43,Engineer,1,4586.32,2024-02-12T00:00:00
TRANSACTIONS1000BASELINE000278,ACB00038,64.25,2024-01-30T10:00:00,Debit,Memphis,ATM,53,Doctor,1,4134.28,2024-01-28T13:00:00
TRANSACTIONS1000BASELINE000279,ACB00039,261.97,2024-01-16T18:00:00,Debit,Houston,ATM,44,Engineer,1,1817.84,2024-01-15T14:00:00
TRANSACTIONS1000BASELINE000280,ACB00040,463.88,2024-01-15T06:00:00,Debit,San Jose,ATM,45,Student,1,4577.80,2024-01-12T09:00:00
TRANSACTIONS1000BASELINE000281,ACB00041,55.47,2024-01-23T18:00:00,Credit,Miami,ATM,45,Student,1,2417.45,2024-01-23T00:00:00
TRANSACTIONS1000BASELINE000282,ACB00042,50.75,2024-02-12T18:00:00,Debit,Colorado Springs,Online,48,Doctor,1,6856.62,2024-02-11T13:00:00
TRANSACTIONS1000BASELINE000283,ACB00043,327.14,2024-02-07T13:00:00,Debit,Mesa,Online,53,Retired,1,5546.43,2024-02-05T09:00:00
TRANSACTIONS1000BASELINE000284,ACB00044,909.63,2024-02-10T11:00:00,Debit,Charlotte,Branch,37,Student,1,2162.14,2024-02-09T17:00:00
TRANSACTIONS1000BASELINE000285,ACB00045,106.86,2024-01-21T08:00:00,Debit,Philadelphia,ATM,71,Retired,2,6959.85,2024-01-20T07:00:00
TRANSACTIONS1000BASELINE000286,ACB00046,225.29,2024-02-07T20:00:00,Credit,Omaha,Branch,43,Engineer,1,6769.12,2024-02-04T20:00:00
TRANSACTIONS1000BASELINE000287,ACB00047,211.59,2024-01-28T01:00:00,Debit,Phoenix,Branch,40,Student,2,3412.61,2024-01-25T19:00:00
TRANSACTIONS1000BASELINE000288,ACB00048,49.29,2024-01-12T08:00:00,Debit,Milwaukee,Online,53,Doctor,1,11077.37,2024-01-08T09:00:00
TRANSACTIONS1000BASELINE000289,ACB00049,80.34,2024-01-19T23:00:00,Credit,Kansas City,Branch,56,Retired,1,7531.91,2024-01-16T06:00:00
TRANSACTIONS1000BASELINE000290,ACB00050,231.30,2024-02-19T14:00:00,Debit,Philadelphia,ATM,46,Retired,1,4301.70,2024-02-18T15:00:00
TRANSACTIONS1000BASELINE000291,ACB00051,203.23,2024-02-05T23:00:00,Debit,Houston,Branch,52,Retired,1,5579.77,2024-02-03T21:00:00
TRANSACTIONS1000BASELINE000292,ACB00052,209.79,2024-01-25T01:00:00,Debit,Boston,ATM,46,Retired,1,4075.02,2024-01-21T03:00:00
TRANSACTIONS1000BASELINE000293,ACB00053,208.97,2024-02-20T04:00:00,Debit,Omaha,ATM,47,Doctor,2,7858.64,2024-02-17T09:00:00
TRANSACTIONS1000BASELINE000294,ACB00054,270.72,2024-01-10T03:00:00,Debit,Memphis,ATM,35,Student,1,3535.03,2024-01-06T23:00:00
TRANSACTIONS1000BASELINE000295,ACB00055,153.60,2024-01-30T19:00:00,Credit,Memphis,Online,54,Engineer,1,5135.96,2024-01-30T08:00:00
TRANSACTIONS1000BASELINE000296,ACB00056,188.76,2024-01-16T17:00:00,Debit,Fresno,ATM,25,Student,1,882.31,2024-01-12T17:00:00
TRANSACTIONS1000BASELINE000297,ACB00057,461.75,2024-01-27T15:00:00,Debit,Las Vegas,ATM,37,Student,2,2751.47,2024-01-26T11:00:00
TRANSACTIONS1000BASELINE000298,ACB00058,5.00,2024-02-03T14:00:00,Debit,San Antonio,Online,48,Engineer,2,1992.35,2024-01-31T11:00:00
TRANSACTIONS1000BASELINE000299,ACB00059,209.95,2024-01-06T09:00:00,Credit,Indianapolis,ATM,40,Doctor,1,5656.87,2024-01-04T20:00:00
TRANSACTIONS1000BASELINE000300,ACB00060,5.00,2024-02-10T07:00:00,Credit,Boston,Online,60,Doctor,1,11080.02,2024-02-09T18:00:00
TRANSACTIONS1000BASELINE000301,ACB00061,104.01,2024-02-04T22:00:00,Debit,Nashville,Online,38,Student,1,2986.31,2024-02-03T06:00:00
TRANSACTIONS1000BASELINE000302,ACB00062,319.16,2024-02-17T18:00:00,Credit,Louisville,Branch,45,Student,3,3664.00,2024-02-14T02:00:00
TRANSACTIONS1000BASELINE000303,ACB00063,152.84,2024-01-30T09:00:00,Debit,Sacramento,ATM,28,Student,1,4163.49,2024-01-28T00:00:00
TRANSACTIONS1000BASELINE000304,ACB00064,574.91,2024-01-23T21:00:00,Credit,Louisville,ATM,32,Student,1,5866.81,2024-01-20T00:00:00
TRANSACTIONS1000BASELINE000305,ACB00065,550.95,2024-01-09T04:00:00,Debit,Jacksonville,Online,49,Engineer,1,7168.33,2024-01-07T22:00:00
TRANSACTIONS1000BASELINE000306,ACB00066,549.35,2024-02-03T13:00:00,Debit,Portland,ATM,50,Engineer,1,5923.62,2024-01-30T14:00:00
TRANSACTIONS1000BASELINE000307,ACB00067,223.13,2024-02-12T15:00:00,Credit,Austin,Online,47,Doctor,1,4372.88,2024-02-11T22:00:00
TRANSACTIONS1000BASELINE000308,ACB00068,997.51,2024-01-26T06:00:00,Debit,Seattle,Online,58,Retired,2,6134.99,2024-01-24T02:00:00
TRANSACTIONS1000BASELINE000309,ACB00069,83.01,2024-01-08T13:00:00,Debit,Detroit,Online,39,Doctor,1,9120.66,2024-01-06T23:00:00
TRANSACTIONS1000BASELINE000310,ACB00070,374.32,2024-01-19T11:00:00,Debit,Jacksonville,ATM,48,Student,1,2868.53,2024-01-15T15:00:00
TRANSACTIONS1000BASELINE000311,ACB00071,263.11,2024-02-11T01:00:00,Debit,Dallas,Branch,39,Student,2,4374.82,2024-02-07T12:00:00
TRANSACTIONS1000BASELINE000312,ACB00072,393.55,2024-01-25T18:00:00,Debit,Fort Worth,Online,49,Doctor,1,6338.10,2024-01-24T02:00:00
TRANSACTIONS1000BASELINE000313,ACB00073,715.42,2024-02-09T03:00:00,Debit,Philadelphia,Branch,42,Student,1,4498.64,2024-02-05T14:00:00
TRANSACTIONS1000BASELINE000314,ACB00074,197.65,2024-01-28T08:00:00,Debit,Las Vegas,ATM,59,Doctor,2,7493.53,2024-01-26T08:00:00
TRANSACTIONS1000BASELINE000315,ACB00075,168.17,2024-02-20T12:00:00,Debit,El Paso,Online,47,Retired,1,9314.05,2024-02-17T13:00:00
TRANSACTIONS1000BASELINE000316,ACB00076,312.66,2024-02-17T20:00:00,Debit,Washington,Branch,49,Engineer,1,5159.84,2024-02-15T03:00:00
TRANSACTIONS1000BASELINE000317,ACB00077,592.69,2024-01-11T08:00:00,Debit,Philadelphia,ATM,51,Retired,1,5874.23,2024-01-09T05:00:00
TRANSACTIONS1000BASELINE000318,ACB00078,597.81,2024-01-09T03:00:00,Debit,Louisville,Online,42,Student,2,3921.59,2024-01-06T14:00:00
TRANSACTIONS1000BASELINE000319,ACB00079,51.80,2024-02-01T07:00:00,Debit,Los Angeles,ATM,40,Doctor,1,6228.12,2024-02-01T00:00:00
TRANSACTIONS1000BASELINE000320,ACB00080,281.76,2024-01-28T03:00:00,Credit,Fresno,Online,43,Student,1,4290.80,2024-01-26T22:00:00
TRANSACTIONS1000BASELINE000321,ACB00081,474.37,2024-02-02T18:00:00,Debit,Raleigh,ATM,42,Student,1,1417.60,2024-01-31T10:00:00
TRANSACTIONS1000BASELINE000322,ACB00082,295.11,2024-02-13T02:00:00,Credit,Washington,Online,43,Doctor,1,2498.18,2024-02-11T10:00:00
TRANSACTIONS1000BASELINE000323,ACB00083,80.37,2024-02-17T13:00:00,Credit,El Paso,Online,32,Engineer,1,9419.46,2024-02-15T04:00:00
TRANSACTIONS1000BASELINE000324,ACB00084,170.28,2024-02-08T09:00:00,Credit,San Jose,Branch,43,Student,1,2061.48,2024-02-05T13:00:00
TRANSACTIONS1000BASELINE000325,ACB00085,357.63,2024-01-23T01:00:00,Debit,Fort Worth,Online,48,Engineer,1,4909.91,2024-01-20T16:00:00
TRANSACTIONS1000BASELINE000326,ACB00086,281.66,2024-02-17T21:00:00,Debit,Memphis,Online,37,Engineer,1,7250.12,2024-02-14T22:00:00
TRANSACTIONS1000BASELINE000327,ACB00087,589.97,2024-02-15T21:00:00,Debit,Indianapolis,Branch,40,Student,1,6900.13,2024-02-13T14:00:00
TRANSACTIONS1000BASELINE000328,ACB00088,17.43,2024-01-06T16:00:00,Debit,Columbus,Branch,25,Student,2,1823.55,2024-01-04T00:00:00
TRANSACTIONS1000BASELINE000329,ACB00089,266.85,2024-01-22T06:00:00,Debit,El Paso,Online,46,Retired,1,4736.86,2024-01-20T19:00:00
TRANSACTIONS1000BASELINE000330,ACB00090,165.54,2024-01-29T10:00:00,Debit,Milwaukee,Branch,35,Engineer,3,1605.66,2024-01-28T13:00:00
TRANSACTIONS1000BASELINE000331,ACB00091,671.98,2024-02-17T21:00:00,Debit,Jacksonville,Branch,44,Doctor,2,2608.57,2024-02-15T04:00:00
TRANSACTIONS1000BASELINE000332,ACB00092,391.71,2024-01-31T05:00:00,Debit,New York,Online,39,Doctor,1,8655.11,2024-01-29T14:00:00
TRANSACTIONS1000BASELINE000333,ACB00093,377.87,2024-02-18T17:00:00,Credit,Kansas City,Branch,39,Engineer,1,5504.41,2024-02-18T05:00:00
TRANSACTIONS1000BASELINE000334,ACB00094,547.42,2024-01-16T00:00:00,Debit,Raleigh,ATM,49,Doctor,1,14986.91,2024-01-12T13:00:00
TRANSACTIONS1000BASELINE000335,ACB00095,499.19,2024-02-14T03:00:00,Credit,Chicago,Branch,55,Retired,1,10361.05,2024-02-10T05:00:00
TRANSACTIONS1000BASELINE000336,ACB00096,1036.79,2024-02-10T09:00:00,Debit,Philadelphia,ATM,53,Doctor,1,6941.66,2024-02-07T19:00:00
TRANSACTIONS1000BASELINE000337,ACB00097,625.21,2024-01-27T21:00:00,Debit,Omaha,Branch,52,Retired,2,5076.70,2024-01-24T03:00:00
TRANSACTIONS1000BASELINE000338,ACB00098,245.80,2024-02-20T10:00:00,Credit,Washington,Online,38,Student,1,3169.30,2024-02-17T00:00:00
TRANSACTIONS1000BASELINE000339,ACB00099,138.97,2024-02-15T15:00:00,Credit,Dallas,Online,58,Retired,1,4773.13,2024-02-11T17:00:00
TRANSACTIONS1000BASELINE000340,ACB00100,155.07,2024-02-19T10:00:00,Debit,San Francisco,ATM,49,Student,2,5701.70,2024-02-16T04:00:00
TRANSACTIONS1000BASELINE000341,ACB00101,785.82,2024-01-12T15:00:00,Debit,El Paso,Branch,54,Retired,1,4322.14,2024-01-10T14:00:00
TRANSACTIONS1000BASELINE000342,ACB00102,545.62,2024-01-13T01:00:00,Debit,Chicago,Online,48,Engineer,1,5750.27,2024-01-10T20:00:00
TRANSACTIONS1000BASELINE000343,ACB00103,20.33,2024-02-05T03:00:00,Debit,Memphis,ATM,34,Student,1,2184.53,2024-02-01T06:00:00
TRANSACTIONS1000BASELINE000344,ACB00104,605.18,2024-01-18T19:00:00,Credit,Philadelphia,Online,28,Student,1,681.45,2024-01-18T05:00:00
TRANSACTIONS1000BASELINE000345,ACB00105,93.23,2024-01-11T20:00:00,Debit,Sacramento,ATM,50,Doctor,1,8051.80,2024-01-10T06:00:00
TRANSACTIONS1000BASELINE000346,ACB00106,360.72,2024-02-04T19:00:00,Debit,Mesa,Branch,44,Engineer,1,5767.63,2024-02-03T09:00:00
TRANSACTIONS1000BASELINE000347,ACB00107,129.16,2024-02-07T13:00:00,Debit,San Diego,ATM,46,Retired,1,4224.26,2024-02-07T00:00:00
TRANSACTIONS1000BASELINE000348,ACB00108,224.34,2024-01-20T05:00:00,Debit,Omaha,ATM,35,Doctor,1,9202.61,2024-01-17T01:00:00
TRANSACTIONS1000BASELINE000349,ACB00109,5.00,2024-01-23T01:00:00,Debit,Austin,Online,39,Student,2,5104.29,2024-01-20T20:00:00
TRANSACTIONS1000BASELINE000350,ACB00110,120.99,2024-01-26T05:00:00,Debit,San Antonio,ATM,37,Engineer,2,8487.17,2024-01-22T16:00:00
TRANSACTIONS1000BASELINE000351,ACB00111,726.71,2024-01-30T04:00:00,Credit,San Francisco,ATM,43,Doctor,1,6304.37,2024-01-27T04:00:00
TRANSACTIONS1000BASELINE000352,ACB00112,404.36,2024-01-09T02:00:00,Debit,Chicago,ATM,38,Student,1,2859.28,2024-01-05T03:00:00
TRANSACTIONS1000BASELINE000353,ACB00113,321.83,2024-01-13T22:00:00,Debit,Milwaukee,Online,39,Student,1,7843.84,2024-01-12T17:00:00
TRANSACTIONS1000BASELINE000354,ACB00114,194.49,2024-01-20T19:00:00,Debit,Tucson,ATM,41,Engineer,1,3124.74,2024-01-17T07:00:00
TRANSACTIONS1000BASELINE000355,ACB00115,416.31,2024-01-19T06:00:00,Debit,Colorado Springs,ATM,47,Engineer,1,2574.57,2024-01-17T05:00:00
TRANSACTIONS1000BASELINE000356,ACB00116,116.29,2024-02-14T08:00:00,Debit,Columbus,ATM,43,Student,1,3617.48,2024-02-13T13:00:00
TRANSACTIONS1000BASELINE000357,ACB00117,393.32,2024-01-08T16:00:00,Credit,Philadelphia,Branch,41,Retired,2,4099.50,2024-01-07T02:00:00
TRANSACTIONS1000BASELINE000358,ACB00118,873.17,2024-01-15T17:00:00,Debit,Denver,ATM,51,Retired,1,4877.94,2024-01-13T08:00:00
TRANSACTIONS1000BASELINE000359,ACB00119,663.19,2024-01-16T18:00:00,Debit,Memphis,Online,44,Engineer,1,3063.98,2024-01-15T22:00:00
TRANSACTIONS1000BASELINE000360,ACB00120,520.20,2024-02-12T00:00:00,Debit,Indianapolis,Branch,24,Student,1,4498.35,2024-02-09T07:00:00
TRANSACTIONS1000BASELINE000361,ACB00001,356.50,2024-01-22T10:00:00,Debit,Las Vegas,ATM,39,Student,1,6190.90,2024-01-22T00:00:00
TRANSACTIONS1000BASELINE000362,ACB00002,5.00,2024-02-06T01:00:00,Credit,Milwaukee,ATM,47,Retired,2,4137.15,2024-02-02T07:00:00
TRANSACTIONS1000BASELINE000363,ACB00003,288.09,2024-02-11T03:00:00,Debit,Indianapolis,Online,47,Engineer,1,5705.42,2024-02-09T07:00:00
TRANSACTIONS1000BASELINE000364,ACB00004,248.21,2024-01-20T20:00:00,Debit,Washington,Online,55,Retired,2,4480.08,2024-01-18T18:00:00
TRANSACTIONS1000BASELINE000365,ACB00005,289.99,2024-02-06T03:00:00,Debit,Jacksonville,Branch,47,Doctor,1,3232.95,2024-02-04T06:00:00
TRANSACTIONS1000BASELINE000366,ACB00006,713.58,2024-01-11T10:00:00,Credit,Omaha,Online,60,Retired,1,9783.17,2024-01-10T01:00:00
TRANSACTIONS1000BASELINE000367,ACB00007,446.53,2024-02-19T11:00:00,Debit,Seattle,Branch,43,Student,1,2936.31,2024-02-17T14:00:00
TRANSACTIONS1000BASELINE000368,ACB00008,447.07,2024-01-31T15:00:00,Debit,Las Vegas,Online,56,Engineer,1,5534.47,2024-01-28T16:00:00
TRANSACTIONS1000BASELINE000369,ACB00009,412.63,2024-02-09T06:00:00,Debit,Chicago,ATM,48,Engineer,1,5366.98,2024-02-08T19:00:00
TRANSACTIONS1000BASELINE000370,ACB00010,595.59,2024-01-10T23:00:00,Debit,Denver,Online,52,Retired,1,5858.62,2024-01-10T06:00:00
TRANSACTIONS1000BASELINE000371,ACB00011,5.00,2024-01-12T03:00:00,Credit,Virginia Beach,Online,43,Student,1,4741.12,2024-01-11T19:00:00
TRANSACTIONS1000BASELINE000372,ACB00012,70.84,2024-02-04T05:00:00,Debit,Baltimore,Online,44,Student,1,2940.33,2024-02-03T18:00:00
TRANSACTIONS1000BASELINE000373,ACB00013,200.95,2024-02-06T08:00:00,Debit,Seattle,Branch,54,Engineer,1,6864.48,2024-02-04T15:00:00
TRANSACTIONS1000BASELINE000374,ACB00014,246.63,2024-02-09T14:00:00,Debit,Omaha,ATM,48,Engineer,1,8172.65,2024-02-07T19:00:00
TRANSACTIONS1000BASELINE000375,ACB00015,225.55,2024-02-15T23:00:00,Debit,Omaha,Branch,32,Student,1,1455.10,2024-02-13T21:00:00
TRANSACTIONS1000BASELINE000376,ACB00016,162.83,2024-01-26T16:00:00,Debit,Columbus,Online,28,Student,1,8994.66,2024-01-22T18:00:00
TRANSACTIONS1000BASELINE000377,ACB00017,5.00,2024-02-11T21:00:00,Debit,Austin,Online,47,Engineer,1,5908.00,2024-02-11T05:00:00
TRANSACTIONS1000BASELINE000378,ACB00018,222.12,2024-02-05T08:00:00,Credit,San Antonio,Branch,40,Engineer,2,4482.25,2024-02-01T21:00:00
TRANSACTIONS1000BASELINE000379,ACB00019,662.04,2024-01-31T20:00:00,Debit,San Diego,ATM,46,Retired,1,4168.65,2024-01-30T13:00:00
TRANSACTIONS1000BASELINE000380,ACB00020,493.75,2024-02-13T08:00:00,Debit,Milwaukee,ATM,59,Engineer,1,2716.65,2024-02-10T20:00:00
TRANSACTIONS1000BASELINE000381,ACB00021,517.84,2024-02-17T03:00:00,Credit,Memphis,ATM,60,Retired,1,4342.95,2024-02-14T23:00:00
TRANSACTIONS1000BASELINE000382,ACB00022,465.13,2024-02-15T11:00:00,Debit,El Paso,Branch,52,Retired,1,3368.45,2024-02-13T05:00:00
TRANSACTIONS1000BASELINE000383,ACB00023,951.00,2024-01-22T05:00:00,Debit,Chicago,ATM,53,Doctor,2,6293.31,2024-01-21T18:00:00
TRANSACTIONS1000BASELINE000384,ACB00024,639.71,2024-01-20T08:00:00,Debit,Oklahoma City,ATM,45,Doctor,1,4960.39,2024-01-19T01:00:00
TRANSACTIONS1000BASELINE000385,ACB00025,166.52,2024-02-21T22:00:00,Debit,Charlotte,ATM,44,Student,3,6384.66,2024-02-18T20:00:00
TRANSACTIONS1000BASELINE000386,ACB00026,461.15,2024-01-20T00:00:00,Debit,San Francisco,Online,41,Student,1,4608.48,2024-01-19T03:00:00
TRANSACTIONS1000BASELINE000387,ACB00027,167.42,2024-01-09T01:00:00,Credit,Mesa,Online,39,Student,1,6982.91,2024-01-08T16:00:00
TRANSACTIONS1000BASELINE000388,ACB00028,273.99,2024-01-25T09:00:00,Debit,Miami,Online,44,Engineer,1,1468.74,2024-01-23T01:00:00
TRANSACTIONS1000BASELINE000389,ACB00029,221.16,2024-01-07T05:00:00,Debit,Los Angeles,Online,46,Doctor,1,9443.33,2024-01-04T06:00:00
TRANSACTIONS1000BASELINE000390,ACB00030,670.00,2024-02-02T17:00:00,Debit,Denver,Branch,48,Engineer,1,4078.13,2024-02-01T10:00:00
TRANSACTIONS1000BASELINE000391,ACB00031,537.22,2024-02-03T01:00:00,Debit,Detroit,Online,45,Student,2,2793.05,2024-02-02T13:00:00
TRANSACTIONS1000BASELINE000392,ACB00032,398.71,2024-02-08T13:00:00,Debit,Indianapolis,ATM,32,Student,1,1593.22,2024-02-08T03:00:00
TRANSACTIONS1000BASELINE000393,ACB00033,5.00,2024-01-26T09:00:00,Debit,Kansas City,Branch,52,Engineer,1,3889.58,2024-01-25T08:00:00
TRANSACTIONS1000BASELINE000394,ACB00034,577.09,2024-02-13T00:00:00,Debit,Milwaukee,Online,51,Retired,2,4250.74,2024-02-12T02:00:00
TRANSACTIONS1000BASELINE000395,ACB00035,467.38,2024-01-08T19:00:00,Debit,Sacramento,ATM,38,Student,1,5424.95,2024-01-07T11:00:00
TRANSACTIONS1000BASELINE000396,ACB00036,195.90,2024-01-07T04:00:00,Debit,Los Angeles,ATM,28,Student,1,6022.38,2024-01-05T11:00:00
TRANSACTIONS1000BASELINE000397,ACB00037,59.76,2024-02-17T03:00:00,Debit,Omaha,Online,43,Engineer,1,3952.63,2024-02-15T03:00:00
TRANSACTIONS1000BASELINE000398,ACB00038,440.14,2024-01-31T04:00:00,Debit,Memphis,Online,53,Doctor,1,4602.39,2024-01-30T10:00:00
TRANSACTIONS1000BASELINE000399,ACB00039,113.44,2024-01-20T18:00:00,Debit,Miami,Branch,44,Engineer,1,3054.11,2024-01-16T18:00:00
TRANSACTIONS1000BASELINE000400,ACB00040,229.64,2024-01-17T05:00:00,Debit,Colorado Springs,ATM,45,Student,1,3325.50,2024-01-15T06:00:00
TRANSACTIONS1000BASELINE000401,ACB00041,198.56,2024-01-24T12:00:00,Debit,Miami,ATM,45,Student,2,4816.08,2024-01-23T18:00:00
TRANSACTIONS1000BASELINE000402,ACB00042,349.86,2024-02-15T02:00:00,Debit,Colorado Springs,Branch,48,Doctor,1,9693.88,2024-02-12T18:00:00
TRANSACTIONS1000BASELINE000403,ACB00043,549.93,2024-02-11T11:00:00,Debit,Fort Worth,Branch,53,Retired,3,8690.54,2024-02-07T13:00:00
TRANSACTIONS1000BASELINE000404,ACB00044,764.39,2024-02-12T09:00:00,Debit,Denver,Online,37,Student,1,3630.21,2024-02-10T11:00:00
TRANSACTIONS1000BASELINE000405,ACB00045,113.91,2024-01-24T00:00:00,Debit,Philadelphia,ATM,71,Retired,2,4259.68,2024-01-21T08:00:00
TRANSACTIONS1000BASELINE000406,ACB00046,5.00,2024-02-09T03:00:00,Debit,Seattle,ATM,43,Engineer,3,5176.03,2024-02-07T20:00:00
TRANSACTIONS1000BASELINE000407,ACB00047,628.39,2024-01-31T10:00:00,Debit,Jacksonville,Branch,40,Student,1,5008.07,2024-01-28T01:00:00
TRANSACTIONS1000BASELINE000408,ACB00048,90.69,2024-01-14T21:00:00,Credit,Milwaukee,Online,53,Doctor,1,8674.24,2024-01-12T08:00:00
TRANSACTIONS1000BASELINE000409,ACB00049,90.81,2024-01-23T08:00:00,Credit,Raleigh,Branch,56,Retired,1,7704.01,2024-01-19T23:00:00
TRANSACTIONS1000BASELINE000410,ACB00050,146.02,2024-02-20T02:00:00,Credit,Philadelphia,ATM,46,Retired,3,6852.66,2024-02-19T14:00:00
TRANSACTIONS1000BASELINE000411,ACB00051,121.52,2024-02-08T19:00:00,Debit,Houston,Online,52,Retired,1,6893.93,2024-02-05T23:00:00
TRANSACTIONS1000BASELINE000412,ACB00052,247.51,2024-01-26T10:00:00,Debit,Miami,ATM,46,Retired,1,1718.86,2024-01-25T01:00:00
TRANSACTIONS1000BASELINE000413,ACB00053,264.81,2024-02-23T13:00:00,Debit,Omaha,Branch,47,Doctor,1,9236.06,2024-02-20T04:00:00
TRANSACTIONS1000BASELINE000414,ACB00054,316.61,2024-01-11T01:00:00,Debit,Memphis,ATM,35,Student,1,3706.37,2024-01-10T03:00:00
TRANSACTIONS1000BASELINE000415,ACB00055,5.00,2024-02-01T05:00:00,Credit,Seattle,ATM,54,Engineer,1,4379.15,2024-01-30T19:00:00
TRANSACTIONS1000BASELINE000416,ACB00056,164.17,2024-01-18T20:00:00,Debit,Fresno,ATM,25,Student,1,880.02,2024-01-16T17:00:00
TRANSACTIONS1000BASELINE000417,ACB00057,571.73,2024-01-30T17:00:00,Debit,San Antonio,ATM,37,Student,2,4447.68,2024-01-27T15:00:00
TRANSACTIONS1000BASELINE000418,ACB00058,96.18,2024-02-05T02:00:00,Debit,San Diego,Online,48,Engineer,1,2392.23,2024-02-03T14:00:00
TRANSACTIONS1000BASELINE000419,ACB00059,310.71,2024-01-07T14:00:00,Credit,Chicago,Online,40,Doctor,1,6208.06,2024-01-06T09:00:00
TRANSACTIONS1000BASELINE000420,ACB00060,1823.04,2024-02-11T13:00:00,Debit,Las Vegas,Online,60,Doctor,1,8416.23,2024-02-10T07:00:00
TRANSACTIONS1000BASELINE000421,ACB00061,182.08,2024-02-06T09:00:00,Debit,Chicago,Online,38,Student,2,4264.44,2024-02-04T22:00:00
TRANSACTIONS1000BASELINE000422,ACB00062,5.00,2024-02-19T15:00:00,Debit,Miami,ATM,45,Student,1,6426.88,2024-02-17T18:00:00
TRANSACTIONS1000BASELINE000423,ACB00063,243.30,2024-02-03T06:00:00,Debit,Milwaukee,Online,28,Student,1,3751.37,2024-01-30T09:00:00
TRANSACTIONS1000BASELINE000424,ACB00064,5.00,2024-01-24T12:00:00,Credit,Louisville,ATM,32,Student,2,3619.65,2024-01-23T21:00:00
TRANSACTIONS1000BASELINE000425,ACB00065,81.38,2024-01-11T03:00:00,Debit,Milwaukee,Branch,49,Engineer,1,4821.80,2024-01-09T04:00:00
TRANSACTIONS1000BASELINE000426,ACB00066,509.64,2024-02-04T17:00:00,Debit,Tucson,Online,50,Engineer,1,7336.96,2024-02-03T13:00:00
TRANSACTIONS1000BASELINE000427,ACB00067,708.61,2024-02-14T21:00:00,Debit,Charlotte,Online,47,Doctor,1,3569.50,2024-02-12T15:00:00
TRANSACTIONS1000BASELINE000428,ACB00068,546.45,2024-01-27T16:00:00,Debit,Seattle,ATM,58,Retired,1,4795.46,2024-01-26T06:00:00
TRANSACTIONS1000BASELINE000429,ACB00069,223.04,2024-01-08T19:00:00,Debit,New York,Online,39,Doctor,1,7547.04,2024-01-08T13:00:00
TRANSACTIONS1000BASELINE000430,ACB00070,187.64,2024-01-21T18:00:00,Credit,Portland,Online,48,Student,3,2181.74,2024-01-19T11:00:00
TRANSACTIONS1000BASELINE000431,ACB00071,564.30,2024-02-12T14:00:00,Debit,Dallas,ATM,39,Student,1,1618.85,2024-02-11T01:00:00
TRANSACTIONS1000BASELINE000432,ACB00072,317.87,2024-01-29T01:00:00,Debit,Las Vegas,ATM,49,Doctor,1,5719.38,2024-01-25T18:00:00
TRANSACTIONS1000BASELINE000433,ACB00073,648.33,2024-02-09T17:00:00,Debit,Las Vegas,Online,42,Student,1,3029.40,2024-02-09T03:00:00
TRANSACTIONS1000BASELINE000434,ACB00074,220.91,2024-02-01T08:00:00,Debit,Las Vegas,ATM,59,Doctor,1,6517.58,2024-01-28T08:00:00
TRANSACTIONS1000BASELINE000435,ACB00075,160.45,2024-02-21T08:00:00,Debit,El Paso,Branch,47,Retired,2,7975.49,2024-02-20T12:00:00
TRANSACTIONS1000BASELINE000436,ACB00076,345.55,2024-02-18T05:00:00,Debit,Kansas City,Online,49,Engineer,1,6531.92,2024-02-17T20:00:00
TRANSACTIONS1000BASELINE000437,ACB00077,769.44,2024-01-14T01:00:00,Debit,Raleigh,Branch,51,Retired,1,4459.18,2024-01-11T08:00:00
TRANSACTIONS1000BASELINE000438,ACB00078,375.91,2024-01-11T19:00:00,Debit,Seattle,ATM,42,Student,1,1116.72,2024-01-09T03:00:00
TRANSACTIONS1000BASELINE000439,ACB00079,59.53,2024-02-04T03:00:00,Debit,Phoenix,Online,40,Doctor,3,6719.35,2024-02-01T07:00:00
TRANSACTIONS1000BASELINE000440,ACB00080,404.19,2024-01-31T11:00:00,Debit,Dallas,Online,43,Student,1,5945.79,2024-01-28T03:00:00
TRANSACTIONS1000BASELINE000441,ACB00081,233.20,2024-02-06T15:00:00,Debit,Charlotte,Branch,42,Student,1,3729.09,2024-02-02T18:00:00
TRANSACTIONS1000BASELINE000442,ACB00082,408.03,2024-02-15T07:00:00,Debit,Washington,ATM,43,Doctor,1,5195.08,2024-02-13T02:00:00
TRANSACTIONS1000BASELINE000443,ACB00083,87.18,2024-02-19T16:00:00,Debit,Denver,Online,32,Engineer,1,5460.12,2024-02-17T13:00:00
TRANSACTIONS1000BASELINE000444,ACB00084,193.84,2024-02-11T09:00:00,Debit,Columbus,Branch,43,Student,2,2185.87,2024-02-08T09:00:00
TRANSACTIONS1000BASELINE000445,ACB00085,332.83,2024-01-27T01:00:00,Debit,Tucson,Branch,48,Engineer,1,4275.06,2024-01-23T01:00:00
TRANSACTIONS1000BASELINE000446,ACB00086,265.97,2024-02-21T09:00:00,Debit,Memphis,Online,37,Engineer,2,7053.81,2024-02-17T21:00:00
TRANSACTIONS1000BASELINE000447,ACB00087,225.30,2024-02-16T09:00:00,Debit,Mesa,ATM,40,Student,1,6109.78,2024-02-15T21:00:00
TRANSACTIONS1000BASELINE000448,ACB00088,578.77,2024-01-10T09:00:00,Debit,Fort Worth,Branch,25,Student,2,2264.44,2024-01-06T16:00:00
TRANSACTIONS1000BASELINE000449,ACB00089,281.88,2024-01-26T06:00:00,Debit,Seattle,ATM,46,Retired,1,5581.61,2024-01-22T06:00:00
TRANSACTIONS1000BASELINE000450,ACB00090,323.26,2024-01-30T00:00:00,Credit,Milwaukee,Branch,35,Engineer,1,1503.36,2024-01-29T10:00:00
TRANSACTIONS1000BASELINE000451,ACB00091,492.12,2024-02-20T23:00:00,Debit,Philadelphia,ATM,44,Doctor,2,3757.16,2024-02-17T21:00:00
TRANSACTIONS1000BASELINE000452,ACB00092,912.75,2024-02-03T08:00:00,Debit,Tucson,Online,39,Doctor,2,7311.52,2024-01-31T05:00:00
TRANSACTIONS1000BASELINE000453,ACB00093,327.04,2024-02-19T09:00:00,Debit,Seattle,ATM,39,Engineer,1,7768.88,2024-02-18T17:00:00
TRANSACTIONS1000BASELINE000454,ACB00094,600.93,2024-01-18T04:00:00,Debit,Raleigh,ATM,49,Doctor,1,6719.82,2024-01-16T00:00:00
TRANSACTIONS1000BASELINE000455,ACB00095,326.53,2024-02-17T01:00:00,Credit,San Diego,Branch,55,Retired,3,6410.91,2024-02-14T03:00:00
TRANSACTIONS1000BASELINE000456,ACB00096,1367.14,2024-02-11T23:00:00,Debit,San Francisco,ATM,53,Doctor,1,6106.45,2024-02-10T09:00:00
TRANSACTIONS1000BASELINE000457,ACB00097,318.89,2024-01-31T15:00:00,Debit,Milwaukee,ATM,52,Retired,1,4835.11,2024-01-27T21:00:00
TRANSACTIONS1000BASELINE000458,ACB00098,76.31,2024-02-23T15:00:00,Debit,Mesa,Online,38,Student,1,3618.37,2024-02-20T10:00:00
TRANSACTIONS1000BASELINE000459,ACB00099,58.74,2024-02-18T08:00:00,Debit,Seattle,Online,58,Retired,1,3772.46,2024-02-15T15:00:00
TRANSACTIONS1000BASELINE000460,ACB00100,213.57,2024-02-20T09:00:00,Debit,Portland,ATM,49,Student,2,8023.79,2024-02-19T10:00:00
TRANSACTIONS1000BASELINE000461,ACB00101,310.43,2024-01-14T10:00:00,Debit,Atlanta,Branch,54,Retired,1,5212.08,2024-01-12T15:00:00
TRANSACTIONS1000BASELINE000462,ACB00102,133.62,2024-01-14T09:00:00,Credit,Charlotte,Branch,48,Engineer,1,5162.42,2024-01-13T01:00:00
TRANSACTIONS1000BASELINE000463,ACB00103,547.52,2024-02-07T16:00:00,Credit,Memphis,Online,34,Student,1,1326.14,2024-02-05T03:00:00
TRANSACTIONS1000BASELINE000464,ACB00104,688.30,2024-01-21T00:00:00,Debit,Baltimore,Branch,28,Student,1,1605.97,2024-01-18T19:00:00
TRANSACTIONS1000BASELINE000465,ACB00105,795.09,2024-01-14T20:00:00,Debit,Sacramento,Online,50,Doctor,1,9376.76,2024-01-11T20:00:00
TRANSACTIONS1000BASELINE000466,ACB00106,163.68,2024-02-08T09:00:00,Debit,Omaha,Branch,44,Engineer,1,5534.69,2024-02-04T19:00:00
TRANSACTIONS1000BASELINE000467,ACB00107,332.07,2024-02-08T04:00:00,Debit,San Antonio,ATM,46,Retired,1,4116.00,2024-02-07T13:00:00
TRANSACTIONS1000BASELINE000468,ACB00108,461.89,2024-01-20T17:00:00,Debit,Virginia Beach,Branch,35,Doctor,2,6854.09,2024-01-20T05:00:00
TRANSACTIONS1000BASELINE000469,ACB00109,79.93,2024-01-26T06:00:00,Debit,Tucson,ATM,39,Student,1,4345.27,2024-01-23T01:00:00
TRANSACTIONS1000BASELINE000470,ACB00110,143.84,2024-01-27T17:00:00,Debit,Omaha,Branch,37,Engineer,1,5466.01,2024-01-26T05:00:00
TRANSACTIONS1000BASELINE000471,ACB00111,5.00,2024-02-01T07:00:00,Debit,Atlanta,ATM,43,Doctor,1,4990.90,2024-01-30T04:00:00
TRANSACTIONS1000BASELINE000472,ACB00112,433.36,2024-01-12T17:00:00,Debit,Detroit,ATM,38,Student,3,2292.99,2024-01-09T02:00:00
TRANSACTIONS1000BASELINE000473,ACB00113,256.97,2024-01-16T09:00:00,Debit,Miami,Online,39,Student,1,6139.54,2024-01-13T22:00:00
TRANSACTIONS1000BASELINE000474,ACB00114,6.96,2024-01-22T09:00:00,Credit,San Jose,ATM,41,Engineer,1,2851.21,2024-01-20T19:00:00
TRANSACTIONS1000BASELINE000475,ACB00115,250.36,2024-01-22T21:00:00,Debit,Philadelphia,ATM,47,Engineer,1,3849.24,2024-01-19T06:00:00
TRANSACTIONS1000BASELINE000476,ACB00116,394.20,2024-02-15T01:00:00,Debit,Portland,ATM,43,Student,1,5895.46,2024-02-14T08:00:00
TRANSACTIONS1000BASELINE000477,ACB00117,745.27,2024-01-11T07:00:00,Debit,Philadelphia,ATM,41,Retired,1,2334.21,2024-01-08T16:00:00
TRANSACTIONS1000BASELINE000478,ACB00118,599.86,2024-01-17T06:00:00,Debit,San Francisco,Branch,51,Retired,1,5208.40,2024-01-15T17:00:00
TRANSACTIONS1000BASELINE000479,ACB00119,2015.07,2024-01-18T03:00:00,Credit,Memphis,Online,44,Engineer,1,4121.14,2024-01-16T18:00:00
TRANSACTIONS1000BASELINE000480,ACB00120,513.45,2024-02-12T18:00:00,Credit,Philadelphia,Branch,24,Student,3,5041.55,2024-02-12T00:00:00
TRANSACTIONS1000BASELINE000481,ACB00001,344.88,2024-01-22T17:00:00,Debit,Oklahoma City,Online,39,Student,1,5525.05,2024-01-22T10:00:00
TRANSACTIONS1000BASELINE000482,ACB00002,68.53,2024-02-07T16:00:00,Credit,Tucson,Branch,47,Retired,1,3842.73,2024-02-06T01:00:00
TRANSACTIONS1000BASELINE000483,ACB00003,152.75,2024-02-13T07:00:00,Debit,Indianapolis,ATM,47,Engineer,1,6160.86,2024-02-11T03:00:00
TRANSACTIONS1000BASELINE000484,ACB00004,345.82,2024-01-24T13:00:00,Debit,Omaha,ATM,55,Retired,2,4629.26,2024-01-20T20:00:00
TRANSACTIONS1000BASELINE000485,ACB00005,220.30,2024-02-07T08:00:00,Debit,New York,Online,47,Doctor,3,3427.55,2024-02-06T03:00:00
TRANSACTIONS1000BASELINE000486,ACB00006,198.24,2024-01-14T04:00:00,Debit,Milwaukee,Online,60,Retired,1,6558.75,2024-01-11T10:00:00
TRANSACTIONS1000BASELINE000487,ACB00007,621.62,2024-02-22T09:00:00,Debit,Seattle,Online,43,Student,1,3045.08,2024-02-19T11:00:00
TRANSACTIONS1000BASELINE000488,ACB00008,334.11,2024-02-04T02:00:00,Credit,Charlotte,Online,56,Engineer,1,8215.83,2024-01-31T15:00:00
TRANSACTIONS1000BASELINE000489,ACB00009,578.43,2024-02-09T12:00:00,Credit,Detroit,ATM,48,Engineer,2,5943.16,2024-02-09T06:00:00
TRANSACTIONS1000BASELINE000490,ACB00010,5.00,2024-01-12T16:00:00,Debit,Phoenix,Branch,52,Retired,1,4137.80,2024-01-10T23:00:00
TRANSACTIONS1000BASELINE000491,ACB00011,755.95,2024-01-15T07:00:00,Debit,Dallas,Online,43,Student,1,7003.07,2024-01-12T03:00:00
TRANSACTIONS1000BASELINE000492,ACB00012,87.01,2024-02-05T05:00:00,Credit,Charlotte,Branch,44,Student,1,4132.72,2024-02-04T05:00:00
TRANSACTIONS1000BASELINE000493,ACB00013,88.89,2024-02-06T23:00:00,Debit,Las Vegas,Online,54,Engineer,2,6597.72,2024-02-06T08:00:00
TRANSACTIONS1000BASELINE000494,ACB00014,219.30,2024-02-11T20:00:00,Credit,Charlotte,Branch,48,Engineer,1,4362.47,2024-02-09T14:00:00
TRANSACTIONS1000BASELINE000495,ACB00015,307.10,2024-02-16T07:00:00,Debit,Omaha,Branch,32,Student,3,893.76,2024-02-15T23:00:00
TRANSACTIONS1000BASELINE000496,ACB00016,172.97,2024-01-27T20:00:00,Debit,Columbus,ATM,28,Student,1,8404.79,2024-01-26T16:00:00
TRANSACTIONS1000BASELINE000497,ACB00017,194.20,2024-02-13T12:00:00,Debit,Jacksonville,ATM,47,Engineer,2,4454.44,2024-02-11T21:00:00
TRANSACTIONS1000BASELINE000498,ACB00018,463.11,2024-02-07T02:00:00,Debit,Albuquerque,Branch,40,Engineer,2,2861.40,2024-02-05T08:00:00
TRANSACTIONS1000BASELINE000499,ACB00019,508.03,2024-02-01T17:00:00,Debit,Philadelphia,ATM,46,Retired,1,2630.13,2024-01-31T20:00:00
TRANSACTIONS1000BASELINE000500,ACB00020,511.13,2024-02-17T05:00:00,Debit,Milwaukee,ATM,59,Engineer,1,3669.83,2024-02-13T08:00:00
TRANSACTIONS1000BASELINE000501,ACB00021,287.47,2024-02-19T02:00:00,Credit,Seattle,ATM,60,Retired,1,4644.01,2024-02-17T03:00:00
TRANSACTIONS1000BASELINE000502,ACB00022,223.51,2024-02-19T05:00:00,Debit,Dallas,Branch,52,Retired,1,2896.30,2024-02-15T11:00:00
TRANSACTIONS1000BASELINE000503,ACB00023,1244.38,2024-01-25T00:00:00,Debit,Chicago,ATM,53,Doctor,1,7948.50,2024-01-22T05:00:00
TRANSACTIONS1000BASELINE000504,ACB00024,244.60,2024-01-21T07:00:00,Debit,Fresno,ATM,45,Doctor,1,9709.07,2024-01-20T08:00:00
TRANSACTIONS1000BASELINE000505,ACB00025,5.00,2024-02-23T07:00:00,Debit,Charlotte,Online,44,Student,1,7085.60,2024-02-21T22:00:00
TRANSACTIONS1000BASELINE000506,ACB00026,240.09,2024-01-23T19:00:00,Credit,Sacramento,Branch,41,Student,1,2325.49,2024-01-20T00:00:00
TRANSACTIONS1000BASELINE000507,ACB00027,185.70,2024-01-09T19:00:00,Debit,Louisville,Branch,39,Student,1,4922.94,2024-01-09T01:00:00
TRANSACTIONS1000BASELINE000508,ACB00028,419.98,2024-01-26T08:00:00,Debit,Miami,Online,44,Engineer,1,6082.81,2024-01-25T09:00:00
TRANSACTIONS1000BASELINE000509,ACB00029,349.63,2024-01-10T03:00:00,Debit,Nashville,ATM,46,Doctor,1,7524.18,2024-01-07T05:00:00
TRANSACTIONS1000BASELINE000510,ACB00030,359.23,2024-02-06T07:00:00,Debit,Tucson,ATM,48,Engineer,1,3312.14,2024-02-02T17:00:00
TRANSACTIONS1000BASELINE000511,ACB00031,196.31,2024-02-05T01:00:00,Debit,San Jose,ATM,45,Student,1,2589.20,2024-02-03T01:00:00
TRANSACTIONS1000BASELINE000512,ACB00032,5.00,2024-02-11T23:00:00,Debit,Miami,Branch,32,Student,1,2838.49,2024-02-08T13:00:00
TRANSACTIONS1000BASELINE000513,ACB00033,25.80,2024-01-27T01:00:00,Credit,Phoenix,Branch,52,Engineer,1,4756.16,2024-01-26T09:00:00
TRANSACTIONS1000BASELINE000514,ACB00034,405.37,2024-02-16T06:00:00,Debit,Austin,Online,51,Retired,1,4111.86,2024-02-13T00:00:00
TRANSACTIONS1000BASELINE000515,ACB00035,102.05,2024-01-09T22:00:00,Credit,El Paso,Branch,38,Student,1,4773.72,2024-01-08T19:00:00
TRANSACTIONS1000BASELINE000516,ACB00036,653.13,2024-01-10T09:00:00,Debit,San Francisco,ATM,28,Student,1,8787.31,2024-01-07T04:00:00
TRANSACTIONS1000BASELINE000517,ACB00037,868.69,2024-02-18T04:00:00,Debit,Sacramento,ATM,43,Engineer,1,3418.18,2024-02-17T03:00:00
TRANSACTIONS1000BASELINE000518,ACB00038,886.42,2024-02-02T02:00:00,Debit,Memphis,Branch,53,Doctor,1,3178.55,2024-01-31T04:00:00
TRANSACTIONS1000BASELINE000519,ACB00039,30.05,2024-01-22T20:00:00,Debit,Miami,ATM,44,Engineer,1,4000.31,2024-01-20T18:00:00
TRANSACTIONS1000BASELINE000520,ACB00040,139.24,2024-01-18T09:00:00,Debit,Louisville,Online,45,Student,1,3696.05,2024-01-17T05:00:00
TRANSACTIONS1000BASELINE000521,ACB00041,283.74,2024-01-25T13:00:00,Debit,Louisville,ATM,45,Student,1,3804.86,2024-01-24T12:00:00
TRANSACTIONS1000BASELINE000522,ACB00042,120.89,2024-02-17T03:00:00,Credit,Phoenix,Branch,48,Doctor,2,9415.41,2024-02-15T02:00:00
TRANSACTIONS1000BASELINE000523,ACB00043,442.67,2024-02-15T02:00:00,Debit,Dallas,Branch,53,Retired,1,7161.66,2024-02-11T11:00:00
TRANSACTIONS1000BASELINE000524,ACB00044,451.15,2024-02-13T01:00:00,Debit,Denver,ATM,37,Student,1,1982.70,2024-02-12T09:00:00
TRANSACTIONS1000BASELINE000525,ACB00045,145.07,2024-01-26T06:00:00,Debit,Philadelphia,ATM,71,Retired,1,5381.04,2024-01-24T00:00:00
TRANSACTIONS1000BASELINE000526,ACB00046,200.86,2024-02-11T16:00:00,Debit,Omaha,Online,43,Engineer,1,5861.89,2024-02-09T03:00:00
TRANSACTIONS1000BASELINE000527,ACB00047,239.72,2024-02-02T12:00:00,Debit,Jacksonville,Branch,40,Student,2,3390.45,2024-01-31T10:00:00
TRANSACTIONS1000BASELINE000528,ACB00048,259.56,2024-01-17T04:00:00,Debit,Las Vegas,Online,53,Doctor,1,9145.35,2024-01-14T21:00:00
TRANSACTIONS1000BASELINE000529,ACB00049,318.82,2024-01-24T06:00:00,Credit,Raleigh,Branch,56,Retired,1,7071.94,2024-01-23T08:00:00
TRANSACTIONS1000BASELINE000530,ACB00050,120.33,2024-02-24T02:00:00,Debit,San Diego,Online,46,Retired,1,4569.06,2024-02-20T02:00:00
TRANSACTIONS1000BASELINE000531,ACB00051,118.54,2024-02-11T23:00:00,Debit,Houston,Branch,52,Retired,1,5073.79,2024-02-08T19:00:00
TRANSACTIONS1000BASELINE000532,ACB00052,5.00,2024-01-29T20:00:00,Debit,San Antonio,ATM,46,Retired,1,3770.83,2024-01-26T10:00:00
TRANSACTIONS1000BASELINE000533,ACB00053,157.41,2024-02-24T19:00:00,Credit,Sacramento,Branch,47,Doctor,2,8046.86,2024-02-23T13:00:00
TRANSACTIONS1000BASELINE000534,ACB00054,337.08,2024-01-11T16:00:00,Debit,Philadelphia,Branch,35,Student,1,3274.67,2024-01-11T01:00:00
TRANSACTIONS1000BASELINE000535,ACB00055,17.47,2024-02-02T19:00:00,Credit,Albuquerque,ATM,54,Engineer,1,3444.91,2024-02-01T05:00:00
TRANSACTIONS1000BASELINE000536,ACB00056,185.73,2024-01-19T13:00:00,Debit,Fresno,ATM,25,Student,1,941.62,2024-01-18T20:00:00
TRANSACTIONS1000BASELINE000537,ACB00057,552.02,2024-02-01T09:00:00,Debit,San Antonio,ATM,37,Student,1,3516.18,2024-01-30T17:00:00
TRANSACTIONS1000BASELINE000538,ACB00058,1489.25,2024-02-08T11:00:00,Debit,San Antonio,Branch,48,Engineer,1,3015.86,2024-02-05T02:00:00
TRANSACTIONS1000BASELINE000539,ACB00059,291.07,2024-01-09T03:00:00,Credit,Indianapolis,Online,40,Doctor,1,6946.98,2024-01-07T14:00:00
TRANSACTIONS1000BASELINE000540,ACB00060,5.00,2024-02-13T23:00:00,Debit,Austin,ATM,60,Doctor,1,10593.19,2024-02-11T13:00:00
TRANSACTIONS1000BASELINE000541,ACB00061,5.00,2024-02-06T16:00:00,Debit,Sacramento,Online,38,Student,1,4219.85,2024-02-06T09:00:00
TRANSACTIONS1000BASELINE000542,ACB00062,372.49,2024-02-23T03:00:00,Debit,Louisville,ATM,45,Student,1,3191.48,2024-02-19T15:00:00
TRANSACTIONS1000BASELINE000543,ACB00063,284.80,2024-02-05T16:00:00,Debit,Milwaukee,Online,28,Student,1,5521.55,2024-02-03T06:00:00
TRANSACTIONS1000BASELINE000544,ACB00064,5.00,2024-01-28T08:00:00,Debit,Louisville,Branch,32,Student,1,3596.12,2024-01-24T12:00:00
TRANSACTIONS1000BASELINE000545,ACB00065,162.57,2024-01-13T17:00:00,Debit,Seattle,ATM,49,Engineer,1,5704.37,2024-01-11T03:00:00
TRANSACTIONS1000BASELINE000546,ACB00066,557.54,2024-02-07T21:00:00,Debit,Portland,Online,50,Engineer,1,10911.52,2024-02-04T17:00:00
TRANSACTIONS1000BASELINE000547,ACB00067,779.06,2024-02-15T13:00:00,Debit,Austin,Branch,47,Doctor,1,3370.61,2024-02-14T21:00:00
TRANSACTIONS1000BASELINE000548,ACB00068,315.87,2024-01-28T22:00:00,Debit,Miami,ATM,58,Retired,1,5591.97,2024-01-27T16:00:00
TRANSACTIONS1000BASELINE000549,ACB00069,1065.50,2024-01-12T16:00:00,Debit,Tucson,Online,39,Doctor,2,7215.46,2024-01-08T19:00:00
TRANSACTIONS1000BASELINE000550,ACB00070,312.98,2024-01-22T20:00:00,Debit,Raleigh,Branch,48,Student,1,1946.67,2024-01-21T18:00:00
TRANSACTIONS1000BASELINE000551,ACB00071,599.24,2024-02-15T02:00:00,Debit,Detroit,Branch,39,Student,1,2760.23,2024-02-12T14:00:00
TRANSACTIONS1000BASELINE000552,ACB00072,447.35,2024-01-31T15:00:00,Debit,Fort Worth,ATM,49,Doctor,2,5908.07,2024-01-29T01:00:00
TRANSACTIONS1000BASELINE000553,ACB00073,363.24,2024-02-13T15:00:00,Credit,Philadelphia,Online,42,Student,1,4460.24,2024-02-09T17:00:00
TRANSACTIONS1000BASELINE000554,ACB00074,201.53,2024-02-03T13:00:00,Debit,Las Vegas,ATM,59,Doctor,1,6003.53,2024-02-01T08:00:00
TRANSACTIONS1000BASELINE000555,ACB00075,83.73,2024-02-25T03:00:00,Debit,Columbus,Branch,47,Retired,1,5370.50,2024-02-21T08:00:00
TRANSACTIONS1000BASELINE000556,ACB00076,17.88,2024-02-18T13:00:00,Debit,Washington,ATM,49,Engineer,1,7858.94,2024-02-18T05:00:00
TRANSACTIONS1000BASELINE000557,ACB00077,486.55,2024-01-15T10:00:00,Debit,Philadelphia,Online,51,Retired,2,3450.09,2024-01-14T01:00:00
TRANSACTIONS1000BASELINE000558,ACB00078,482.06,2024-01-15T19:00:00,Debit,Jacksonville,Online,42,Student,2,4799.15,2024-01-11T19:00:00
TRANSACTIONS1000BASELINE000559,ACB00079,73.42,2024-02-05T16:00:00,Debit,Los Angeles,ATM,40,Doctor,2,4892.28,2024-02-04T03:00:00
TRANSACTIONS1000BASELINE000560,ACB00080,5.00,2024-02-02T09:00:00,Credit,Fort Worth,Online,43,Student,1,5242.87,2024-01-31T11:00:00
TRANSACTIONS1000BASELINE000561,ACB00081,206.23,2024-02-06T22:00:00,Credit,Columbus,Branch,42,Student,1,3174.48,2024-02-06T15:00:00
TRANSACTIONS1000BASELINE000562,ACB00082,215.16,2024-02-18T16:00:00,Debit,Atlanta,ATM,43,Doctor,1,6378.85,2024-02-15T07:00:00
TRANSACTIONS1000BASELINE000563,ACB00083,151.19,2024-02-20T10:00:00,Debit,El Paso,Online,32,Engineer,1,6344.59,2024-02-19T16:00:00
TRANSACTIONS1000BASELINE000564,ACB00084,40.08,2024-02-14T06:00:00,Credit,Philadelphia,Branch,43,Student,1,2806.04,2024-02-11T09:00:00
TRANSACTIONS1000BASELINE000565,ACB00085,363.54,2024-01-30T02:00:00,Debit,El Paso,Branch,48,Engineer,1,5668.40,2024-01-27T01:00:00
TRANSACTIONS1000BASELINE000566,ACB00086,275.39,2024-02-24T12:00:00,Debit,Memphis,Online,37,Engineer,1,6829.62,2024-02-21T09:00:00
TRANSACTIONS1000BASELINE000567,ACB00087,639.15,2024-02-19T04:00:00,Debit,Philadelphia,ATM,40,Student,1,3974.83,2024-02-16T09:00:00
TRANSACTIONS1000BASELINE000568,ACB00088,327.54,2024-01-13T15:00:00,Debit,Fort Worth,Branch,25,Student,1,1825.71,2024-01-10T09:00:00
TRANSACTIONS1000BASELINE000569,ACB00089,327.64,2024-01-26T14:00:00,Debit,Los Angeles,ATM,46,Retired,2,4453.05,2024-01-26T06:00:00
TRANSACTIONS1000BASELINE000570,ACB00090,328.18,2024-01-31T18:00:00,Debit,Fresno,Branch,35,Engineer,1,1647.34,2024-01-30T00:00:00
TRANSACTIONS1000BASELINE000571,ACB00091,1097.58,2024-02-23T01:00:00,Debit,Jacksonville,Branch,44,Doctor,1,3924.50,2024-02-20T23:00:00
TRANSACTIONS1000BASELINE000572,ACB00092,84.36,2024-02-06T15:00:00,Debit,New York,Online,39,Doctor,1,7204.36,2024-02-03T08:00:00
TRANSACTIONS1000BASELINE000573,ACB00093,106.34,2024-02-21T09:00:00,Debit,Seattle,Branch,39,Engineer,1,4962.23,2024-02-19T09:00:00
TRANSACTIONS1000BASELINE000574,ACB00094,551.39,2024-01-21T23:00:00,Debit,Raleigh,ATM,49,Doctor,2,20799.31,2024-01-18T04:00:00
TRANSACTIONS1000BASELINE000575,ACB00095,521.77,2024-02-19T14:00:00,Credit,San Diego,Branch,55,Retired,2,12056.67,2024-02-17T01:00:00
TRANSACTIONS1000BASELINE000576,ACB00096,104.36,2024-02-15T06:00:00,Debit,Chicago,ATM,53,Doctor,1,6242.56,2024-02-11T23:00:00
TRANSACTIONS1000BASELINE000577,ACB00097,258.40,2024-02-03T20:00:00,Debit,Los Angeles,ATM,52,Retired,1,5158.72,2024-01-31T15:00:00
TRANSACTIONS1000BASELINE000578,ACB00098,1322.22,2024-02-25T01:00:00,Credit,Detroit,Online,38,Student,1,7035.55,2024-02-23T15:00:00
TRANSACTIONS1000BASELINE000579,ACB00099,150.12,2024-02-22T00:00:00,Debit,Dallas,ATM,58,Retired,2,4542.41,2024-02-18T08:00:00
TRANSACTIONS1000BASELINE000580,ACB00100,151.52,2024-02-22T06:00:00,Debit,Philadelphia,ATM,49,Student,2,7152.25,2024-02-20T09:00:00
TRANSACTIONS1000BASELINE000581,ACB00101,22.16,2024-01-16T17:00:00,Debit,Fort Worth,Online,54,Retired,1,6149.59,2024-01-14T10:00:00
TRANSACTIONS1000BASELINE000582,ACB00102,254.10,2024-01-16T12:00:00,Debit,Omaha,Online,48,Engineer,2,2601.99,2024-01-14T09:00:00
TRANSACTIONS1000BASELINE000583,ACB00103,35.51,2024-02-10T01:00:00,Debit,Louisville,Branch,34,Student,1,2163.62,2024-02-07T16:00:00
TRANSACTIONS1000BASELINE000584,ACB00104,829.00,2024-01-21T13:00:00,Credit,Houston,Branch,28,Student,2,2439.74,2024-01-21T00:00:00
TRANSACTIONS1000BASELINE000585,ACB00105,654.16,2024-01-15T10:00:00,Debit,Memphis,Branch,50,Doctor,1,5683.67,2024-01-14T20:00:00
TRANSACTIONS1000BASELINE000586,ACB00106,205.36,2024-02-12T08:00:00,Debit,Mesa,Online,44,Engineer,1,6611.99,2024-02-08T09:00:00
TRANSACTIONS1000BASELINE000587,ACB00107,5.00,2024-02-09T07:00:00,Debit,San Antonio,ATM,46,Retired,1,4047.99,2024-02-08T04:00:00
TRANSACTIONS1000BASELINE000588,ACB00108,549.30,2024-01-21T10:00:00,Debit,Milwaukee,Branch,35,Doctor,1,6391.47,2024-01-20T17:00:00
TRANSACTIONS1000BASELINE000589,ACB00109,140.07,2024-01-29T15:00:00,Debit,Jacksonville,Branch,39,Student,1,5114.83,2024-01-26T06:00:00
TRANSACTIONS1000BASELINE000590,ACB00110,370.19,2024-01-28T07:00:00,Debit,Colorado Springs,ATM,37,Engineer,1,6128.52,2024-01-27T17:00:00
TRANSACTIONS1000BASELINE000591,ACB00111,812.10,2024-02-04T00:00:00,Credit,Washington,Branch,43,Doctor,1,3746.82,2024-02-01T07:00:00
TRANSACTIONS1000BASELINE000592,ACB00112,797.60,2024-01-16T09:00:00,Debit,Chicago,Online,38,Student,1,2967.98,2024-01-12T17:00:00
TRANSACTIONS1000BASELINE000593,ACB00113,247.55,2024-01-18T12:00:00,Debit,Milwaukee,Online,39,Student,1,7267.28,2024-01-16T09:00:00
TRANSACTIONS1000BASELINE000594,ACB00114,717.93,2024-01-25T20:00:00,Debit,San Jose,Online,41,Engineer,3,3035.63,2024-01-22T09:00:00
TRANSACTIONS1000BASELINE000595,ACB00115,340.97,2024-01-24T23:00:00,Debit,Albuquerque,ATM,47,Engineer,1,4158.63,2024-01-22T21:00:00
TRANSACTIONS1000BASELINE000596,ACB00116,337.68,2024-02-16T21:00:00,Debit,Kansas City,ATM,43,Student,3,2005.11,2024-02-15T01:00:00
TRANSACTIONS1000BASELINE000597,ACB00117,808.41,2024-01-14T04:00:00,Debit,Philadelphia,Branch,41,Retired,1,3160.02,2024-01-11T07:00:00
TRANSACTIONS1000BASELINE000598,ACB00118,5.00,2024-01-17T23:00:00,Debit,Raleigh,ATM,51,Retired,1,3544.03,2024-01-17T06:00:00
TRANSACTIONS1000BASELINE000599,ACB00119,695.25,2024-01-20T16:00:00,Credit,Omaha,Online,44,Engineer,1,3890.35,2024-01-18T03:00:00
TRANSACTIONS1000BASELINE000600,ACB00120,261.59,2024-02-13T01:00:00,Debit,Indianapolis,Branch,24,Student,2,6966.89,2024-02-12T18:00:00
TRANSACTIONS1000BASELINE000601,ACB00001,194.77,2024-01-24T16:00:00,Debit,Las Vegas,Online,39,Student,1,3699.87,2024-01-22T17:00:00
TRANSACTIONS1000BASELINE000602,ACB00002,24.42,2024-02-08T00:00:00,Credit,San Antonio,Branch,47,Retired,2,3168.36,2024-02-07T16:00:00
TRANSACTIONS1000BASELINE000603,ACB00003,488.01,2024-02-16T10:00:00,Credit,Atlanta,ATM,47,Engineer,1,4497.32,2024-02-13T07:00:00
TRANSACTIONS1000BASELINE000604,ACB00004,359.54,2024-01-27T23:00:00,Debit,Raleigh,Branch,55,Retired,3,3570.16,2024-01-24T13:00:00
TRANSACTIONS1000BASELINE000605,ACB00005,386.30,2024-02-11T02:00:00,Credit,Jacksonville,Branch,47,Doctor,2,4393.34,2024-02-07T08:00:00
TRANSACTIONS1000BASELINE000606,ACB00006,380.94,2024-01-16T11:00:00,Credit,San Diego,ATM,60,Retired,1,7145.69,2024-01-14T04:00:00
TRANSACTIONS1000BASELINE000607,ACB00007,37.87,2024-02-24T08:00:00,Debit,Portland,Online,43,Student,2,1828.88,2024-02-22T09:00:00
TRANSACTIONS1000BASELINE000608,ACB00008,165.70,2024-02-07T11:00:00,Credit,Charlotte,Online,56,Engineer,1,5863.04,2024-02-04T02:00:00
TRANSACTIONS1000BASELINE000609,ACB00009,80.69,2024-02-11T23:00:00,Credit,El Paso,Online,48,Engineer,1,5125.40,2024-02-09T12:00:00
TRANSACTIONS1000BASELINE000610,ACB00010,864.34,2024-01-15T20:00:00,Debit,Denver,ATM,52,Retired,1,6400.25,2024-01-12T16:00:00
TRANSACTIONS1000BASELINE000611,ACB00011,380.79,2024-01-15T16:00:00,Debit,Virginia Beach,Branch,43,Student,2,4797.90,2024-01-15T07:00:00
TRANSACTIONS1000BASELINE000612,ACB00012,5.00,2024-02-07T09:00:00,Debit,Baltimore,Branch,44,Student,1,4106.87,2024-02-05T05:00:00
TRANSACTIONS1000BASELINE000613,ACB00013,432.59,2024-02-08T17:00:00,Debit,Miami,Online,54,Engineer,1,4861.63,2024-02-06T23:00:00
TRANSACTIONS1000BASELINE000614,ACB00014,468.61,2024-02-12T09:00:00,Credit,Omaha,Online,48,Engineer,1,3684.95,2024-02-11T20:00:00
TRANSACTIONS1000BASELINE000615,ACB00015,168.32,2024-02-17T22:00:00,Debit,Omaha,Branch,32,Student,1,1183.22,2024-02-16T07:00:00
TRANSACTIONS1000BASELINE000616,ACB00016,352.38,2024-01-30T01:00:00,Debit,Columbus,Online,28,Student,1,7607.64,2024-01-27T20:00:00
TRANSACTIONS1000BASELINE000617,ACB00017,135.76,2024-02-15T19:00:00,Debit,San Diego,ATM,47,Engineer,1,7513.08,2024-02-13T12:00:00
TRANSACTIONS1000BASELINE000618,ACB00018,375.74,2024-02-10T13:00:00,Credit,Albuquerque,Online,40,Engineer,1,4724.07,2024-02-07T02:00:00
TRANSACTIONS1000BASELINE000619,ACB00019,460.55,2024-02-05T04:00:00,Credit,Baltimore,ATM,46,Retired,1,3234.10,2024-02-01T17:00:00
TRANSACTIONS1000BASELINE000620,ACB00020,489.58,2024-02-20T05:00:00,Debit,Milwaukee,ATM,59,Engineer,2,2877.79,2024-02-17T05:00:00
TRANSACTIONS1000BASELINE000621,ACB00021,5.00,2024-02-19T15:00:00,Credit,Milwaukee,ATM,60,Retired,1,5562.37,2024-02-19T02:00:00
TRANSACTIONS1000BASELINE000622,ACB00022,189.76,2024-02-23T00:00:00,Debit,Los Angeles,Branch,52,Retired,1,5615.87,2024-02-19T05:00:00
TRANSACTIONS1000BASELINE000623,ACB00023,96.97,2024-01-26T00:00:00,Debit,San Francisco,ATM,53,Doctor,1,6990.36,2024-01-25T00:00:00
TRANSACTIONS1000BASELINE000624,ACB00024,373.84,2024-01-25T01:00:00,Debit,Austin,ATM,45,Doctor,1,4079.63,2024-01-21T07:00:00
TRANSACTIONS1000BASELINE000625,ACB00025,5.00,2024-02-26T20:00:00,Debit,Los Angeles,ATM,44,Student,1,6744.18,2024-02-23T07:00:00
TRANSACTIONS1000BASELINE000626,ACB00026,258.99,2024-01-26T14:00:00,Credit,Dallas,Branch,41,Student,1,4191.79,2024-01-23T19:00:00
TRANSACTIONS1000BASELINE000627,ACB00027,121.00,2024-01-12T16:00:00,Debit,Mesa,Online,39,Student,1,4464.53,2024-01-09T19:00:00
TRANSACTIONS1000BASELINE000628,ACB00028,206.86,2024-01-28T03:00:00,Debit,Austin,Online,44,Engineer,1,6649.36,2024-01-26T08:00:00
TRANSACTIONS1000BASELINE000629,ACB00029,431.50,2024-01-11T21:00:00,Credit,Los Angeles,Online,46,Doctor,1,6818.38,2024-01-10T03:00:00
TRANSACTIONS1000BASELINE000630,ACB00030,560.24,2024-02-10T00:00:00,Debit,Fort Worth,Online,48,Engineer,1,4123.49,2024-02-06T07:00:00
TRANSACTIONS1000BASELINE000631,ACB00031,374.63,2024-02-05T12:00:00,Debit,Colorado Springs,ATM,45,Student,1,2797.26,2024-02-05T01:00:00
TRANSACTIONS1000BASELINE000632,ACB00032,110.70,2024-02-14T11:00:00,Debit,Indianapolis,Branch,32,Student,1,2458.46,2024-02-11T23:00:00
TRANSACTIONS1000BASELINE000633,ACB00033,70.53,2024-01-27T11:00:00,Credit,Indianapolis,Branch,52,Engineer,2,3910.42,2024-01-27T01:00:00
TRANSACTIONS1000BASELINE000634,ACB00034,693.72,2024-02-20T05:00:00,Debit,Baltimore,Online,51,Retired,1,5103.71,2024-02-16T06:00:00
TRANSACTIONS1000BASELINE000635,ACB00035,153.84,2024-01-11T19:00:00,Debit,Kansas City,ATM,38,Student,1,3434.86,2024-01-09T22:00:00
TRANSACTIONS1000BASELINE000636,ACB00036,178.62,2024-01-13T15:00:00,Credit,Los Angeles,ATM,28,Student,1,4884.19,2024-01-10T09:00:00
TRANSACTIONS1000BASELINE000637,ACB00037,5.00,2024-02-20T23:00:00,Debit,Boston,Online,43,Engineer,1,3792.00,2024-02-18T04:00:00
TRANSACTIONS1000BASELINE000638,ACB00038,12.73,2024-02-03T07:00:00,Debit,Memphis,Online,53,Doctor,2,5720.12,2024-02-02T02:00:00
TRANSACTIONS1000BASELINE000639,ACB00039,249.52,2024-01-25T07:00:00,Debit,Miami,ATM,44,Engineer,2,2974.56,2024-01-22T20:00:00
TRANSACTIONS1000BASELINE000640,ACB00040,566.15,2024-01-19T06:00:00,Debit,Phoenix,Online,45,Student,1,2718.40,2024-01-18T09:00:00
TRANSACTIONS1000BASELINE000641,ACB00041,612.29,2024-01-28T23:00:00,Debit,Miami,Online,45,Student,1,5199.68,2024-01-25T13:00:00
TRANSACTIONS1000BASELINE000642,ACB00042,537.38,2024-02-19T23:00:00,Debit,Colorado Springs,Branch,48,Doctor,2,8444.93,2024-02-17T03:00:00
TRANSACTIONS1000BASELINE000643,ACB00043,250.96,2024-02-16T09:00:00,Debit,Dallas,Branch,53,Retired,1,4432.12,2024-02-15T02:00:00
TRANSACTIONS1000BASELINE000644,ACB00044,286.89,2024-02-13T12:00:00,Debit,Denver,ATM,37,Student,1,3171.73,2024-02-13T01:00:00
TRANSACTIONS1000BASELINE000645,ACB00045,170.59,2024-01-27T21:00:00,Debit,Philadelphia,ATM,71,Retired,1,8149.13,2024-01-26T06:00:00
TRANSACTIONS1000BASELINE000646,ACB00046,240.64,2024-02-15T15:00:00,Debit,Phoenix,Branch,43,Engineer,1,5781.60,2024-02-11T16:00:00
TRANSACTIONS1000BASELINE000647,ACB00047,272.91,2024-02-03T19:00:00,Debit,Atlanta,Branch,40,Student,1,3966.89,2024-02-02T12:00:00
TRANSACTIONS1000BASELINE000648,ACB00048,195.44,2024-01-18T16:00:00,Credit,Las Vegas,Online,53,Doctor,1,7834.18,2024-01-17T04:00:00
TRANSACTIONS1000BASELINE000649,ACB00049,153.69,2024-01-28T06:00:00,Credit,Kansas City,Branch,56,Retired,2,5948.92,2024-01-24T06:00:00
TRANSACTIONS1000BASELINE000650,ACB00050,326.54,2024-02-25T09:00:00,Debit,Philadelphia,ATM,46,Retired,1,6807.93,2024-02-24T02:00:00
TRANSACTIONS1000BASELINE000651,ACB00051,5.00,2024-02-12T11:00:00,Debit,Houston,Online,52,Retired,1,4293.27,2024-02-11T23:00:00
TRANSACTIONS1000BASELINE000652,ACB00052,552.43,2024-01-31T20:00:00,Debit,San Antonio,ATM,46,Retired,1,3602.73,2024-01-29T20:00:00
TRANSACTIONS1000BASELINE000653,ACB00053,165.89,2024-02-25T15:00:00,Credit,Denver,ATM,47,Doctor,1,7204.42,2024-02-24T19:00:00
TRANSACTIONS1000BASELINE000654,ACB00054,83.10,2024-01-15T05:00:00,Debit,Memphis,ATM,35,Student,1,3537.00,2024-01-11T16:00:00
TRANSACTIONS1000BASELINE000655,ACB00055,579.44,2024-02-04T09:00:00,Credit,Memphis,ATM,54,Engineer,1,5509.52,2024-02-02T19:00:00
TRANSACTIONS1000BASELINE000656,ACB00056,193.31,2024-01-20T17:00:00,Debit,Fresno,ATM,25,Student,1,881.72,2024-01-19T13:00:00
TRANSACTIONS1000BASELINE000657,ACB00057,380.85,2024-02-03T15:00:00,Debit,Las Vegas,Online,37,Student,1,2126.65,2024-02-01T09:00:00
TRANSACTIONS1000BASELINE000658,ACB00058,2495.24,2024-02-11T06:00:00,Credit,Denver,Branch,48,Engineer,1,4031.73,2024-02-08T11:00:00
TRANSACTIONS1000BASELINE000659,ACB00059,296.07,2024-01-12T21:00:00,Debit,Chicago,ATM,40,Doctor,2,6997.44,2024-01-09T03:00:00
TRANSACTIONS1000BASELINE000660,ACB00060,695.77,2024-02-15T14:00:00,Debit,Columbus,Online,60,Doctor,2,8433.08,2024-02-13T23:00:00
TRANSACTIONS1000BASELINE000661,ACB00061,377.41,2024-02-07T00:00:00,Credit,Washington,Online,38,Student,1,5993.68,2024-02-06T16:00:00
TRANSACTIONS1000BASELINE000662,ACB00062,87.61,2024-02-23T18:00:00,Debit,Miami,Online,45,Student,3,5203.16,2024-02-23T03:00:00
TRANSACTIONS1000BASELINE000663,ACB00063,230.48,2024-02-08T18:00:00,Debit,Milwaukee,ATM,28,Student,1,5478.10,2024-02-05T16:00:00
TRANSACTIONS1000BASELINE000664,ACB00064,640.88,2024-01-31T17:00:00,Credit,Boston,ATM,32,Student,1,5093.89,2024-01-28T08:00:00
TRANSACTIONS1000BASELINE000665,ACB00065,266.52,2024-01-16T00:00:00,Debit,Seattle,Branch,49,Engineer,1,5519.76,2024-01-13T17:00:00
TRANSACTIONS1000BASELINE000666,ACB00066,601.12,2024-02-10T17:00:00,Debit,Portland,Online,50,Engineer,2,5887.06,2024-02-07T21:00:00
TRANSACTIONS1000BASELINE000667,ACB00067,337.01,2024-02-17T16:00:00,Credit,Austin,Branch,47,Doctor,1,3022.74,2024-02-15T13:00:00
TRANSACTIONS1000BASELINE000668,ACB00068,5.00,2024-01-29T22:00:00,Debit,Oklahoma City,Online,58,Retired,1,4479.93,2024-01-28T22:00:00
TRANSACTIONS1000BASELINE000669,ACB00069,23.77,2024-01-13T22:00:00,Debit,Tucson,Online,39,Doctor,1,7408.11,2024-01-12T16:00:00
TRANSACTIONS1000BASELINE000670,ACB00070,5.00,2024-01-23T15:00:00,Debit,Raleigh,Branch,48,Student,1,2249.35,2024-01-22T20:00:00
TRANSACTIONS1000BASELINE000671,ACB00071,203.04,2024-02-15T10:00:00,Debit,Los Angeles,Online,39,Student,1,4169.82,2024-02-15T02:00:00
TRANSACTIONS1000BASELINE000672,ACB00072,333.94,2024-02-04T02:00:00,Debit,Boston,Online,49,Doctor,1,6505.36,2024-01-31T15:00:00
TRANSACTIONS1000BASELINE000673,ACB00073,220.26,2024-02-15T15:00:00,Credit,Omaha,Branch,42,Student,3,4041.22,2024-02-13T15:00:00
TRANSACTIONS1000BASELINE000674,ACB00074,183.77,2024-02-06T19:00:00,Debit,Las Vegas,ATM,59,Doctor,1,4453.65,2024-02-03T13:00:00
TRANSACTIONS1000BASELINE000675,ACB00075,15.70,2024-02-26T14:00:00,Debit,New York,ATM,47,Retired,1,9336.71,2024-02-25T03:00:00
TRANSACTIONS1000BASELINE000676,ACB00076,175.69,2024-02-18T20:00:00,Debit,Kansas City,Branch,49,Engineer,1,7530.74,2024-02-18T13:00:00
TRANSACTIONS1000BASELINE000677,ACB00077,815.32,2024-01-15T17:00:00,Debit,Philadelphia,Branch,51,Retired,1,6198.99,2024-01-15T10:00:00
TRANSACTIONS1000BASELINE000678,ACB00078,352.76,2024-01-19T01:00:00,Debit,Louisville,Online,42,Student,1,3984.16,2024-01-15T19:00:00
TRANSACTIONS1000BASELINE000679,ACB00079,47.66,2024-02-09T10:00:00,Debit,Portland,ATM,40,Doctor,2,6670.56,2024-02-05T16:00:00
TRANSACTIONS1000BASELINE000680,ACB00080,5.00,2024-02-04T10:00:00,Debit,Austin,Online,43,Student,1,5218.26,2024-02-02T09:00:00
TRANSACTIONS1000BASELINE000681,ACB00081,318.75,2024-02-10T22:00:00,Credit,Raleigh,ATM,42,Student,1,3047.48,2024-02-06T22:00:00
TRANSACTIONS1000BASELINE000682,ACB00082,114.30,2024-02-22T16:00:00,Debit,Raleigh,ATM,43,Doctor,3,4335.74,2024-02-18T16:00:00
TRANSACTIONS1000BASELINE000683,ACB00083,82.16,2024-02-23T02:00:00,Credit,El Paso,Online,32,Engineer,2,7099.92,2024-02-20T10:00:00
TRANSACTIONS1000BASELINE000684,ACB00084,5.00,2024-02-18T06:00:00,Credit,San Jose,Branch,43,Student,1,2374.01,2024-02-14T06:00:00
TRANSACTIONS1000BASELINE000685,ACB00085,254.53,2024-02-01T23:00:00,Credit,Columbus,Online,48,Engineer,1,6043.97,2024-01-30T02:00:00
TRANSACTIONS1000BASELINE000686,ACB00086,279.66,2024-02-28T12:00:00,Debit,Memphis,Online,37,Engineer,1,7951.01,2024-02-24T12:00:00
TRANSACTIONS1000BASELINE000687,ACB00087,516.10,2024-02-22T19:00:00,Debit,Indianapolis,Branch,40,Student,1,4043.39,2024-02-19T04:00:00
TRANSACTIONS1000BASELINE000688,ACB00088,508.11,2024-01-15T15:00:00,Debit,Columbus,Branch,25,Student,2,2283.00,2024-01-13T15:00:00
TRANSACTIONS1000BASELINE000689,ACB00089,203.17,2024-01-30T08:00:00,Debit,El Paso,Online,46,Retired,1,6852.66,2024-01-26T14:00:00
TRANSACTIONS1000BASELINE000690,ACB00090,230.36,2024-02-04T05:00:00,Debit,Milwaukee,Branch,35,Engineer,1,1485.31,2024-01-31T18:00:00
TRANSACTIONS1000BASELINE000691,ACB00091,452.67,2024-02-25T04:00:00,Debit,Louisville,Branch,44,Doctor,1,788.95,2024-02-23T01:00:00
TRANSACTIONS1000BASELINE000692,ACB00092,136.18,2024-02-09T16:00:00,Debit,Tucson,Online,39,Doctor,1,5743.93,2024-02-06T15:00:00
TRANSACTIONS1000BASELINE000693,ACB00093,665.92,2024-02-25T00:00:00,Debit,Raleigh,ATM,39,Engineer,2,5560.01,2024-02-21T09:00:00
TRANSACTIONS1000BASELINE000694,ACB00094,537.03,2024-01-25T13:00:00,Debit,Raleigh,ATM,49,Doctor,1,15596.34,2024-01-21T23:00:00
TRANSACTIONS1000BASELINE000695,ACB00095,527.15,2024-02-23T11:00:00,Debit,Chicago,Branch,55,Retired,2,8768.70,2024-02-19T14:00:00
TRANSACTIONS1000BASELINE000696,ACB00096,5.00,2024-02-18T20:00:00,Debit,San Francisco,ATM,53,Doctor,1,6535.54,2024-02-15T06:00:00
TRANSACTIONS1000BASELINE000697,ACB00097,678.80,2024-02-07T14:00:00,Debit,Los Angeles,Branch,52,Retired,1,9073.14,2024-02-03T20:00:00
TRANSACTIONS1000BASELINE000698,ACB00098,997.49,2024-02-28T19:00:00,Debit,Oklahoma City,Branch,38,Student,1,5699.52,2024-02-25T01:00:00
TRANSACTIONS1000BASELINE000699,ACB00099,129.12,2024-02-22T09:00:00,Debit,Dallas,ATM,58,Retired,1,5019.88,2024-02-22T00:00:00
TRANSACTIONS1000BASELINE000700,ACB00100,174.04,2024-02-24T13:00:00,Debit,Portland,ATM,49,Student,3,9295.69,2024-02-22T06:00:00
TRANSACTIONS1000BASELINE000701,ACB00101,5.00,2024-01-16T23:00:00,Credit,El Paso,ATM,54,Retired,1,5728.86,2024-01-16T17:00:00
TRANSACTIONS1000BASELINE000702,ACB00102,439.55,2024-01-18T02:00:00,Credit,Charlotte,ATM,48,Engineer,1,7683.76,2024-01-16T12:00:00
TRANSACTIONS1000BASELINE000703,ACB00103,511.34,2024-02-10T11:00:00,Credit,Fresno,Online,34,Student,1,3330.31,2024-02-10T01:00:00
TRANSACTIONS1000BASELINE000704,ACB00104,1090.85,2024-01-22T04:00:00,Debit,Philadelphia,ATM,28,Student,1,1633.68,2024-01-21T13:00:00
TRANSACTIONS1000BASELINE000705,ACB00105,115.44,2024-01-17T09:00:00,Debit,Memphis,Branch,50,Doctor,1,8608.20,2024-01-15T10:00:00
TRANSACTIONS1000BASELINE000706,ACB00106,572.40,2024-02-15T09:00:00,Debit,Mesa,Online,44,Engineer,1,7407.77,2024-02-12T08:00:00
TRANSACTIONS1000BASELINE000707,ACB00107,164.16,2024-02-10T12:00:00,Debit,Boston,ATM,46,Retired,2,5298.61,2024-02-09T07:00:00
TRANSACTIONS1000BASELINE000708,ACB00108,478.62,2024-01-23T20:00:00,Debit,Omaha,Branch,35,Doctor,1,4145.84,2024-01-21T10:00:00
TRANSACTIONS1000BASELINE000709,ACB00109,175.47,2024-02-02T01:00:00,Credit,Tucson,Online,39,Student,1,6471.03,2024-01-29T15:00:00
TRANSACTIONS1000BASELINE000710,ACB00110,475.29,2024-01-31T07:00:00,Debit,San Jose,Online,37,Engineer,1,5259.65,2024-01-28T07:00:00
TRANSACTIONS1000BASELINE000711,ACB00111,592.18,2024-02-04T17:00:00,Debit,Atlanta,Branch,43,Doctor,2,5405.87,2024-02-04T00:00:00
TRANSACTIONS1000BASELINE000712,ACB00112,666.12,2024-01-19T07:00:00,Debit,Memphis,ATM,38,Student,1,3701.05,2024-01-16T09:00:00
TRANSACTIONS1000BASELINE000713,ACB00113,149.33,2024-01-19T12:00:00,Debit,Miami,Online,39,Student,1,7370.77,2024-01-18T12:00:00
TRANSACTIONS1000BASELINE000714,ACB00114,719.85,2024-01-29T05:00:00,Debit,San Jose,Online,41,Engineer,1,2920.52,2024-01-25T20:00:00
TRANSACTIONS1000BASELINE000715,ACB00115,274.66,2024-01-26T12:00:00,Debit,Milwaukee,ATM,47,Engineer,1,3398.79,2024-01-24T23:00:00
TRANSACTIONS1000BASELINE000716,ACB00116,344.15,2024-02-19T22:00:00,Credit,Albuquerque,Branch,43,Student,1,2265.42,2024-02-16T21:00:00
TRANSACTIONS1000BASELINE000717,ACB00117,455.97,2024-01-14T12:00:00,Debit,Philadelphia,Online,41,Retired,1,3111.00,2024-01-14T04:00:00
TRANSACTIONS1000BASELINE000718,ACB00118,106.47,2024-01-19T19:00:00,Debit,Philadelphia,ATM,51,Retired,1,6028.48,2024-01-17T23:00:00
TRANSACTIONS1000BASELINE000719,ACB00119,1451.22,2024-01-23T13:00:00,Debit,Memphis,Online,44,Engineer,1,2271.98,2024-01-20T16:00:00
TRANSACTIONS1000BASELINE000720,ACB00120,5.00,2024-02-16T23:00:00,Credit,Philadelphia,Branch,24,Student,1,3634.66,2024-02-13T01:00:00
TRANSACTIONS1000BASELINE000721,ACB00001,322.18,2024-01-25T07:00:00,Credit,Jacksonville,ATM,39,Student,1,6735.27,2024-01-24T16:00:00
TRANSACTIONS1000BASELINE000722,ACB00002,250.43,2024-02-09T00:00:00,Debit,San Antonio,ATM,47,Retired,1,3570.45,2024-02-08T00:00:00
TRANSACTIONS1000BASELINE000723,ACB00003,38.01,2024-02-17T08:00:00,Debit,Indianapolis,ATM,47,Engineer,2,4937.18,2024-02-16T10:00:00
TRANSACTIONS1000BASELINE000724,ACB00004,37.22,2024-01-30T12:00:00,Debit,Raleigh,ATM,55,Retired,3,5071.70,2024-01-27T23:00:00
TRANSACTIONS1000BASELINE000725,ACB00005,174.28,2024-02-11T09:00:00,Debit,Jacksonville,Branch,47,Doctor,1,2835.32,2024-02-11T02:00:00
TRANSACTIONS1000BASELINE000726,ACB00006,174.07,2024-01-19T04:00:00,Debit,Omaha,Online,60,Retired,1,4944.95,2024-01-16T11:00:00
TRANSACTIONS1000BASELINE000727,ACB00007,985.78,2024-02-24T21:00:00,Credit,Sacramento,ATM,43,Student,1,2590.38,2024-02-24T08:00:00
TRANSACTIONS1000BASELINE000728,ACB00008,193.49,2024-02-10T15:00:00,Debit,Charlotte,Online,56,Engineer,1,5024.93,2024-02-07T11:00:00
TRANSACTIONS1000BASELINE000729,ACB00009,528.57,2024-02-12T15:00:00,Debit,Austin,ATM,48,Engineer,1,4639.58,2024-02-11T23:00:00
TRANSACTIONS1000BASELINE000730,ACB00010,5.00,2024-01-17T04:00:00,Debit,New York,Branch,52,Retired,1,5879.11,2024-01-15T20:00:00
TRANSACTIONS1000BASELINE000731,ACB00011,770.89,2024-01-16T00:00:00,Credit,Virginia Beach,Online,43,Student,1,6060.99,2024-01-15T16:00:00
TRANSACTIONS1000BASELINE000732,ACB00012,28.61,2024-02-10T23:00:00,Credit,Philadelphia,Branch,44,Student,1,4025.66,2024-02-07T09:00:00
TRANSACTIONS1000BASELINE000733,ACB00013,104.95,2024-02-12T16:00:00,Credit,Indianapolis,Online,54,Engineer,1,7876.04,2024-02-08T17:00:00
TRANSACTIONS1000BASELINE000734,ACB00014,201.80,2024-02-15T22:00:00,Debit,Charlotte,Online,48,Engineer,2,7222.53,2024-02-12T09:00:00
TRANSACTIONS1000BASELINE000735,ACB00015,247.09,2024-02-20T23:00:00,Debit,Omaha,Branch,32,Student,1,1376.81,2024-02-17T22:00:00
TRANSACTIONS1000BASELINE000736,ACB00016,279.80,2024-02-02T19:00:00,Debit,Fort Worth,ATM,28,Student,1,9905.14,2024-01-30T01:00:00
TRANSACTIONS1000BASELINE000737,ACB00017,524.49,2024-02-17T17:00:00,Debit,Jacksonville,ATM,47,Engineer,2,4274.41,2024-02-15T19:00:00
TRANSACTIONS1000BASELINE000738,ACB00018,849.29,2024-02-11T02:00:00,Credit,Oklahoma City,Branch,40,Engineer,3,4670.49,2024-02-10T13:00:00
TRANSACTIONS1000BASELINE000739,ACB00019,5.00,2024-02-06T05:00:00,Debit,Philadelphia,Online,46,Retired,1,5081.36,2024-02-05T04:00:00
TRANSACTIONS1000BASELINE000740,ACB00020,519.82,2024-02-20T18:00:00,Debit,Milwaukee,ATM,59,Engineer,1,3224.45,2024-02-20T05:00:00
TRANSACTIONS1000BASELINE000741,ACB00021,634.44,2024-02-21T09:00:00,Debit,Memphis,Online,60,Retired,1,5184.92,2024-02-19T15:00:00
TRANSACTIONS1000BASELINE000742,ACB00022,280.84,2024-02-25T09:00:00,Debit,Dallas,Online,52,Retired,1,4901.36,2024-02-23T00:00:00
TRANSACTIONS1000BASELINE000743,ACB00023,659.78,2024-01-27T20:00:00,Debit,San Francisco,ATM,53,Doctor,1,3291.87,2024-01-26T00:00:00
TRANSACTIONS1000BASELINE000744,ACB00024,138.99,2024-01-29T01:00:00,Debit,Memphis,ATM,45,Doctor,2,7859.42,2024-01-25T01:00:00
TRANSACTIONS1000BASELINE000745,ACB00025,551.81,2024-02-29T19:00:00,Debit,Nashville,Branch,44,Student,1,6585.14,2024-02-26T20:00:00
TRANSACTIONS1000BASELINE000746,ACB00026,153.03,2024-01-28T01:00:00,Credit,Sacramento,Online,41,Student,1,3865.80,2024-01-26T14:00:00
TRANSACTIONS1000BASELINE000747,ACB00027,171.56,2024-01-15T10:00:00,Debit,Washington,Branch,39,Student,1,3703.66,2024-01-12T16:00:00
TRANSACTIONS1000BASELINE000748,ACB00028,369.63,2024-01-28T10:00:00,Debit,Miami,Online,44,Engineer,1,6420.61,2024-01-28T03:00:00
TRANSACTIONS1000BASELINE000749,ACB00029,324.15,2024-01-15T06:00:00,Debit,Colorado Springs,ATM,46,Doctor,1,6061.88,2024-01-11T21:00:00
TRANSACTIONS1000BASELINE000750,ACB00030,208.03,2024-02-10T18:00:00,Credit,San Diego,Online,48,Engineer,1,3289.26,2024-02-10T00:00:00
TRANSACTIONS1000BASELINE000751,ACB00031,153.60,2024-02-09T02:00:00,Debit,Albuquerque,ATM,45,Student,1,2152.41,2024-02-05T12:00:00
TRANSACTIONS1000BASELINE000752,ACB00032,340.20,2024-02-15T02:00:00,Debit,Indianapolis,Branch,32,Student,1,3381.78,2024-02-14T11:00:00
TRANSACTIONS1000BASELINE000753,ACB00033,200.37,2024-01-30T14:00:00,Debit,Phoenix,ATM,52,Engineer,1,2129.86,2024-01-27T11:00:00
TRANSACTIONS1000BASELINE000754,ACB00034,5.00,2024-02-20T22:00:00,Debit,Baltimore,Online,51,Retired,1,4565.86,2024-02-20T05:00:00
TRANSACTIONS1000BASELINE000755,ACB00035,194.06,2024-01-13T11:00:00,Debit,Sacramento,Branch,38,Student,1,2795.73,2024-01-11T19:00:00
TRANSACTIONS1000BASELINE000756,ACB00036,307.89,2024-01-16T21:00:00,Debit,Los Angeles,ATM,28,Student,1,7397.74,2024-01-13T15:00:00
TRANSACTIONS1000BASELINE000757,ACB00037,26.55,2024-02-22T11:00:00,Debit,Milwaukee,ATM,43,Engineer,1,5913.09,2024-02-20T23:00:00
TRANSACTIONS1000BASELINE000758,ACB00038,5.00,2024-02-06T21:00:00,Debit,Memphis,Branch,53,Doctor,1,4277.10,2024-02-03T07:00:00
TRANSACTIONS1000BASELINE000759,ACB00039,396.77,2024-01-26T17:00:00,Debit,Dallas,ATM,44,Engineer,1,2985.93,2024-01-25T07:00:00
TRANSACTIONS1000BASELINE000760,ACB00040,351.07,2024-01-21T19:00:00,Debit,San Jose,Online,45,Student,1,3819.89,2024-01-19T06:00:00
TRANSACTIONS1000BASELINE000761,ACB00041,262.44,2024-01-31T00:00:00,Debit,Los Angeles,Online,45,Student,3,6100.04,2024-01-28T23:00:00
TRANSACTIONS1000BASELINE000762,ACB00042,416.77,2024-02-21T11:00:00,Debit,Colorado Springs,Online,48,Doctor,1,7500.92,2024-02-19T23:00:00
TRANSACTIONS1000BASELINE000763,ACB00043,534.80,2024-02-18T14:00:00,Debit,Houston,Branch,53,Retired,1,4666.83,2024-02-16T09:00:00
TRANSACTIONS1000BASELINE000764,ACB00044,511.82,2024-02-16T10:00:00,Debit,Charlotte,ATM,37,Student,2,2451.27,2024-02-13T12:00:00
TRANSACTIONS1000BASELINE000765,ACB00045,142.91,2024-01-30T14:00:00,Debit,Philadelphia,ATM,71,Retired,1,6121.93,2024-01-27T21:00:00
TRANSACTIONS1000BASELINE000766,ACB00046,333.31,2024-02-16T23:00:00,Debit,Raleigh,Branch,43,Engineer,1,8318.83,2024-02-15T15:00:00
TRANSACTIONS1000BASELINE000767,ACB00047,254.60,2024-02-06T01:00:00,Credit,Jacksonville,Branch,40,Student,1,5637.17,2024-02-03T19:00:00
TRANSACTIONS1000BASELINE000768,ACB00048,204.74,2024-01-19T22:00:00,Debit,Milwaukee,Online,53,Doctor,1,7270.88,2024-01-18T16:00:00
TRANSACTIONS1000BASELINE000769,ACB00049,5.00,2024-01-29T02:00:00,Credit,Raleigh,Branch,56,Retired,2,7272.08,2024-01-28T06:00:00
TRANSACTIONS1000BASELINE000770,ACB00050,71.72,2024-02-27T09:00:00,Debit,Louisville,ATM,46,Retired,1,3834.14,2024-02-25T09:00:00
TRANSACTIONS1000BASELINE000771,ACB00051,86.12,2024-02-14T13:00:00,Debit,Mesa,Online,52,Retired,1,5434.74,2024-02-12T11:00:00
TRANSACTIONS1000BASELINE000772,ACB00052,293.25,2024-02-03T09:00:00,Debit,Boston,ATM,46,Retired,1,4400.41,2024-01-31T20:00:00
TRANSACTIONS1000BASELINE000773,ACB00053,185.14,2024-02-29T14:00:00,Credit,Omaha,Branch,47,Doctor,1,4273.45,2024-02-25T15:00:00
TRANSACTIONS1000BASELINE000774,ACB00054,287.92,2024-01-19T03:00:00,Debit,Milwaukee,ATM,35,Student,1,3791.89,2024-01-15T05:00:00
TRANSACTIONS1000BASELINE000775,ACB00055,203.65,2024-02-06T03:00:00,Credit,Louisville,Online,54,Engineer,2,5520.93,2024-02-04T09:00:00
TRANSACTIONS1000BASELINE000776,ACB00056,153.02,2024-01-22T01:00:00,Debit,Fresno,ATM,25,Student,1,867.48,2024-01-20T17:00:00
TRANSACTIONS1000BASELINE000777,ACB00057,429.04,2024-02-04T09:00:00,Debit,Indianapolis,Online,37,Student,1,3787.62,2024-02-03T15:00:00
TRANSACTIONS1000BASELINE000778,ACB00058,337.07,2024-02-14T10:00:00,Debit,San Antonio,Online,48,Engineer,1,4260.60,2024-02-11T06:00:00
TRANSACTIONS1000BASELINE000779,ACB00059,106.72,2024-01-14T15:00:00,Debit,Boston,Online,40,Doctor,2,6277.74,2024-01-12T21:00:00
TRANSACTIONS1000BASELINE000780,ACB00060,738.39,2024-02-19T13:00:00,Debit,Dallas,Branch,60,Doctor,1,3217.66,2024-02-15T14:00:00
TRANSACTIONS1000BASELINE000781,ACB00061,133.21,2024-02-09T10:00:00,Credit,Chicago,Online,38,Student,1,3145.96,2024-02-07T00:00:00
TRANSACTIONS1000BASELINE000782,ACB00062,236.55,2024-02-27T12:00:00,Debit,Miami,ATM,45,Student,1,4427.66,2024-02-23T18:00:00
TRANSACTIONS1000BASELINE000783,ACB00063,261.79,2024-02-09T22:00:00,Debit,Sacramento,Online,28,Student,1,4362.52,2024-02-08T18:00:00
TRANSACTIONS1000BASELINE000784,ACB00064,388.33,2024-02-01T16:00:00,Credit,Louisville,ATM,32,Student,1,3392.72,2024-01-31T17:00:00
TRANSACTIONS1000BASELINE000785,ACB00065,114.03,2024-01-17T04:00:00,Debit,Jacksonville,ATM,49,Engineer,1,5553.32,2024-01-16T00:00:00
TRANSACTIONS1000BASELINE000786,ACB00066,540.80,2024-02-12T19:00:00,Debit,Portland,ATM,50,Engineer,1,4282.63,2024-02-10T17:00:00
TRANSACTIONS1000BASELINE000787,ACB00067,114.73,2024-02-21T05:00:00,Credit,Jacksonville,Branch,47,Doctor,1,5182.44,2024-02-17T16:00:00
TRANSACTIONS1000BASELINE000788,ACB00068,56.64,2024-02-02T09:00:00,Debit,Seattle,Branch,58,Retired,1,4610.96,2024-01-29T22:00:00
TRANSACTIONS1000BASELINE000789,ACB00069,1386.09,2024-01-17T00:00:00,Debit,Tucson,Online,39,Doctor,1,5860.17,2024-01-13T22:00:00
TRANSACTIONS1000BASELINE000790,ACB00070,286.16,2024-01-25T09:00:00,Debit,Raleigh,Online,48,Student,1,3423.95,2024-01-23T15:00:00
TRANSACTIONS1000BASELINE000791,ACB00071,416.29,2024-02-18T17:00:00,Debit,Washington,Branch,39,Student,1,2544.24,2024-02-15T10:00:00
TRANSACTIONS1000BASELINE000792,ACB00072,397.52,2024-02-06T20:00:00,Debit,Fort Worth,Branch,49,Doctor,1,5838.18,2024-02-04T02:00:00
TRANSACTIONS1000BASELINE000793,ACB00073,5.00,2024-02-17T23:00:00,Debit,Omaha,ATM,42,Student,2,3187.62,2024-02-15T15:00:00
TRANSACTIONS1000BASELINE000794,ACB00074,201.77,2024-02-10T05:00:00,Debit,Las Vegas,ATM,59,Doctor,2,10741.82,2024-02-06T19:00:00
TRANSACTIONS1000BASELINE000795,ACB00075,150.36,2024-02-28T21:00:00,Debit,Virginia Beach,ATM,47,Retired,1,7641.76,2024-02-26T14:00:00
TRANSACTIONS1000BASELINE000796,ACB00076,122.43,2024-02-20T13:00:00,Debit,Milwaukee,Online,49,Engineer,1,8601.02,2024-02-18T20:00:00
TRANSACTIONS1000BASELINE000797,ACB00077,181.78,2024-01-18T18:00:00,Debit,Raleigh,Branch,51,Retired,1,4725.19,2024-01-15T17:00:00
TRANSACTIONS1000BASELINE000798,ACB00078,651.86,2024-01-22T21:00:00,Debit,Seattle,ATM,42,Student,2,3544.59,2024-01-19T01:00:00
TRANSACTIONS1000BASELINE000799,ACB00079,10.48,2024-02-11T00:00:00,Debit,Portland,ATM,40,Doctor,1,4854.99,2024-02-09T10:00:00
TRANSACTIONS1000BASELINE000800,ACB00080,5.00,2024-02-05T08:00:00,Credit,San Jose,Online,43,Student,1,5380.29,2024-02-04T10:00:00
TRANSACTIONS1000BASELINE000801,ACB00081,612.67,2024-02-14T13:00:00,Debit,Omaha,ATM,42,Student,2,2775.56,2024-02-10T22:00:00
TRANSACTIONS1000BASELINE000802,ACB00082,274.78,2024-02-26T03:00:00,Debit,Washington,Online,43,Doctor,1,5852.90,2024-02-22T16:00:00
TRANSACTIONS1000BASELINE000803,ACB00083,108.20,2024-02-25T05:00:00,Credit,Seattle,Online,32,Engineer,1,9485.83,2024-02-23T02:00:00
TRANSACTIONS1000BASELINE000804,ACB00084,111.13,2024-02-20T19:00:00,Debit,Louisville,Branch,43,Student,1,2326.05,2024-02-18T06:00:00
TRANSACTIONS1000BASELINE000805,ACB00085,505.85,2024-02-04T00:00:00,Debit,Fort Worth,ATM,48,Engineer,1,5211.90,2024-02-01T23:00:00
TRANSACTIONS1000BASELINE000806,ACB00086,271.05,2024-03-01T07:00:00,Debit,Memphis,Online,37,Engineer,1,2997.86,2024-02-28T12:00:00
TRANSACTIONS1000BASELINE000807,ACB00087,403.82,2024-02-23T13:00:00,Debit,Philadelphia,Branch,40,Student,1,3064.15,2024-02-22T19:00:00
TRANSACTIONS1000BASELINE000808,ACB00088,371.39,2024-01-17T05:00:00,Debit,Columbus,Branch,25,Student,1,2568.84,2024-01-15T15:00:00
TRANSACTIONS1000BASELINE000809,ACB00089,29.28,2024-02-01T14:00:00,Credit,Raleigh,Online,46,Retired,1,3262.71,2024-01-30T08:00:00
TRANSACTIONS1000BASELINE000810,ACB00090,495.49,2024-02-07T06:00:00,Credit,Indianapolis,Branch,35,Engineer,1,1445.68,2024-02-04T05:00:00
TRANSACTIONS1000BASELINE000811,ACB00091,1133.04,2024-02-27T17:00:00,Debit,Miami,Branch,44,Doctor,2,2679.12,2024-02-25T04:00:00
TRANSACTIONS1000BASELINE000812,ACB00092,958.21,2024-02-11T01:00:00,Debit,New York,Online,39,Doctor,1,2059.60,2024-02-09T16:00:00
TRANSACTIONS1000BASELINE000813,ACB00093,505.66,2024-02-26T23:00:00,Debit,Detroit,Branch,39,Engineer,1,6627.44,2024-02-25T00:00:00
TRANSACTIONS1000BASELINE000814,ACB00094,538.93,2024-01-27T11:00:00,Debit,Raleigh,ATM,49,Doctor,1,17017.64,2024-01-25T13:00:00
TRANSACTIONS1000BASELINE000815,ACB00095,472.75,2024-02-24T21:00:00,Debit,Chicago,Branch,55,Retired,2,11259.83,2024-02-23T11:00:00
TRANSACTIONS1000BASELINE000816,ACB00096,366.69,2024-02-19T09:00:00,Debit,Chicago,ATM,53,Doctor,1,6099.07,2024-02-18T20:00:00
TRANSACTIONS1000BASELINE000817,ACB00097,484.98,2024-02-08T07:00:00,Debit,Fresno,Branch,52,Retired,1,2877.28,2024-02-07T14:00:00
TRANSACTIONS1000BASELINE000818,ACB00098,331.81,2024-03-02T06:00:00,Debit,Washington,Online,38,Student,1,4384.02,2024-02-28T19:00:00
TRANSACTIONS1000BASELINE000819,ACB00099,146.61,2024-02-23T22:00:00,Credit,Seattle,Online,58,Retired,2,2348.56,2024-02-22T09:00:00
TRANSACTIONS1000BASELINE000820,ACB00100,115.46,2024-02-26T22:00:00,Debit,San Francisco,Branch,49,Student,1,11839.80,2024-02-24T13:00:00
TRANSACTIONS1000BASELINE000821,ACB00101,1012.77,2024-01-18T15:00:00,Debit,Fort Worth,Online,54,Retired,1,7793.66,2024-01-16T23:00:00
TRANSACTIONS1000BASELINE000822,ACB00102,175.17,2024-01-21T22:00:00,Debit,Chicago,Online,48,Engineer,1,4278.57,2024-01-18T02:00:00
TRANSACTIONS1000BASELINE000823,ACB00103,331.16,2024-02-13T15:00:00,Debit,Memphis,Branch,34,Student,1,2515.61,2024-02-10T11:00:00
TRANSACTIONS1000BASELINE000824,ACB00104,912.90,2024-01-22T15:00:00,Credit,Philadelphia,ATM,28,Student,2,1940.98,2024-01-22T04:00:00
TRANSACTIONS1000BASELINE000825,ACB00105,1006.13,2024-01-20T19:00:00,Debit,Sacramento,Branch,50,Doctor,1,6329.77,2024-01-17T09:00:00
TRANSACTIONS1000BASELINE000826,ACB00106,137.17,2024-02-16T18:00:00,Debit,Mesa,Online,44,Engineer,1,3710.87,2024-02-15T09:00:00
TRANSACTIONS1000BASELINE000827,ACB00107,5.00,2024-02-12T12:00:00,Debit,San Antonio,Branch,46,Retired,1,3170.17,2024-02-10T12:00:00
TRANSACTIONS1000BASELINE000828,ACB00108,389.46,2024-01-26T19:00:00,Debit,Virginia Beach,Branch,35,Doctor,1,8832.65,2024-01-23T20:00:00
TRANSACTIONS1000BASELINE000829,ACB00109,363.02,2024-02-04T11:00:00,Credit,El Paso,ATM,39,Student,2,6554.06,2024-02-02T01:00:00
TRANSACTIONS1000BASELINE000830,ACB00110,684.10,2024-02-03T12:00:00,Debit,San Antonio,ATM,37,Engineer,1,7933.92,2024-01-31T07:00:00
TRANSACTIONS1000BASELINE000831,ACB00111,5.00,2024-02-05T04:00:00,Credit,Chicago,ATM,43,Doctor,1,6098.81,2024-02-04T17:00:00
TRANSACTIONS1000BASELINE000832,ACB00112,368.44,2024-01-22T10:00:00,Debit,Tucson,Online,38,Student,2,2647.29,2024-01-19T07:00:00
TRANSACTIONS1000BASELINE000833,ACB00113,230.47,2024-01-21T20:00:00,Debit,Boston,Online,39,Student,3,6882.27,2024-01-19T12:00:00
TRANSACTIONS1000BASELINE000834,ACB00114,616.45,2024-01-31T13:00:00,Debit,Tucson,Online,41,Engineer,2,2077.66,2024-01-29T05:00:00
TRANSACTIONS1000BASELINE000835,ACB00115,104.24,2024-01-27T07:00:00,Debit,Philadelphia,Branch,47,Engineer,1,2906.46,2024-01-26T12:00:00
TRANSACTIONS1000BASELINE000836,ACB00116,546.86,2024-02-20T21:00:00,Credit,Columbus,Branch,43,Student,1,3509.80,2024-02-19T22:00:00
TRANSACTIONS1000BASELINE000837,ACB00117,1192.23,2024-01-16T08:00:00,Debit,Tucson,ATM,41,Retired,1,1719.85,2024-01-14T12:00:00
TRANSACTIONS1000BASELINE000838,ACB00118,5.00,2024-01-21T19:00:00,Debit,San Francisco,ATM,51,Retired,1,4474.88,2024-01-19T19:00:00
TRANSACTIONS1000BASELINE000839,ACB00119,5.00,2024-01-24T18:00:00,Credit,Memphis,Online,44,Engineer,1,3358.28,2024-01-23T13:00:00
TRANSACTIONS1000BASELINE000840,ACB00120,462.21,2024-02-19T08:00:00,Debit,Indianapolis,Online,24,Student,1,4637.21,2024-02-16T23:00:00
TRANSACTIONS1000BASELINE000841,ACB00001,386.03,2024-01-25T19:00:00,Debit,Las Vegas,Branch,39,Student,1,4736.80,2024-01-25T07:00:00
TRANSACTIONS1000BASELINE000842,ACB00002,509.03,2024-02-11T01:00:00,Credit,Austin,Branch,47,Retired,1,3214.04,2024-02-09T00:00:00
TRANSACTIONS1000BASELINE000843,ACB00003,101.35,2024-02-19T09:00:00,Debit,San Francisco,Branch,47,Engineer,1,6204.41,2024-02-17T08:00:00
TRANSACTIONS1000BASELINE000844,ACB00004,193.38,2024-02-03T12:00:00,Debit,Fresno,ATM,55,Retired,1,4515.64,2024-01-30T12:00:00
TRANSACTIONS1000BASELINE000845,ACB00005,161.54,2024-02-14T02:00:00,Debit,Austin,Online,47,Doctor,1,5036.36,2024-02-11T09:00:00
TRANSACTIONS1000BASELINE000846,ACB00006,387.82,2024-01-21T20:00:00,Debit,Philadelphia,ATM,60,Retired,1,7430.91,2024-01-19T04:00:00
TRANSACTIONS1000BASELINE000847,ACB00007,1509.71,2024-02-25T06:00:00,Debit,Seattle,Online,43,Student,1,2813.78,2024-02-24T21:00:00
TRANSACTIONS1000BASELINE000848,ACB00008,250.30,2024-02-11T15:00:00,Credit,Charlotte,Online,56,Engineer,1,8826.26,2024-02-10T15:00:00
TRANSACTIONS1000BASELINE000849,ACB00009,149.41,2024-02-15T21:00:00,Debit,Tucson,ATM,48,Engineer,2,4717.57,2024-02-12T15:00:00
TRANSACTIONS1000BASELINE000850,ACB00010,873.65,2024-01-18T11:00:00,Debit,Fresno,ATM,52,Retired,1,5523.33,2024-01-17T04:00:00
TRANSACTIONS1000BASELINE000851,ACB00011,90.35,2024-01-16T22:00:00,Credit,Dallas,ATM,43,Student,1,4860.16,2024-01-16T00:00:00
TRANSACTIONS1000BASELINE000852,ACB00012,151.68,2024-02-11T11:00:00,Debit,Houston,ATM,44,Student,1,4546.69,2024-02-10T23:00:00
TRANSACTIONS1000BASELINE000853,ACB00013,471.65,2024-02-14T03:00:00,Debit,Seattle,Online,54,Engineer,1,7990.59,2024-02-12T16:00:00
TRANSACTIONS1000BASELINE000854,ACB00014,288.13,2024-02-17T22:00:00,Credit,Chicago,Branch,48,Engineer,2,6493.76,2024-02-15T22:00:00
TRANSACTIONS1000BASELINE000855,ACB00015,247.53,2024-02-24T21:00:00,Debit,Omaha,Branch,32,Student,1,1837.23,2024-02-20T23:00:00
TRANSACTIONS1000BASELINE000856,ACB00016,655.27,2024-02-05T11:00:00,Debit,Columbus,ATM,28,Student,1,5766.51,2024-02-02T19:00:00
TRANSACTIONS1000BASELINE000857,ACB00017,718.85,2024-02-18T01:00:00,Debit,Washington,ATM,47,Engineer,1,6872.50,2024-02-17T17:00:00
TRANSACTIONS1000BASELINE000858,ACB00018,5.00,2024-02-13T23:00:00,Debit,Indianapolis,ATM,40,Engineer,2,3837.55,2024-02-11T02:00:00
TRANSACTIONS1000BASELINE000859,ACB00019,163.04,2024-02-10T03:00:00,Credit,Indianapolis,Online,46,Retired,1,4373.23,2024-02-06T05:00:00
TRANSACTIONS1000BASELINE000860,ACB00020,499.45,2024-02-23T15:00:00,Debit,Milwaukee,ATM,59,Engineer,1,1111.02,2024-02-20T18:00:00
TRANSACTIONS1000BASELINE000861,ACB00021,594.78,2024-02-22T13:00:00,Credit,Memphis,ATM,60,Retired,1,4254.44,2024-02-21T09:00:00
TRANSACTIONS1000BASELINE000862,ACB00022,104.81,2024-02-29T05:00:00,Debit,Dallas,Branch,52,Retired,1,4233.55,2024-02-25T09:00:00
TRANSACTIONS1000BASELINE000863,ACB00023,5.00,2024-01-29T09:00:00,Debit,San Francisco,ATM,53,Doctor,1,8953.41,2024-01-27T20:00:00
TRANSACTIONS1000BASELINE000864,ACB00024,93.64,2024-01-29T17:00:00,Debit,Philadelphia,ATM,45,Doctor,1,7142.60,2024-01-29T01:00:00
TRANSACTIONS1000BASELINE000865,ACB00025,1724.45,2024-03-04T18:00:00,Debit,Portland,ATM,44,Student,1,5701.40,2024-02-29T19:00:00
TRANSACTIONS1000BASELINE000866,ACB00026,269.49,2024-01-29T23:00:00,Credit,Sacramento,Branch,41,Student,1,3735.69,2024-01-28T01:00:00
TRANSACTIONS1000BASELINE000867,ACB00027,41.59,2024-01-18T14:00:00,Debit,Kansas City,Online,39,Student,1,6797.22,2024-01-15T10:00:00
TRANSACTIONS1000BASELINE000868,ACB00028,89.12,2024-01-30T15:00:00,Debit,New York,Branch,44,Engineer,2,7380.68,2024-01-28T10:00:00
TRANSACTIONS1000BASELINE000869,ACB00029,305.79,2024-01-17T17:00:00,Debit,Los Angeles,ATM,46,Doctor,1,5233.81,2024-01-15T06:00:00
TRANSACTIONS1000BASELINE000870,ACB00030,1487.37,2024-02-12T02:00:00,Debit,Fort Worth,Online,48,Engineer,3,4132.33,2024-02-10T18:00:00
TRANSACTIONS1000BASELINE000871,ACB00031,5.00,2024-02-10T01:00:00,Debit,Detroit,ATM,45,Student,1,3255.17,2024-02-09T02:00:00
TRANSACTIONS1000BASELINE000872,ACB00032,5.00,2024-02-17T13:00:00,Debit,Indianapolis,Branch,32,Student,1,3540.94,2024-02-15T02:00:00
TRANSACTIONS1000BASELINE000873,ACB00033,5.00,2024-02-01T11:00:00,Debit,Houston,ATM,52,Engineer,1,2361.28,2024-01-30T14:00:00
TRANSACTIONS1000BASELINE000874,ACB00034,272.00,2024-02-24T20:00:00,Debit,Fort Worth,ATM,51,Retired,1,4127.43,2024-02-20T22:00:00
TRANSACTIONS1000BASELINE000875,ACB00035,267.84,2024-01-17T03:00:00,Debit,El Paso,ATM,38,Student,1,1944.30,2024-01-13T11:00:00
TRANSACTIONS1000BASELINE000876,ACB00036,5.00,2024-01-20T13:00:00,Debit,Los Angeles,ATM,28,Student,1,6010.43,2024-01-16T21:00:00
TRANSACTIONS1000BASELINE000877,ACB00037,662.68,2024-02-24T11:00:00,Debit,Sacramento,ATM,43,Engineer,2,4798.65,2024-02-22T11:00:00
TRANSACTIONS1000BASELINE000878,ACB00038,5.00,2024-02-08T05:00:00,Debit,Colorado Springs,Branch,53,Doctor,2,3691.67,2024-02-06T21:00:00
TRANSACTIONS1000BASELINE000879,ACB00039,154.93,2024-01-30T17:00:00,Debit,Dallas,Branch,44,Engineer,2,4554.48,2024-01-26T17:00:00
TRANSACTIONS1000BASELINE000880,ACB00040,628.26,2024-01-25T02:00:00,Debit,Louisville,ATM,45,Student,1,4327.50,2024-01-21T19:00:00
TRANSACTIONS1000BASELINE000881,ACB00041,438.85,2024-02-02T12:00:00,Credit,Los Angeles,Online,45,Student,1,4736.57,2024-01-31T00:00:00
TRANSACTIONS1000BASELINE000882,ACB00042,453.92,2024-02-22T17:00:00,Credit,Columbus,Branch,48,Doctor,1,2875.66,2024-02-21T11:00:00
TRANSACTIONS1000BASELINE000883,ACB00043,5.00,2024-02-20T16:00:00,Debit,Dallas,Online,53,Retired,1,5188.07,2024-02-18T14:00:00
TRANSACTIONS1000BASELINE000884,ACB00044,554.69,2024-02-17T10:00:00,Debit,Denver,Branch,37,Student,1,2403.32,2024-02-16T10:00:00
TRANSACTIONS1000BASELINE000885,ACB00045,142.31,2024-01-31T02:00:00,Debit,Philadelphia,ATM,71,Retired,1,5560.06,2024-01-30T14:00:00
TRANSACTIONS1000BASELINE000886,ACB00046,145.31,2024-02-18T08:00:00,Credit,Oklahoma City,Online,43,Engineer,1,4210.20,2024-02-16T23:00:00
TRANSACTIONS1000BASELINE000887,ACB00047,478.10,2024-02-07T05:00:00,Debit,Atlanta,Branch,40,Student,2,4622.07,2024-02-06T01:00:00
TRANSACTIONS1000BASELINE000888,ACB00048,149.75,2024-01-22T16:00:00,Debit,Las Vegas,Online,53,Doctor,1,9882.98,2024-01-19T22:00:00
TRANSACTIONS1000BASELINE000889,ACB00049,731.21,2024-01-31T09:00:00,Credit,Kansas City,Branch,56,Retired,1,6260.48,2024-01-29T02:00:00
TRANSACTIONS1000BASELINE000890,ACB00050,729.81,2024-02-28T10:00:00,Debit,Philadelphia,Branch,46,Retired,1,3144.30,2024-02-27T09:00:00
TRANSACTIONS1000BASELINE000891,ACB00051,5.00,2024-02-15T17:00:00,Debit,Houston,ATM,52,Retired,1,7085.39,2024-02-14T13:00:00
TRANSACTIONS1000BASELINE000892,ACB00052,155.11,2024-02-03T17:00:00,Debit,Boston,ATM,46,Retired,1,6478.94,2024-02-03T09:00:00
TRANSACTIONS1000BASELINE000893,ACB00053,74.64,2024-02-29T21:00:00,Credit,Denver,Branch,47,Doctor,2,5548.78,2024-02-29T14:00:00
TRANSACTIONS1000BASELINE000894,ACB00054,238.51,2024-01-22T22:00:00,Debit,Charlotte,ATM,35,Student,1,3701.15,2024-01-19T03:00:00
TRANSACTIONS1000BASELINE000895,ACB00055,276.39,2024-02-07T07:00:00,Credit,Louisville,Online,54,Engineer,2,4123.08,2024-02-06T03:00:00
TRANSACTIONS1000BASELINE000896,ACB00056,210.09,2024-01-23T03:00:00,Debit,Fresno,ATM,25,Student,1,1063.27,2024-01-22T01:00:00
TRANSACTIONS1000BASELINE000897,ACB00057,112.83,2024-02-07T19:00:00,Debit,Indianapolis,Branch,37,Student,1,3997.36,2024-02-04T09:00:00
TRANSACTIONS1000BASELINE000898,ACB00058,862.97,2024-02-17T04:00:00,Debit,Fort Worth,Online,48,Engineer,1,4164.81,2024-02-14T10:00:00
TRANSACTIONS1000BASELINE000899,ACB00059,200.27,2024-01-15T19:00:00,Debit,San Francisco,Online,40,Doctor,1,4923.61,2024-01-14T15:00:00
TRANSACTIONS1000BASELINE000900,ACB00060,808.72,2024-02-23T07:00:00,Credit,Dallas,Online,60,Doctor,3,2941.36,2024-02-19T13:00:00
TRANSACTIONS1000BASELINE000901,ACB00061,258.19,2024-02-11T07:00:00,Debit,Charlotte,Online,38,Student,1,3216.94,2024-02-09T10:00:00
TRANSACTIONS1000BASELINE000902,ACB00062,238.82,2024-03-01T09:00:00,Debit,Los Angeles,ATM,45,Student,1,5215.44,2024-02-27T12:00:00
TRANSACTIONS1000BASELINE000903,ACB00063,255.13,2024-02-10T14:00:00,Debit,Milwaukee,Online,28,Student,1,3048.76,2024-02-09T22:00:00
TRANSACTIONS1000BASELINE000904,ACB00064,177.20,2024-02-02T18:00:00,Debit,Louisville,Branch,32,Student,1,3103.39,2024-02-01T16:00:00
TRANSACTIONS1000BASELINE000905,ACB00065,173.39,2024-01-19T05:00:00,Debit,Virginia Beach,ATM,49,Engineer,1,6865.78,2024-01-17T04:00:00
TRANSACTIONS1000BASELINE000906,ACB00066,582.08,2024-02-13T02:00:00,Debit,Portland,Online,50,Engineer,1,8965.80,2024-02-12T19:00:00
TRANSACTIONS1000BASELINE000907,ACB00067,172.45,2024-02-24T16:00:00,Credit,Austin,Branch,47,Doctor,1,3601.26,2024-02-21T05:00:00
TRANSACTIONS1000BASELINE000908,ACB00068,549.25,2024-02-03T16:00:00,Debit,Oklahoma City,Branch,58,Retired,1,6708.15,2024-02-02T09:00:00
TRANSACTIONS1000BASELINE000909,ACB00069,555.84,2024-01-19T07:00:00,Debit,New York,Branch,39,Doctor,1,9405.36,2024-01-17T00:00:00
TRANSACTIONS1000BASELINE000910,ACB00070,251.26,2024-01-28T18:00:00,Credit,Atlanta,Branch,48,Student,2,3124.68,2024-01-25T09:00:00
TRANSACTIONS1000BASELINE000911,ACB00071,498.69,2024-02-21T08:00:00,Debit,Omaha,ATM,39,Student,2,3805.78,2024-02-18T17:00:00
TRANSACTIONS1000BASELINE000912,ACB00072,377.17,2024-02-09T16:00:00,Debit,Seattle,Online,49,Doctor,1,3740.17,2024-02-06T20:00:00
TRANSACTIONS1000BASELINE000913,ACB00073,132.40,2024-02-19T07:00:00,Debit,Phoenix,ATM,42,Student,1,3097.80,2024-02-17T23:00:00
TRANSACTIONS1000BASELINE000914,ACB00074,197.88,2024-02-12T12:00:00,Debit,Las Vegas,ATM,59,Doctor,2,6030.66,2024-02-10T05:00:00
TRANSACTIONS1000BASELINE000915,ACB00075,239.06,2024-03-03T17:00:00,Debit,El Paso,ATM,47,Retired,1,6498.38,2024-02-28T21:00:00
TRANSACTIONS1000BASELINE000916,ACB00076,301.31,2024-02-21T07:00:00,Debit,Jacksonville,Online,49,Engineer,1,3619.11,2024-02-20T13:00:00
TRANSACTIONS1000BASELINE000917,ACB00077,160.46,2024-01-20T12:00:00,Debit,San Francisco,ATM,51,Retired,1,7060.15,2024-01-18T18:00:00
TRANSACTIONS1000BASELINE000918,ACB00078,5.00,2024-01-26T19:00:00,Debit,Seattle,ATM,42,Student,1,4282.40,2024-01-22T21:00:00
TRANSACTIONS1000BASELINE000919,ACB00079,119.79,2024-02-13T19:00:00,Debit,Raleigh,ATM,40,Doctor,1,5674.95,2024-02-11T00:00:00
TRANSACTIONS1000BASELINE000920,ACB00080,5.00,2024-02-07T03:00:00,Debit,San Jose,Online,43,Student,2,5557.83,2024-02-05T08:00:00
TRANSACTIONS1000BASELINE000921,ACB00081,5.00,2024-02-17T15:00:00,Debit,Raleigh,ATM,42,Student,3,3390.85,2024-02-14T13:00:00
TRANSACTIONS1000BASELINE000922,ACB00082,641.65,2024-02-27T09:00:00,Debit,Fresno,Branch,43,Doctor,1,4431.62,2024-02-26T03:00:00
TRANSACTIONS1000BASELINE000923,ACB00083,289.97,2024-02-26T02:00:00,Credit,Kansas City,Online,32,Engineer,1,6718.78,2024-02-25T05:00:00
TRANSACTIONS1000BASELINE000924,ACB00084,92.60,2024-02-22T21:00:00,Credit,Philadelphia,Online,43,Student,1,1875.55,2024-02-20T19:00:00
TRANSACTIONS1000BASELINE000925,ACB00085,500.91,2024-02-06T06:00:00,Debit,Chicago,Branch,48,Engineer,3,7118.42,2024-02-04T00:00:00
TRANSACTIONS1000BASELINE000926,ACB00086,274.93,2024-03-01T14:00:00,Debit,Memphis,Online,37,Engineer,1,6726.93,2024-03-01T07:00:00
TRANSACTIONS1000BASELINE000927,ACB00087,402.29,2024-02-26T20:00:00,Debit,Mesa,ATM,40,Student,1,5420.89,2024-02-23T13:00:00
TRANSACTIONS1000BASELINE000928,ACB00088,507.72,2024-01-18T21:00:00,Debit,Columbus,Branch,25,Student,1,2523.73,2024-01-17T05:00:00
TRANSACTIONS1000BASELINE000929,ACB00089,50.73,2024-02-04T17:00:00,Credit,Phoenix,ATM,46,Retired,1,4542.20,2024-02-01T14:00:00
TRANSACTIONS1000BASELINE000930,ACB00090,440.30,2024-02-11T05:00:00,Debit,Milwaukee,Branch,35,Engineer,1,612.81,2024-02-07T06:00:00
TRANSACTIONS1000BASELINE000931,ACB00091,333.57,2024-02-29T03:00:00,Debit,Louisville,ATM,44,Doctor,2,2992.15,2024-02-27T17:00:00
TRANSACTIONS1000BASELINE000932,ACB00092,132.89,2024-02-12T23:00:00,Debit,Tucson,Online,39,Doctor,1,6887.05,2024-02-11T01:00:00
TRANSACTIONS1000BASELINE000933,ACB00093,451.12,2024-03-01T04:00:00,Debit,Sacramento,ATM,39,Engineer,2,7500.25,2024-02-26T23:00:00
TRANSACTIONS1000BASELINE000934,ACB00094,538.11,2024-01-29T20:00:00,Debit,Raleigh,ATM,49,Doctor,1,17128.81,2024-01-27T11:00:00
TRANSACTIONS1000BASELINE000935,ACB00095,457.12,2024-02-26T06:00:00,Debit,Chicago,Branch,55,Retired,1,11134.87,2024-02-24T21:00:00
TRANSACTIONS1000BASELINE000936,ACB00096,737.34,2024-02-20T06:00:00,Debit,Chicago,ATM,53,Doctor,1,5713.56,2024-02-19T09:00:00
TRANSACTIONS1000BASELINE000937,ACB00097,436.76,2024-02-11T14:00:00,Debit,Omaha,ATM,52,Retired,1,6994.05,2024-02-08T07:00:00
TRANSACTIONS1000BASELINE000938,ACB00098,242.94,2024-03-04T08:00:00,Debit,El Paso,Branch,38,Student,1,4669.84,2024-03-02T06:00:00
TRANSACTIONS1000BASELINE000939,ACB00099,232.95,2024-02-24T23:00:00,Debit,Seattle,ATM,58,Retired,2,4294.74,2024-02-23T22:00:00
TRANSACTIONS1000BASELINE000940,ACB00100,194.25,2024-02-27T11:00:00,Debit,San Francisco,Branch,49,Student,1,8639.27,2024-02-26T22:00:00
TRANSACTIONS1000BASELINE000941,ACB00101,826.61,2024-01-19T04:00:00,Debit,San Diego,Online,54,Retired,2,7419.51,2024-01-18T15:00:00
TRANSACTIONS1000BASELINE000942,ACB00102,227.12,2024-01-23T16:00:00,Debit,Omaha,Online,48,Engineer,1,6037.70,2024-01-21T22:00:00
TRANSACTIONS1000BASELINE000943,ACB00103,239.71,2024-02-17T04:00:00,Debit,Kansas City,ATM,34,Student,2,2760.86,2024-02-13T15:00:00
TRANSACTIONS1000BASELINE000944,ACB00104,1451.60,2024-01-25T08:00:00,Debit,Baltimore,Branch,28,Student,1,1501.60,2024-01-22T15:00:00
TRANSACTIONS1000BASELINE000945,ACB00105,1388.54,2024-01-22T21:00:00,Debit,Houston,Online,50,Doctor,1,8346.58,2024-01-20T19:00:00
TRANSACTIONS1000BASELINE000946,ACB00106,212.71,2024-02-17T05:00:00,Debit,Omaha,Branch,44,Engineer,3,6551.99,2024-02-16T18:00:00
TRANSACTIONS1000BASELINE000947,ACB00107,246.01,2024-02-12T20:00:00,Debit,Miami,ATM,46,Retired,1,2366.04,2024-02-12T12:00:00
TRANSACTIONS1000BASELINE000948,ACB00108,681.10,2024-01-27T02:00:00,Debit,Oklahoma City,ATM,35,Doctor,1,4014.74,2024-01-26T19:00:00
TRANSACTIONS1000BASELINE000949,ACB00109,221.02,2024-02-05T13:00:00,Credit,Jacksonville,Online,39,Student,1,5523.76,2024-02-04T11:00:00
TRANSACTIONS1000BASELINE000950,ACB00110,307.73,2024-02-04T20:00:00,Debit,San Jose,Branch,37,Engineer,1,4182.60,2024-02-03T12:00:00
TRANSACTIONS1000BASELINE000951,ACB00111,526.04,2024-02-07T07:00:00,Debit,Washington,Branch,43,Doctor,1,4908.18,2024-02-05T04:00:00
TRANSACTIONS1000BASELINE000952,ACB00112,544.81,2024-01-26T07:00:00,Debit,Miami,ATM,38,Student,1,1749.35,2024-01-22T10:00:00
TRANSACTIONS1000BASELINE000953,ACB00113,511.55,2024-01-23T12:00:00,Debit,Miami,Online,39,Student,2,4676.23,2024-01-21T20:00:00
TRANSACTIONS1000BASELINE000954,ACB00114,876.68,2024-02-03T11:00:00,Credit,San Jose,Branch,41,Engineer,1,4966.19,2024-01-31T13:00:00
TRANSACTIONS1000BASELINE000955,ACB00115,126.62,2024-01-31T06:00:00,Debit,Milwaukee,Branch,47,Engineer,1,3814.83,2024-01-27T07:00:00
TRANSACTIONS1000BASELINE000956,ACB00116,454.11,2024-02-22T21:00:00,Debit,San Francisco,Branch,43,Student,1,3761.87,2024-02-20T21:00:00
TRANSACTIONS1000BASELINE000957,ACB00117,1145.40,2024-01-20T08:00:00,Debit,Philadelphia,Online,41,Retired,1,3068.70,2024-01-16T08:00:00
TRANSACTIONS1000BASELINE000958,ACB00118,724.05,2024-01-22T16:00:00,Debit,San Francisco,Online,51,Retired,2,5534.28,2024-01-21T19:00:00
TRANSACTIONS1000BASELINE000959,ACB00119,641.95,2024-01-25T01:00:00,Debit,Omaha,Online,44,Engineer,1,3474.53,2024-01-24T18:00:00
TRANSACTIONS1000BASELINE000960,ACB00120,290.01,2024-02-22T16:00:00,Credit,Indianapolis,Branch,24,Student,1,6739.79,2024-02-19T08:00:00
TRANSACTIONS1000BASELINE000961,ACB00001,71.51,2024-01-27T10:00:00,Debit,Jacksonville,ATM,39,Student,1,5585.04,2024-01-25T19:00:00
TRANSACTIONS1000BASELINE000962,ACB00002,156.99,2024-02-14T00:00:00,Credit,Indianapolis,Branch,47,Retired,2,4134.02,2024-02-11T01:00:00
TRANSACTIONS1000BASELINE000963,ACB00003,22.68,2024-02-22T16:00:00,Debit,Phoenix,Online,47,Engineer,1,5956.89,2024-02-19T09:00:00
TRANSACTIONS1000BASELINE000964,ACB00004,308.00,2024-02-07T11:00:00,Debit,Omaha,Branch,55,Retired,2,3576.23,2024-02-03T12:00:00
TRANSACTIONS1000BASELINE000965,ACB00005,258.25,2024-02-17T09:00:00,Credit,Virginia Beach,Online,47,Doctor,3,5684.75,2024-02-14T02:00:00
TRANSACTIONS1000BASELINE000966,ACB00006,408.06,2024-01-24T00:00:00,Debit,San Diego,Online,60,Retired,1,7865.35,2024-01-21T20:00:00
TRANSACTIONS1000BASELINE000967,ACB00007,5.00,2024-02-27T16:00:00,Debit,Memphis,Branch,43,Student,1,1375.41,2024-02-25T06:00:00
TRANSACTIONS1000BASELINE000968,ACB00008,229.37,2024-02-15T09:00:00,Debit,Charlotte,Online,56,Engineer,2,7702.84,2024-02-11T15:00:00
TRANSACTIONS1000BASELINE000969,ACB00009,39.65,2024-02-17T08:00:00,Credit,Mesa,ATM,48,Engineer,1,3748.51,2024-02-15T21:00:00
TRANSACTIONS1000BASELINE000970,ACB00010,676.73,2024-01-21T01:00:00,Debit,Denver,ATM,52,Retired,1,4710.99,2024-01-18T11:00:00
TRANSACTIONS1000BASELINE000971,ACB00011,681.49,2024-01-20T06:00:00,Debit,Dallas,Online,43,Student,1,5195.62,2024-01-16T22:00:00
TRANSACTIONS1000BASELINE000972,ACB00012,338.87,2024-02-14T22:00:00,Credit,Charlotte,Online,44,Student,1,2798.13,2024-02-11T11:00:00
TRANSACTIONS1000BASELINE000973,ACB00013,477.28,2024-02-15T22:00:00,Debit,Seattle,Online,54,Engineer,2,6203.90,2024-02-14T03:00:00
TRANSACTIONS1000BASELINE000974,ACB00014,94.36,2024-02-21T09:00:00,Debit,Omaha,Branch,48,Engineer,1,4626.83,2024-02-17T22:00:00
TRANSACTIONS1000BASELINE000975,ACB00015,329.39,2024-02-27T07:00:00,Debit,Omaha,Branch,32,Student,1,1573.41,2024-02-24T21:00:00
TRANSACTIONS1000BASELINE000976,ACB00016,758.93,2024-02-06T16:00:00,Debit,Columbus,Online,28,Student,1,9805.60,2024-02-05T11:00:00
TRANSACTIONS1000BASELINE000977,ACB00017,350.24,2024-02-19T07:00:00,Debit,San Diego,Online,47,Engineer,1,6410.37,2024-02-18T01:00:00
TRANSACTIONS1000BASELINE000978,ACB00018,972.47,2024-02-15T15:00:00,Credit,Austin,Branch,40,Engineer,1,3417.50,2024-02-13T23:00:00
TRANSACTIONS1000BASELINE000979,ACB00019,200.68,2024-02-12T16:00:00,Debit,San Diego,ATM,46,Retired,1,4163.75,2024-02-10T03:00:00
TRANSACTIONS1000BASELINE000980,ACB00020,491.46,2024-02-25T15:00:00,Debit,Milwaukee,ATM,59,Engineer,1,2336.33,2024-02-23T15:00:00
TRANSACTIONS1000BASELINE000981,ACB00021,5.00,2024-02-23T21:00:00,Credit,Memphis,Online,60,Retired,1,4715.40,2024-02-22T13:00:00
TRANSACTIONS1000BASELINE000982,ACB00022,428.61,2024-03-03T13:00:00,Debit,El Paso,Branch,52,Retired,1,4832.96,2024-02-29T05:00:00
TRANSACTIONS1000BASELINE000983,ACB00023,95.15,2024-01-30T16:00:00,Debit,San Francisco,ATM,53,Doctor,1,5213.19,2024-01-29T09:00:00
TRANSACTIONS1000BASELINE000984,ACB00024,139.64,2024-02-01T16:00:00,Credit,Fresno,ATM,45,Doctor,1,3688.47,2024-01-29T17:00:00
TRANSACTIONS1000BASELINE000985,ACB00025,643.57,2024-03-07T03:00:00,Debit,Portland,ATM,44,Student,1,4131.56,2024-03-04T18:00:00
TRANSACTIONS1000BASELINE000986,ACB00026,148.04,2024-02-02T13:00:00,Credit,Dallas,Online,41,Student,3,6159.88,2024-01-29T23:00:00
TRANSACTIONS1000BASELINE000987,ACB00027,5.00,2024-01-19T15:00:00,Debit,El Paso,Branch,39,Student,1,6559.78,2024-01-18T14:00:00
TRANSACTIONS1000BASELINE000988,ACB00028,243.94,2024-02-01T20:00:00,Debit,Miami,Online,44,Engineer,1,6171.72,2024-01-30T15:00:00
TRANSACTIONS1000BASELINE000989,ACB00029,629.49,2024-01-19T23:00:00,Credit,Colorado Springs,Online,46,Doctor,1,7016.81,2024-01-17T17:00:00
TRANSACTIONS1000BASELINE000990,ACB00030,5.00,2024-02-14T22:00:00,Debit,Denver,Online,48,Engineer,2,3964.88,2024-02-12T02:00:00
TRANSACTIONS1000BASELINE000991,ACB00031,142.27,2024-02-12T23:00:00,Debit,Albuquerque,ATM,45,Student,2,2674.07,2024-02-10T01:00:00
TRANSACTIONS1000BASELINE000992,ACB00032,5.00,2024-02-20T21:00:00,Debit,Raleigh,Branch,32,Student,2,1705.89,2024-02-17T13:00:00
TRANSACTIONS1000BASELINE000993,ACB00033,110.44,2024-02-01T17:00:00,Debit,Houston,Branch,52,Engineer,1,2300.12,2024-02-01T11:00:00
TRANSACTIONS1000BASELINE000994,ACB00034,341.62,2024-02-28T19:00:00,Debit,Baltimore,Online,51,Retired,1,2421.20,2024-02-24T20:00:00
TRANSACTIONS1000BASELINE000995,ACB00035,123.37,2024-01-20T01:00:00,Debit,Sacramento,Branch,38,Student,1,4723.75,2024-01-17T03:00:00
TRANSACTIONS1000BASELINE000996,ACB00036,422.27,2024-01-20T20:00:00,Debit,Los Angeles,ATM,28,Student,1,4926.47,2024-01-20T13:00:00
TRANSACTIONS1000BASELINE000997,ACB00037,46.49,2024-02-27T01:00:00,Debit,Omaha,Online,43,Engineer,2,4530.59,2024-02-24T11:00:00
TRANSACTIONS1000BASELINE000998,ACB00038,881.84,2024-02-11T05:00:00,Debit,Charlotte,Online,53,Doctor,1,3510.33,2024-02-08T05:00:00
TRANSACTIONS1000BASELINE000999,ACB00039,290.04,2024-02-02T21:00:00,Debit,Houston,ATM,44,Engineer,1,4541.67,2024-01-30T17:00:00
TRANSACTIONS1000BASELINE001000,ACB00040,197.59,2024-01-26T10:00:00,Debit,San Jose,Online,45,Student,1,3460.52,2024-01-25T02:00:00
