TransactionID,AccountID,TransactionAmount,TransactionDate,TransactionType,Location,Channel,CustomerAge,CustomerOccupation,LoginAttempts,AccountBalance,PreviousTransactionDate,ScenarioLabel,ScenarioRole
TRANSACTIONSUSERGROWTH1000000001,AC_GROWTH_005,17.93,2024-02-01T09:00:00,Debit,Indianapolis,Branch,57,Retired,1,3207.86,,USER_HISTORY_GROWTH,AC_GROWTH_005
TRANSACTIONSUSERGROWTH1000000006,AC_GROWTH_025,139.48,2024-02-01T09:00:00,Debit,San Jose,Branch,55,Engineer,1,1558.57,,USER_HISTORY_GROWTH,AC_GROWTH_025
TRANSACTIONSUSERGROWTH1000000031,AC_GROWTH_100,5.00,2024-02-01T09:00:00,Debit,Fresno,ATM,40,Student,1,3931.96,,USER_HISTORY_GROWTH,AC_GROWTH_100
TRANSACTIONSUSERGROWTH1000000131,AC_GROWTH_500,183.18,2024-02-01T09:00:00,Credit,Baltimore,ATM,58,Engineer,1,9691.23,,USER_HISTORY_GROWTH,AC_GROWTH_500
TRANSACTIONSUSERGROWTH1000000699,ACU00059,83.53,2024-02-01T09:00:00,Debit,Raleigh,Branch,45,Retired,2,4255.51,,BACKGROUND_NORMAL,filler
TRANSACTIONSUSERGROWTH1000000685,ACU00045,55.04,2024-02-02T09:00:00,Debit,Tucson,Online,44,Student,1,4258.40,,BACKGROUND_NORMAL,filler
TRANSACTIONSUSERGROWTH1000000032,AC_GROWTH_100,356.96,2024-02-02T15:00:00,Debit,Nashville,Online,40,Student,1,3542.51,2024-02-01T09:00:00,USER_HISTORY_GROWTH,AC_GROWTH_100
TRANSACTIONSUSERGROWTH1000000007,AC_GROWTH_025,191.30,2024-02-03T04:00:00,Debit,Albuquerque,ATM,55,Engineer,1,1773.02,2024-02-01T09:00:00,USER_HISTORY_GROWTH,AC_GROWTH_025
TRANSACTIONSUSERGROWTH1000000639,ACU00079,317.24,2024-02-03T09:00:00,Debit,Fort Worth,Online,28,Student,1,6007.74,,BACKGROUND_NORMAL,filler
TRANSACTIONSUSERGROWTH1000000651,ACU00011,210.87,2024-02-03T09:00:00,Debit,Las Vegas,ATM,44,Retired,1,3620.03,,BACKGROUND_NORMAL,filler
TRANSACTIONSUSERGROWTH1000000686,ACU00046,245.74,2024-02-03T09:00:00,Debit,Columbus,ATM,28,Student,1,8084.69,,BACKGROUND_NORMAL,filler
TRANSACTIONSUSERGROWTH1000000703,ACU00063,169.23,2024-02-03T09:00:00,Credit,Houston,Online,48,Doctor,1,13577.03,,BACKGROUND_NORMAL,filler
TRANSACTIONSUSERGROWTH1000000002,AC_GROWTH_005,499.61,2024-02-03T15:00:00,Debit,Nashville,ATM,57,Retired,1,3656.72,2024-02-01T09:00:00,USER_HISTORY_GROWTH,AC_GROWTH_005
TRANSACTIONSUSERGROWTH1000000766,ACU00046,5.00,2024-02-04T02:00:00,Debit,Fort Worth,ATM,28,Student,2,7634.87,2024-02-03T09:00:00,BACKGROUND_NORMAL,filler
TRANSACTIONSUSERGROWTH1000000033,AC_GROWTH_100,147.90,2024-02-04T06:00:00,Credit,Charlotte,Online,40,Student,1,3257.73,2024-02-02T15:00:00,USER_HISTORY_GROWTH,AC_GROWTH_100
TRANSACTIONSUSERGROWTH1000000765,ACU00045,5.00,2024-02-04T06:00:00,Debit,Fort Worth,Online,44,Student,1,5048.19,2024-02-02T09:00:00,BACKGROUND_NORMAL,filler
TRANSACTIONSUSERGROWTH1000000132,AC_GROWTH_500,307.91,2024-02-04T08:00:00,Credit,Dallas,ATM,58,Engineer,1,13004.54,2024-02-01T09:00:00,USER_HISTORY_GROWTH,AC_GROWTH_500
TRANSACTIONSUSERGROWTH1000000637,ACU00077,43.03,2024-02-04T09:00:00,Debit,Tucson,ATM,19,Student,1,218.71,,BACKGROUND_NORMAL,filler
TRANSACTIONSUSERGROWTH1000000638,ACU00078,79.40,2024-02-04T09:00:00,Debit,Phoenix,Online,50,Retired,1,4335.86,,BACKGROUND_NORMAL,filler
TRANSACTIONSUSERGROWTH1000000643,ACU00003,202.32,2024-02-04T09:00:00,Debit,Raleigh,ATM,45,Doctor,1,4142.74,,BACKGROUND_NORMAL,filler
TRANSACTIONSUSERGROWTH1000000662,ACU00022,163.31,2024-02-04T09:00:00,Debit,Kansas City,ATM,47,Engineer,1,9694.26,,BACKGROUND_NORMAL,filler
TRANSACTIONSUSERGROWTH1000000779,ACU00059,334.00,2024-02-04T10:00:00,Debit,Washington,Online,45,Retired,1,4456.40,2024-02-01T09:00:00,BACKGROUND_NORMAL,filler
TRANSACTIONSUSERGROWTH1000000003,AC_GROWTH_005,380.04,2024-02-04T11:00:00,Debit,Memphis,ATM,57,Retired,1,2822.73,2024-02-03T15:00:00,USER_HISTORY_GROWTH,AC_GROWTH_005
TRANSACTIONSUSERGROWTH1000000034,AC_GROWTH_100,116.42,2024-02-05T00:00:00,Credit,Detroit,Branch,40,Student,1,2688.09,2024-02-04T06:00:00,USER_HISTORY_GROWTH,AC_GROWTH_100
TRANSACTIONSUSERGROWTH1000000783,ACU00063,42.53,2024-02-05T04:00:00,Debit,Washington,Branch,48,Doctor,2,3549.44,2024-02-03T09:00:00,BACKGROUND_NORMAL,filler
TRANSACTIONSUSERGROWTH1000000004,AC_GROWTH_005,536.42,2024-02-05T05:00:00,Debit,Nashville,Branch,57,Retired,1,3662.78,2024-02-04T11:00:00,USER_HISTORY_GROWTH,AC_GROWTH_005
TRANSACTIONSUSERGROWTH1000000717,ACU00077,77.61,2024-02-05T08:00:00,Debit,Tucson,ATM,19,Student,1,192.65,2024-02-04T09:00:00,BACKGROUND_NORMAL,filler
TRANSACTIONSUSERGROWTH1000000682,ACU00042,287.90,2024-02-05T09:00:00,Debit,San Francisco,Branch,43,Doctor,1,7083.65,,BACKGROUND_NORMAL,filler
TRANSACTIONSUSERGROWTH1000000697,ACU00057,530.20,2024-02-05T09:00:00,Credit,Mesa,Online,40,Student,1,2678.58,,BACKGROUND_NORMAL,filler
TRANSACTIONSUSERGROWTH1000000707,ACU00067,89.69,2024-02-05T09:00:00,Debit,Charlotte,Branch,46,Student,1,8851.79,,BACKGROUND_NORMAL,filler
TRANSACTIONSUSERGROWTH1000000719,ACU00079,257.90,2024-02-05T12:00:00,Debit,Fort Worth,Online,28,Student,1,2736.26,2024-02-03T09:00:00,BACKGROUND_NORMAL,filler
TRANSACTIONSUSERGROWTH1000000008,AC_GROWTH_025,142.34,2024-02-05T14:00:00,Debit,San Jose,ATM,55,Engineer,2,1920.38,2024-02-03T04:00:00,USER_HISTORY_GROWTH,AC_GROWTH_025
TRANSACTIONSUSERGROWTH1000000846,ACU00046,5.00,2024-02-05T23:00:00,Debit,Fort Worth,ATM,28,Student,1,8630.94,2024-02-04T02:00:00,BACKGROUND_NORMAL,filler
TRANSACTIONSUSERGROWTH1000000742,ACU00022,491.40,2024-02-06T02:00:00,Debit,Virginia Beach,Branch,47,Engineer,1,9718.80,2024-02-04T09:00:00,BACKGROUND_NORMAL,filler
TRANSACTIONSUSERGROWTH1000000641,ACU00001,68.39,2024-02-06T09:00:00,Debit,Baltimore,Online,28,Student,1,1746.66,,BACKGROUND_NORMAL,filler
TRANSACTIONSUSERGROWTH1000000654,ACU00014,80.44,2024-02-06T09:00:00,Debit,Detroit,Branch,29,Student,1,6049.89,,BACKGROUND_NORMAL,filler
TRANSACTIONSUSERGROWTH1000000035,AC_GROWTH_100,5.00,2024-02-06T11:00:00,Credit,Detroit,Branch,40,Student,1,3483.60,2024-02-05T00:00:00,USER_HISTORY_GROWTH,AC_GROWTH_100
TRANSACTIONSUSERGROWTH1000000718,ACU00078,92.20,2024-02-06T13:00:00,Debit,New York,Branch,50,Retired,1,2658.72,2024-02-04T09:00:00,BACKGROUND_NORMAL,filler
TRANSACTIONSUSERGROWTH1000000731,ACU00011,57.33,2024-02-06T18:00:00,Credit,Las Vegas,ATM,44,Retired,1,4667.80,2024-02-03T09:00:00,BACKGROUND_NORMAL,filler
TRANSACTIONSUSERGROWTH1000000859,ACU00059,64.12,2024-02-06T18:00:00,Debit,Washington,Online,45,Retired,2,4711.43,2024-02-04T10:00:00,BACKGROUND_NORMAL,filler
TRANSACTIONSUSERGROWTH1000000822,ACU00022,130.38,2024-02-06T22:00:00,Debit,Fresno,ATM,47,Engineer,1,5258.49,2024-02-06T02:00:00,BACKGROUND_NORMAL,filler
TRANSACTIONSUSERGROWTH1000000863,ACU00063,150.01,2024-02-06T22:00:00,Debit,Philadelphia,Online,48,Doctor,2,6148.71,2024-02-05T04:00:00,BACKGROUND_NORMAL,filler
TRANSACTIONSUSERGROWTH1000000734,ACU00014,220.49,2024-02-06T23:00:00,Debit,Nashville,Branch,29,Student,1,4890.71,2024-02-06T09:00:00,BACKGROUND_NORMAL,filler
TRANSACTIONSUSERGROWTH1000000797,ACU00077,72.13,2024-02-07T01:00:00,Debit,Tucson,ATM,19,Student,1,274.17,2024-02-05T08:00:00,BACKGROUND_NORMAL,filler
TRANSACTIONSUSERGROWTH1000000133,AC_GROWTH_500,423.80,2024-02-07T02:00:00,Debit,Dallas,ATM,58,Engineer,1,6687.35,2024-02-04T08:00:00,USER_HISTORY_GROWTH,AC_GROWTH_500
TRANSACTIONSUSERGROWTH1000000676,ACU00036,377.52,2024-02-07T09:00:00,Credit,Louisville,Branch,51,Student,1,3167.24,,BACKGROUND_NORMAL,filler
TRANSACTIONSUSERGROWTH1000000687,ACU00047,366.40,2024-02-07T09:00:00,Debit,San Antonio,Online,48,Doctor,1,17593.42,,BACKGROUND_NORMAL,filler
TRANSACTIONSUSERGROWTH1000000721,ACU00001,17.29,2024-02-07T10:00:00,Debit,Baltimore,Branch,28,Student,1,2375.48,2024-02-06T09:00:00,BACKGROUND_NORMAL,filler
TRANSACTIONSUSERGROWTH1000000902,ACU00022,139.85,2024-02-07T10:00:00,Debit,Kansas City,Branch,47,Engineer,1,7333.58,2024-02-06T22:00:00,BACKGROUND_NORMAL,filler
TRANSACTIONSUSERGROWTH1000000009,AC_GROWTH_025,189.93,2024-02-07T11:00:00,Debit,San Jose,ATM,55,Engineer,1,1417.19,2024-02-05T14:00:00,USER_HISTORY_GROWTH,AC_GROWTH_025
TRANSACTIONSUSERGROWTH1000000723,ACU00003,307.43,2024-02-07T19:00:00,Debit,Austin,Online,45,Doctor,1,7836.33,2024-02-04T09:00:00,BACKGROUND_NORMAL,filler
TRANSACTIONSUSERGROWTH1000000926,ACU00046,436.71,2024-02-07T19:00:00,Debit,Fort Worth,Online,28,Student,1,9408.89,2024-02-05T23:00:00,BACKGROUND_NORMAL,filler
TRANSACTIONSUSERGROWTH1000000845,ACU00045,5.00,2024-02-07T21:00:00,Debit,Fort Worth,Online,44,Student,2,3285.74,2024-02-04T06:00:00,BACKGROUND_NORMAL,filler
TRANSACTIONSUSERGROWTH1000000799,ACU00079,248.94,2024-02-08T00:00:00,Debit,Columbus,ATM,28,Student,1,8294.67,2024-02-05T12:00:00,BACKGROUND_NORMAL,filler
TRANSACTIONSUSERGROWTH1000000005,AC_GROWTH_005,354.00,2024-02-08T03:00:00,Debit,Indianapolis,Branch,57,Retired,3,5081.33,2024-02-05T05:00:00,USER_HISTORY_GROWTH,AC_GROWTH_005
TRANSACTIONSUSERGROWTH1000000010,AC_GROWTH_025,241.34,2024-02-08T03:00:00,Debit,Albuquerque,Branch,55,Engineer,1,1514.29,2024-02-07T11:00:00,USER_HISTORY_GROWTH,AC_GROWTH_025
TRANSACTIONSUSERGROWTH1000000814,ACU00014,603.10,2024-02-08T03:00:00,Debit,Detroit,Branch,29,Student,1,4060.22,2024-02-06T23:00:00,BACKGROUND_NORMAL,filler
TRANSACTIONSUSERGROWTH1000000787,ACU00067,5.00,2024-02-08T04:00:00,Debit,San Francisco,Online,46,Student,1,3727.45,2024-02-05T09:00:00,BACKGROUND_NORMAL,filler
TRANSACTIONSUSERGROWTH1000000762,ACU00042,763.68,2024-02-08T06:00:00,Debit,Raleigh,Branch,43,Doctor,3,5308.25,2024-02-05T09:00:00,BACKGROUND_NORMAL,filler
TRANSACTIONSUSERGROWTH1000000943,ACU00063,156.02,2024-02-08T07:00:00,Debit,San Jose,Branch,48,Doctor,1,10698.29,2024-02-06T22:00:00,BACKGROUND_NORMAL,filler
TRANSACTIONSUSERGROWTH1000000982,ACU00022,142.57,2024-02-08T07:00:00,Debit,Fort Worth,Branch,47,Engineer,1,3719.32,2024-02-07T10:00:00,BACKGROUND_NORMAL,filler
TRANSACTIONSUSERGROWTH1000000640,ACU00080,756.70,2024-02-08T09:00:00,Debit,Austin,Branch,60,Doctor,1,9747.35,,BACKGROUND_NORMAL,filler
TRANSACTIONSUSERGROWTH1000000655,ACU00015,372.89,2024-02-08T09:00:00,Debit,Tucson,ATM,56,Doctor,1,9066.86,,BACKGROUND_NORMAL,filler
TRANSACTIONSUSERGROWTH1000000689,ACU00049,120.01,2024-02-08T09:00:00,Credit,San Diego,Online,48,Doctor,1,9539.63,,BACKGROUND_NORMAL,filler
TRANSACTIONSUSERGROWTH1000000811,ACU00011,63.34,2024-02-08T12:00:00,Debit,Las Vegas,Online,44,Retired,1,3688.43,2024-02-06T18:00:00,BACKGROUND_NORMAL,filler
TRANSACTIONSUSERGROWTH1000000867,ACU00067,225.82,2024-02-08T12:00:00,Credit,Charlotte,Branch,46,Student,1,3608.44,2024-02-08T04:00:00,BACKGROUND_NORMAL,filler
TRANSACTIONSUSERGROWTH1000000879,ACU00079,530.75,2024-02-08T14:00:00,Debit,Fort Worth,Online,28,Student,1,8728.32,2024-02-08T00:00:00,BACKGROUND_NORMAL,filler
TRANSACTIONSUSERGROWTH1000000767,ACU00047,384.51,2024-02-08T16:00:00,Debit,Albuquerque,Online,48,Doctor,2,15000.87,2024-02-07T09:00:00,BACKGROUND_NORMAL,filler
TRANSACTIONSUSERGROWTH1000000877,ACU00077,56.01,2024-02-08T22:00:00,Debit,Tucson,ATM,19,Student,1,233.32,2024-02-07T01:00:00,BACKGROUND_NORMAL,filler
TRANSACTIONSUSERGROWTH1000000036,AC_GROWTH_100,219.84,2024-02-09T00:00:00,Debit,Charlotte,Online,40,Student,1,2035.23,2024-02-06T11:00:00,USER_HISTORY_GROWTH,AC_GROWTH_100
TRANSACTIONSUSERGROWTH1000000777,ACU00057,27.95,2024-02-09T00:00:00,Debit,Boston,Branch,40,Student,1,2010.73,2024-02-05T09:00:00,BACKGROUND_NORMAL,filler
TRANSACTIONSUSERGROWTH1000000011,AC_GROWTH_025,174.75,2024-02-09T02:00:00,Debit,Albuquerque,Branch,55,Engineer,1,2624.11,2024-02-08T03:00:00,USER_HISTORY_GROWTH,AC_GROWTH_025
TRANSACTIONSUSERGROWTH1000000756,ACU00036,5.00,2024-02-09T05:00:00,Debit,Oklahoma City,ATM,51,Student,2,3902.36,2024-02-07T09:00:00,BACKGROUND_NORMAL,filler
TRANSACTIONSUSERGROWTH1000000803,ACU00003,594.77,2024-02-09T07:00:00,Debit,Fresno,ATM,45,Doctor,1,9208.88,2024-02-07T19:00:00,BACKGROUND_NORMAL,filler
TRANSACTIONSUSERGROWTH1000000735,ACU00015,138.08,2024-02-09T08:00:00,Debit,Tucson,Branch,56,Doctor,1,7528.13,2024-02-08T09:00:00,BACKGROUND_NORMAL,filler
TRANSACTIONSUSERGROWTH1000000683,ACU00043,118.36,2024-02-09T09:00:00,Debit,Houston,Online,44,Student,1,2649.29,,BACKGROUND_NORMAL,filler
TRANSACTIONSUSERGROWTH1000000694,ACU00054,179.84,2024-02-09T09:00:00,Debit,Miami,Branch,45,Doctor,1,5797.92,,BACKGROUND_NORMAL,filler
TRANSACTIONSUSERGROWTH1000000705,ACU00065,145.71,2024-02-09T09:00:00,Debit,Indianapolis,Online,38,Engineer,2,10241.58,,BACKGROUND_NORMAL,filler
TRANSACTIONSUSERGROWTH1000000939,ACU00059,82.15,2024-02-09T11:00:00,Debit,San Francisco,Branch,45,Retired,1,3508.62,2024-02-06T18:00:00,BACKGROUND_NORMAL,filler
TRANSACTIONSUSERGROWTH1000000798,ACU00078,202.86,2024-02-09T12:00:00,Debit,New York,Branch,50,Retired,1,4328.42,2024-02-06T13:00:00,BACKGROUND_NORMAL,filler
TRANSACTIONSUSERGROWTH1000000947,ACU00067,80.16,2024-02-09T12:00:00,Debit,Phoenix,Online,46,Student,1,8008.72,2024-02-08T12:00:00,BACKGROUND_NORMAL,filler
TRANSACTIONSUSERGROWTH1000000847,ACU00047,406.40,2024-02-09T14:00:00,Debit,San Antonio,Online,48,Doctor,1,13384.47,2024-02-08T16:00:00,BACKGROUND_NORMAL,filler
TRANSACTIONSUSERGROWTH1000000815,ACU00015,33.75,2024-02-09T17:00:00,Debit,Raleigh,Branch,56,Doctor,3,6043.53,2024-02-09T08:00:00,BACKGROUND_NORMAL,filler
TRANSACTIONSUSERGROWTH1000000891,ACU00011,5.00,2024-02-09T17:00:00,Debit,Fresno,Branch,44,Retired,1,3447.85,2024-02-08T12:00:00,BACKGROUND_NORMAL,filler
TRANSACTIONSUSERGROWTH1000000134,AC_GROWTH_500,250.24,2024-02-09T18:00:00,Debit,Baltimore,Branch,58,Engineer,2,12452.17,2024-02-07T02:00:00,USER_HISTORY_GROWTH,AC_GROWTH_500
TRANSACTIONSUSERGROWTH1000000012,AC_GROWTH_025,209.95,2024-02-09T19:00:00,Debit,Albuquerque,Branch,55,Engineer,1,1118.55,2024-02-09T02:00:00,USER_HISTORY_GROWTH,AC_GROWTH_025
TRANSACTIONSUSERGROWTH1000000883,ACU00003,356.40,2024-02-09T21:00:00,Credit,Oklahoma City,Online,45,Doctor,1,3458.95,2024-02-09T07:00:00,BACKGROUND_NORMAL,filler
TRANSACTIONSUSERGROWTH1000000801,ACU00001,369.17,2024-02-09T22:00:00,Debit,Houston,Online,28,Student,1,2097.54,2024-02-07T10:00:00,BACKGROUND_NORMAL,filler
TRANSACTIONSUSERGROWTH1000000774,ACU00054,5.00,2024-02-10T03:00:00,Debit,Fresno,ATM,45,Doctor,1,5216.96,2024-02-09T09:00:00,BACKGROUND_NORMAL,filler
TRANSACTIONSUSERGROWTH1000000878,ACU00078,117.77,2024-02-10T05:00:00,Credit,New York,Branch,50,Retired,1,7887.41,2024-02-09T12:00:00,BACKGROUND_NORMAL,filler
TRANSACTIONSUSERGROWTH1000000785,ACU00065,56.63,2024-02-10T06:00:00,Debit,Jacksonville,Online,38,Engineer,1,8664.96,2024-02-09T09:00:00,BACKGROUND_NORMAL,filler
TRANSACTIONSUSERGROWTH1000000632,ACU00072,271.33,2024-02-10T09:00:00,Credit,Jacksonville,Branch,41,Student,1,4112.99,,BACKGROUND_NORMAL,filler
TRANSACTIONSUSERGROWTH1000000645,ACU00005,799.53,2024-02-10T09:00:00,Debit,Tucson,Branch,59,Retired,1,2890.83,,BACKGROUND_NORMAL,filler
TRANSACTIONSUSERGROWTH1000000647,ACU00007,5.00,2024-02-10T09:00:00,Debit,San Francisco,Online,52,Engineer,1,9126.19,,BACKGROUND_NORMAL,filler
TRANSACTIONSUSERGROWTH1000000674,ACU00034,5.00,2024-02-10T09:00:00,Debit,San Francisco,Branch,36,Student,1,12162.80,,BACKGROUND_NORMAL,filler
TRANSACTIONSUSERGROWTH1000000695,ACU00055,411.56,2024-02-10T09:00:00,Debit,Oklahoma City,ATM,59,Retired,1,1864.85,,BACKGROUND_NORMAL,filler
TRANSACTIONSUSERGROWTH1000000842,ACU00042,601.26,2024-02-10T10:00:00,Debit,Atlanta,ATM,43,Doctor,1,4207.20,2024-02-08T06:00:00,BACKGROUND_NORMAL,filler
TRANSACTIONSUSERGROWTH1000000037,AC_GROWTH_100,234.30,2024-02-10T12:00:00,Debit,Fort Worth,ATM,40,Student,1,2516.58,2024-02-09T00:00:00,USER_HISTORY_GROWTH,AC_GROWTH_100
TRANSACTIONSUSERGROWTH1000000881,ACU00001,1159.90,2024-02-10T15:00:00,Credit,Baltimore,Online,28,Student,3,1335.66,2024-02-09T22:00:00,BACKGROUND_NORMAL,filler
TRANSACTIONSUSERGROWTH1000000894,ACU00014,5.00,2024-02-10T21:00:00,Credit,Columbus,Online,29,Student,2,3016.29,2024-02-08T03:00:00,BACKGROUND_NORMAL,filler
TRANSACTIONSUSERGROWTH1000000720,ACU00080,5.00,2024-02-10T22:00:00,Debit,Las Vegas,Online,60,Doctor,1,9857.68,2024-02-08T09:00:00,BACKGROUND_NORMAL,filler
TRANSACTIONSUSERGROWTH1000000727,ACU00007,120.20,2024-02-10T22:00:00,Debit,San Francisco,Online,52,Engineer,1,9248.66,2024-02-10T09:00:00,BACKGROUND_NORMAL,filler
TRANSACTIONSUSERGROWTH1000000925,ACU00045,5.00,2024-02-10T22:00:00,Debit,Fort Worth,Online,44,Student,1,4665.21,2024-02-07T21:00:00,BACKGROUND_NORMAL,filler
TRANSACTIONSUSERGROWTH1000000959,ACU00079,5.00,2024-02-11T01:00:00,Debit,Fort Worth,Online,28,Student,1,8611.71,2024-02-08T14:00:00,BACKGROUND_NORMAL,filler
TRANSACTIONSUSERGROWTH1000000963,ACU00003,5.00,2024-02-11T04:00:00,Credit,Oklahoma City,Online,45,Doctor,1,6136.58,2024-02-09T21:00:00,BACKGROUND_NORMAL,filler
TRANSACTIONSUSERGROWTH1000000013,AC_GROWTH_025,210.62,2024-02-11T05:00:00,Debit,San Jose,Branch,55,Engineer,1,1844.88,2024-02-09T19:00:00,USER_HISTORY_GROWTH,AC_GROWTH_025
TRANSACTIONSUSERGROWTH1000000971,ACU00011,273.92,2024-02-11T05:00:00,Debit,Fresno,ATM,44,Retired,1,3724.80,2024-02-09T17:00:00,BACKGROUND_NORMAL,filler
TRANSACTIONSUSERGROWTH1000000865,ACU00065,5.00,2024-02-11T08:00:00,Credit,Indianapolis,ATM,38,Engineer,1,5899.31,2024-02-10T06:00:00,BACKGROUND_NORMAL,filler
TRANSACTIONSUSERGROWTH1000000670,ACU00030,298.16,2024-02-11T09:00:00,Debit,Atlanta,Branch,51,Retired,1,4413.30,,BACKGROUND_NORMAL,filler
TRANSACTIONSUSERGROWTH1000000672,ACU00032,276.59,2024-02-11T09:00:00,Debit,Mesa,Branch,25,Student,1,481.91,,BACKGROUND_NORMAL,filler
TRANSACTIONSUSERGROWTH1000000692,ACU00052,93.42,2024-02-11T09:00:00,Credit,Houston,Online,51,Engineer,1,10310.99,,BACKGROUND_NORMAL,filler
TRANSACTIONSUSERGROWTH1000000709,ACU00069,87.66,2024-02-11T09:00:00,Debit,Houston,Branch,53,Student,1,4702.05,,BACKGROUND_NORMAL,filler
TRANSACTIONSUSERGROWTH1000000769,ACU00049,75.54,2024-02-11T09:00:00,Debit,Oklahoma City,Online,48,Doctor,1,10675.70,2024-02-08T09:00:00,BACKGROUND_NORMAL,filler
TRANSACTIONSUSERGROWTH1000000763,ACU00043,35.82,2024-02-11T15:00:00,Credit,Fresno,Branch,44,Student,1,4137.53,2024-02-09T09:00:00,BACKGROUND_NORMAL,filler
TRANSACTIONSUSERGROWTH1000000957,ACU00077,69.49,2024-02-11T22:00:00,Debit,Tucson,ATM,19,Student,1,372.38,2024-02-08T22:00:00,BACKGROUND_NORMAL,filler
TRANSACTIONSUSERGROWTH1000000836,ACU00036,5.00,2024-02-11T23:00:00,Debit,Oklahoma City,Branch,51,Student,1,3314.95,2024-02-09T05:00:00,BACKGROUND_NORMAL,filler
TRANSACTIONSUSERGROWTH1000000038,AC_GROWTH_100,418.43,2024-02-12T05:00:00,Credit,Nashville,ATM,40,Student,1,3192.05,2024-02-10T12:00:00,USER_HISTORY_GROWTH,AC_GROWTH_100
TRANSACTIONSUSERGROWTH1000000712,ACU00072,439.70,2024-02-12T07:00:00,Debit,Mesa,ATM,41,Student,1,3083.62,2024-02-10T09:00:00,BACKGROUND_NORMAL,filler
TRANSACTIONSUSERGROWTH1000000927,ACU00047,290.49,2024-02-12T08:00:00,Debit,San Antonio,Online,48,Doctor,1,12059.08,2024-02-09T14:00:00,BACKGROUND_NORMAL,filler
TRANSACTIONSUSERGROWTH1000000657,ACU00017,5.00,2024-02-12T09:00:00,Debit,Boston,Branch,38,Student,1,3094.82,,BACKGROUND_NORMAL,filler
TRANSACTIONSUSERGROWTH1000000661,ACU00021,367.04,2024-02-12T09:00:00,Credit,Kansas City,Branch,44,Student,1,4370.56,,BACKGROUND_NORMAL,filler
TRANSACTIONSUSERGROWTH1000000691,ACU00051,5.00,2024-02-12T09:00:00,Debit,San Diego,ATM,22,Student,1,1271.61,,BACKGROUND_NORMAL,filler
TRANSACTIONSUSERGROWTH1000000701,ACU00061,547.64,2024-02-12T09:00:00,Credit,Phoenix,ATM,41,Student,1,3517.95,,BACKGROUND_NORMAL,filler
TRANSACTIONSUSERGROWTH1000000807,ACU00007,470.09,2024-02-12T10:00:00,Debit,Boston,Online,52,Engineer,1,7263.44,2024-02-10T22:00:00,BACKGROUND_NORMAL,filler
TRANSACTIONSUSERGROWTH1000000922,ACU00042,136.26,2024-02-12T10:00:00,Debit,San Francisco,ATM,43,Doctor,1,3578.94,2024-02-10T10:00:00,BACKGROUND_NORMAL,filler
TRANSACTIONSUSERGROWTH1000000752,ACU00032,392.14,2024-02-12T11:00:00,Debit,Columbus,Online,25,Student,1,1860.70,2024-02-11T09:00:00,BACKGROUND_NORMAL,filler
TRANSACTIONSUSERGROWTH1000000800,ACU00080,331.37,2024-02-12T12:00:00,Debit,Fort Worth,Branch,60,Doctor,1,4692.73,2024-02-10T22:00:00,BACKGROUND_NORMAL,filler
TRANSACTIONSUSERGROWTH1000000135,AC_GROWTH_500,571.31,2024-02-12T13:00:00,Debit,Baltimore,ATM,58,Engineer,1,8503.00,2024-02-09T18:00:00,USER_HISTORY_GROWTH,AC_GROWTH_500
TRANSACTIONSUSERGROWTH1000000857,ACU00057,525.42,2024-02-12T13:00:00,Credit,Mesa,Branch,40,Student,1,3863.82,2024-02-09T00:00:00,BACKGROUND_NORMAL,filler
TRANSACTIONSUSERGROWTH1000000014,AC_GROWTH_025,35.63,2024-02-12T14:00:00,Debit,Albuquerque,ATM,55,Engineer,1,1900.15,2024-02-11T05:00:00,USER_HISTORY_GROWTH,AC_GROWTH_025
TRANSACTIONSUSERGROWTH1000000843,ACU00043,16.47,2024-02-12T17:00:00,Debit,Oklahoma City,Branch,44,Student,2,2929.97,2024-02-11T15:00:00,BACKGROUND_NORMAL,filler
TRANSACTIONSUSERGROWTH1000000789,ACU00069,367.86,2024-02-12T18:00:00,Credit,San Francisco,Online,53,Student,1,5467.66,2024-02-11T09:00:00,BACKGROUND_NORMAL,filler
TRANSACTIONSUSERGROWTH1000000772,ACU00052,71.93,2024-02-12T21:00:00,Credit,Houston,Online,51,Engineer,2,13577.96,2024-02-11T09:00:00,BACKGROUND_NORMAL,filler
TRANSACTIONSUSERGROWTH1000000937,ACU00057,30.30,2024-02-12T21:00:00,Debit,Boston,ATM,40,Student,2,2376.20,2024-02-12T13:00:00,BACKGROUND_NORMAL,filler
TRANSACTIONSUSERGROWTH1000000854,ACU00054,200.12,2024-02-13T06:00:00,Debit,San Francisco,ATM,45,Doctor,1,6160.55,2024-02-10T03:00:00,BACKGROUND_NORMAL,filler
TRANSACTIONSUSERGROWTH1000000775,ACU00055,364.75,2024-02-13T10:00:00,Credit,Oklahoma City,Branch,59,Retired,2,3042.86,2024-02-10T09:00:00,BACKGROUND_NORMAL,filler
TRANSACTIONSUSERGROWTH1000000958,ACU00078,132.47,2024-02-13T10:00:00,Debit,New York,Online,50,Retired,1,4704.48,2024-02-10T05:00:00,BACKGROUND_NORMAL,filler
TRANSACTIONSUSERGROWTH1000000869,ACU00069,420.24,2024-02-13T17:00:00,Debit,Atlanta,ATM,53,Student,1,3833.19,2024-02-12T18:00:00,BACKGROUND_NORMAL,filler
TRANSACTIONSUSERGROWTH1000000895,ACU00015,212.27,2024-02-13T17:00:00,Debit,Tucson,ATM,56,Doctor,1,7057.65,2024-02-09T17:00:00,BACKGROUND_NORMAL,filler
TRANSACTIONSUSERGROWTH1000000923,ACU00043,5.00,2024-02-14T04:00:00,Debit,Houston,Branch,44,Student,1,3290.42,2024-02-12T17:00:00,BACKGROUND_NORMAL,filler
TRANSACTIONSUSERGROWTH1000000136,AC_GROWTH_500,307.90,2024-02-14T06:00:00,Debit,Baltimore,Branch,58,Engineer,1,8472.02,2024-02-12T13:00:00,USER_HISTORY_GROWTH,AC_GROWTH_500
TRANSACTIONSUSERGROWTH1000000852,ACU00052,106.18,2024-02-14T06:00:00,Credit,Houston,ATM,51,Engineer,1,10873.30,2024-02-12T21:00:00,BACKGROUND_NORMAL,filler
TRANSACTIONSUSERGROWTH1000000725,ACU00005,5.00,2024-02-14T07:00:00,Credit,Tucson,ATM,59,Retired,1,2891.84,2024-02-10T09:00:00,BACKGROUND_NORMAL,filler
TRANSACTIONSUSERGROWTH1000000754,ACU00034,5.00,2024-02-14T07:00:00,Credit,San Francisco,Branch,36,Student,3,7381.49,2024-02-10T09:00:00,BACKGROUND_NORMAL,filler
TRANSACTIONSUSERGROWTH1000000974,ACU00014,5.00,2024-02-14T08:00:00,Debit,Detroit,Online,29,Student,1,6125.50,2024-02-10T21:00:00,BACKGROUND_NORMAL,filler
TRANSACTIONSUSERGROWTH1000000677,ACU00037,187.36,2024-02-14T09:00:00,Debit,Los Angeles,ATM,33,Engineer,1,2905.13,,BACKGROUND_NORMAL,filler
TRANSACTIONSUSERGROWTH1000000688,ACU00048,687.30,2024-02-14T09:00:00,Debit,Omaha,ATM,52,Retired,1,2483.20,,BACKGROUND_NORMAL,filler
TRANSACTIONSUSERGROWTH1000000698,ACU00058,283.39,2024-02-14T09:00:00,Debit,Tucson,ATM,41,Student,1,3105.09,,BACKGROUND_NORMAL,filler
TRANSACTIONSUSERGROWTH1000000771,ACU00051,491.19,2024-02-14T09:00:00,Debit,Denver,ATM,22,Student,2,1029.43,2024-02-12T09:00:00,BACKGROUND_NORMAL,filler
TRANSACTIONSUSERGROWTH1000000887,ACU00007,5.00,2024-02-14T09:00:00,Debit,Boston,Online,52,Engineer,1,7207.88,2024-02-12T10:00:00,BACKGROUND_NORMAL,filler
TRANSACTIONSUSERGROWTH1000000961,ACU00001,476.58,2024-02-14T10:00:00,Credit,Baltimore,Branch,28,Student,1,1751.71,2024-02-10T15:00:00,BACKGROUND_NORMAL,filler
TRANSACTIONSUSERGROWTH1000000750,ACU00030,5.00,2024-02-14T11:00:00,Debit,Columbus,Online,51,Retired,1,8990.07,2024-02-11T09:00:00,BACKGROUND_NORMAL,filler
TRANSACTIONSUSERGROWTH1000000741,ACU00021,178.25,2024-02-14T14:00:00,Credit,Louisville,ATM,44,Student,1,4290.31,2024-02-12T09:00:00,BACKGROUND_NORMAL,filler
TRANSACTIONSUSERGROWTH1000000916,ACU00036,839.19,2024-02-14T15:00:00,Credit,San Francisco,Branch,51,Student,1,4682.64,2024-02-11T23:00:00,BACKGROUND_NORMAL,filler
TRANSACTIONSUSERGROWTH1000000832,ACU00032,709.32,2024-02-14T17:00:00,Debit,Mesa,Branch,25,Student,1,2286.40,2024-02-12T11:00:00,BACKGROUND_NORMAL,filler
TRANSACTIONSUSERGROWTH1000000967,ACU00007,5.00,2024-02-14T20:00:00,Debit,Boston,Online,52,Engineer,1,8062.37,2024-02-14T09:00:00,BACKGROUND_NORMAL,filler
TRANSACTIONSUSERGROWTH1000000039,AC_GROWTH_100,5.00,2024-02-14T22:00:00,Credit,Fresno,Online,40,Student,1,2461.96,2024-02-12T05:00:00,USER_HISTORY_GROWTH,AC_GROWTH_100
TRANSACTIONSUSERGROWTH1000000781,ACU00061,209.16,2024-02-15T00:00:00,Debit,Omaha,Online,41,Student,1,6352.83,2024-02-12T09:00:00,BACKGROUND_NORMAL,filler
TRANSACTIONSUSERGROWTH1000000015,AC_GROWTH_025,160.00,2024-02-15T01:00:00,Debit,Albuquerque,ATM,55,Engineer,1,2189.30,2024-02-12T14:00:00,USER_HISTORY_GROWTH,AC_GROWTH_025
TRANSACTIONSUSERGROWTH1000000821,ACU00021,582.16,2024-02-15T02:00:00,Debit,Kansas City,Online,44,Student,1,3983.34,2024-02-14T14:00:00,BACKGROUND_NORMAL,filler
TRANSACTIONSUSERGROWTH1000000932,ACU00052,61.47,2024-02-15T02:00:00,Credit,Houston,Online,51,Engineer,1,8660.11,2024-02-14T06:00:00,BACKGROUND_NORMAL,filler
TRANSACTIONSUSERGROWTH1000000880,ACU00080,1025.74,2024-02-15T03:00:00,Debit,Dallas,Online,60,Doctor,1,9795.79,2024-02-12T12:00:00,BACKGROUND_NORMAL,filler
TRANSACTIONSUSERGROWTH1000000849,ACU00049,5.00,2024-02-15T04:00:00,Debit,Oklahoma City,Online,48,Doctor,2,8226.47,2024-02-11T09:00:00,BACKGROUND_NORMAL,filler
TRANSACTIONSUSERGROWTH1000000768,ACU00048,658.74,2024-02-15T05:00:00,Debit,Los Angeles,ATM,52,Retired,1,7414.57,2024-02-14T09:00:00,BACKGROUND_NORMAL,filler
TRANSACTIONSUSERGROWTH1000000945,ACU00065,187.88,2024-02-15T05:00:00,Debit,Jacksonville,Online,38,Engineer,3,8887.54,2024-02-11T08:00:00,BACKGROUND_NORMAL,filler
TRANSACTIONSUSERGROWTH1000000912,ACU00032,318.65,2024-02-15T07:00:00,Debit,Columbus,Branch,25,Student,1,1932.83,2024-02-14T17:00:00,BACKGROUND_NORMAL,filler
TRANSACTIONSUSERGROWTH1000000708,ACU00068,214.53,2024-02-15T09:00:00,Debit,Denver,ATM,48,Retired,1,3693.05,,BACKGROUND_NORMAL,filler
TRANSACTIONSUSERGROWTH1000000834,ACU00034,806.97,2024-02-15T15:00:00,Debit,San Francisco,ATM,36,Student,1,4938.94,2024-02-14T07:00:00,BACKGROUND_NORMAL,filler
TRANSACTIONSUSERGROWTH1000000792,ACU00072,1815.30,2024-02-15T17:00:00,Debit,Mesa,Branch,41,Student,1,4533.39,2024-02-12T07:00:00,BACKGROUND_NORMAL,filler
TRANSACTIONSUSERGROWTH1000000778,ACU00058,236.24,2024-02-15T20:00:00,Debit,Colorado Springs,Branch,41,Student,1,2152.19,2024-02-14T09:00:00,BACKGROUND_NORMAL,filler
TRANSACTIONSUSERGROWTH1000000960,ACU00080,842.89,2024-02-15T23:00:00,Credit,Boston,Online,60,Doctor,1,10358.21,2024-02-15T03:00:00,BACKGROUND_NORMAL,filler
TRANSACTIONSUSERGROWTH1000000788,ACU00068,160.59,2024-02-16T01:00:00,Debit,Kansas City,Online,48,Retired,1,3929.14,2024-02-15T09:00:00,BACKGROUND_NORMAL,filler
TRANSACTIONSUSERGROWTH1000000934,ACU00054,126.14,2024-02-16T01:00:00,Debit,Miami,ATM,45,Doctor,2,5498.09,2024-02-13T06:00:00,BACKGROUND_NORMAL,filler
TRANSACTIONSUSERGROWTH1000000646,ACU00006,5.00,2024-02-16T09:00:00,Debit,Colorado Springs,Branch,50,Doctor,1,7462.54,,BACKGROUND_NORMAL,filler
TRANSACTIONSUSERGROWTH1000000653,ACU00013,220.17,2024-02-16T09:00:00,Credit,Milwaukee,Online,48,Student,1,5716.35,,BACKGROUND_NORMAL,filler
TRANSACTIONSUSERGROWTH1000000660,ACU00020,232.16,2024-02-16T09:00:00,Debit,Louisville,ATM,46,Retired,1,5446.13,,BACKGROUND_NORMAL,filler
TRANSACTIONSUSERGROWTH1000000666,ACU00026,61.12,2024-02-16T09:00:00,Credit,Austin,Branch,42,Engineer,3,3010.85,,BACKGROUND_NORMAL,filler
TRANSACTIONSUSERGROWTH1000000737,ACU00017,554.24,2024-02-16T09:00:00,Credit,Boston,Branch,38,Student,1,4376.66,2024-02-12T09:00:00,BACKGROUND_NORMAL,filler
TRANSACTIONSUSERGROWTH1000000868,ACU00068,8.87,2024-02-16T10:00:00,Debit,San Antonio,Online,48,Retired,1,5194.18,2024-02-16T01:00:00,BACKGROUND_NORMAL,filler
TRANSACTIONSUSERGROWTH1000000996,ACU00036,1302.99,2024-02-16T11:00:00,Credit,Oklahoma City,Branch,51,Student,1,4437.89,2024-02-14T15:00:00,BACKGROUND_NORMAL,filler
TRANSACTIONSUSERGROWTH1000000040,AC_GROWTH_100,382.24,2024-02-16T12:00:00,Credit,Fresno,Online,40,Student,1,2737.06,2024-02-14T22:00:00,USER_HISTORY_GROWTH,AC_GROWTH_100
TRANSACTIONSUSERGROWTH1000000929,ACU00049,89.94,2024-02-16T16:00:00,Credit,Philadelphia,Branch,48,Doctor,1,10322.71,2024-02-15T04:00:00,BACKGROUND_NORMAL,filler
TRANSACTIONSUSERGROWTH1000000949,ACU00069,392.18,2024-02-16T23:00:00,Credit,San Antonio,Online,53,Student,1,5118.65,2024-02-13T17:00:00,BACKGROUND_NORMAL,filler
TRANSACTIONSUSERGROWTH1000000137,AC_GROWTH_500,140.37,2024-02-17T00:00:00,Credit,Baltimore,Branch,58,Engineer,1,7784.12,2024-02-14T06:00:00,USER_HISTORY_GROWTH,AC_GROWTH_500
TRANSACTIONSUSERGROWTH1000000851,ACU00051,640.21,2024-02-17T00:00:00,Debit,Denver,ATM,22,Student,1,1272.69,2024-02-14T09:00:00,BACKGROUND_NORMAL,filler
TRANSACTIONSUSERGROWTH1000000016,AC_GROWTH_025,105.80,2024-02-17T02:00:00,Debit,San Jose,ATM,55,Engineer,2,2039.62,2024-02-15T01:00:00,USER_HISTORY_GROWTH,AC_GROWTH_025
TRANSACTIONSUSERGROWTH1000000901,ACU00021,368.32,2024-02-17T03:00:00,Credit,San Francisco,ATM,44,Student,1,3148.88,2024-02-15T02:00:00,BACKGROUND_NORMAL,filler
TRANSACTIONSUSERGROWTH1000000740,ACU00020,420.37,2024-02-17T08:00:00,Debit,Baltimore,Branch,46,Retired,1,4736.54,2024-02-16T09:00:00,BACKGROUND_NORMAL,filler
TRANSACTIONSUSERGROWTH1000000855,ACU00055,264.45,2024-02-17T08:00:00,Debit,Oklahoma City,Branch,59,Retired,1,3374.15,2024-02-13T10:00:00,BACKGROUND_NORMAL,filler
TRANSACTIONSUSERGROWTH1000000635,ACU00075,5.00,2024-02-17T09:00:00,Debit,Raleigh,ATM,44,Student,1,3227.84,,BACKGROUND_NORMAL,filler
TRANSACTIONSUSERGROWTH1000000636,ACU00076,48.60,2024-02-17T09:00:00,Debit,Indianapolis,ATM,31,Student,1,4566.17,,BACKGROUND_NORMAL,filler
TRANSACTIONSUSERGROWTH1000000648,ACU00008,446.80,2024-02-17T09:00:00,Credit,Louisville,Branch,47,Engineer,2,3679.00,,BACKGROUND_NORMAL,filler
TRANSACTIONSUSERGROWTH1000000690,ACU00050,369.64,2024-02-17T09:00:00,Debit,Seattle,ATM,54,Retired,1,5095.27,,BACKGROUND_NORMAL,filler
TRANSACTIONSUSERGROWTH1000000848,ACU00048,550.90,2024-02-17T15:00:00,Debit,Omaha,ATM,52,Retired,1,4329.57,2024-02-15T05:00:00,BACKGROUND_NORMAL,filler
TRANSACTIONSUSERGROWTH1000000805,ACU00005,100.12,2024-02-17T16:00:00,Credit,Tucson,Branch,59,Retired,1,2983.58,2024-02-14T07:00:00,BACKGROUND_NORMAL,filler
TRANSACTIONSUSERGROWTH1000000872,ACU00072,314.50,2024-02-17T16:00:00,Credit,Indianapolis,Branch,41,Student,1,3287.38,2024-02-15T17:00:00,BACKGROUND_NORMAL,filler
TRANSACTIONSUSERGROWTH1000000975,ACU00015,418.08,2024-02-17T16:00:00,Debit,Tucson,ATM,56,Doctor,1,5023.90,2024-02-13T17:00:00,BACKGROUND_NORMAL,filler
TRANSACTIONSUSERGROWTH1000000757,ACU00037,5.00,2024-02-17T22:00:00,Debit,Los Angeles,Branch,33,Engineer,1,6121.22,2024-02-14T09:00:00,BACKGROUND_NORMAL,filler
TRANSACTIONSUSERGROWTH1000000820,ACU00020,5.00,2024-02-17T22:00:00,Debit,Indianapolis,ATM,46,Retired,1,5581.24,2024-02-17T08:00:00,BACKGROUND_NORMAL,filler
TRANSACTIONSUSERGROWTH1000000981,ACU00021,5.00,2024-02-18T01:00:00,Debit,Jacksonville,Online,44,Student,1,5815.63,2024-02-17T03:00:00,BACKGROUND_NORMAL,filler
TRANSACTIONSUSERGROWTH1000000952,ACU00072,375.41,2024-02-18T04:00:00,Credit,Jacksonville,ATM,41,Student,2,4173.38,2024-02-17T16:00:00,BACKGROUND_NORMAL,filler
TRANSACTIONSUSERGROWTH1000000830,ACU00030,1078.49,2024-02-18T06:00:00,Debit,Columbus,ATM,51,Retired,2,6733.07,2024-02-14T11:00:00,BACKGROUND_NORMAL,filler
TRANSACTIONSUSERGROWTH1000000992,ACU00032,25.61,2024-02-18T07:00:00,Debit,Columbus,Branch,25,Student,1,527.87,2024-02-15T07:00:00,BACKGROUND_NORMAL,filler
TRANSACTIONSUSERGROWTH1000000652,ACU00012,73.76,2024-02-18T09:00:00,Debit,Charlotte,Branch,62,Engineer,1,5756.18,,BACKGROUND_NORMAL,filler
TRANSACTIONSUSERGROWTH1000000664,ACU00024,5.00,2024-02-18T09:00:00,Debit,Colorado Springs,Branch,46,Engineer,1,3574.25,,BACKGROUND_NORMAL,filler
TRANSACTIONSUSERGROWTH1000000704,ACU00064,451.45,2024-02-18T09:00:00,Debit,Las Vegas,ATM,49,Doctor,1,6470.70,,BACKGROUND_NORMAL,filler
TRANSACTIONSUSERGROWTH1000000837,ACU00037,190.67,2024-02-18T13:00:00,Debit,Los Angeles,Branch,33,Engineer,1,7581.31,2024-02-17T22:00:00,BACKGROUND_NORMAL,filler
TRANSACTIONSUSERGROWTH1000000861,ACU00061,276.59,2024-02-18T13:00:00,Debit,Omaha,ATM,41,Student,1,4678.59,2024-02-15T00:00:00,BACKGROUND_NORMAL,filler
TRANSACTIONSUSERGROWTH1000000948,ACU00068,193.65,2024-02-18T13:00:00,Credit,Kansas City,Online,48,Retired,1,3490.31,2024-02-16T10:00:00,BACKGROUND_NORMAL,filler
TRANSACTIONSUSERGROWTH1000000935,ACU00055,529.86,2024-02-18T17:00:00,Debit,Miami,Branch,59,Retired,1,3479.38,2024-02-17T08:00:00,BACKGROUND_NORMAL,filler
TRANSACTIONSUSERGROWTH1000000138,AC_GROWTH_500,160.60,2024-02-18T19:00:00,Debit,San Jose,ATM,58,Engineer,2,5591.42,2024-02-17T00:00:00,USER_HISTORY_GROWTH,AC_GROWTH_500
TRANSACTIONSUSERGROWTH1000000017,AC_GROWTH_025,167.46,2024-02-19T01:00:00,Debit,San Jose,ATM,55,Engineer,1,1506.66,2024-02-17T02:00:00,USER_HISTORY_GROWTH,AC_GROWTH_025
TRANSACTIONSUSERGROWTH1000000914,ACU00034,527.86,2024-02-19T01:00:00,Debit,Sacramento,Online,36,Student,1,7049.71,2024-02-15T15:00:00,BACKGROUND_NORMAL,filler
TRANSACTIONSUSERGROWTH1000000726,ACU00006,322.11,2024-02-19T02:00:00,Credit,Colorado Springs,ATM,50,Doctor,3,10248.33,2024-02-16T09:00:00,BACKGROUND_NORMAL,filler
TRANSACTIONSUSERGROWTH1000000041,AC_GROWTH_100,5.00,2024-02-19T03:00:00,Credit,Fort Worth,ATM,40,Student,1,2979.40,2024-02-16T12:00:00,USER_HISTORY_GROWTH,AC_GROWTH_100
TRANSACTIONSUSERGROWTH1000000885,ACU00005,418.71,2024-02-19T06:00:00,Credit,Oklahoma City,ATM,59,Retired,1,2274.89,2024-02-17T16:00:00,BACKGROUND_NORMAL,filler
TRANSACTIONSUSERGROWTH1000000665,ACU00025,269.99,2024-02-19T09:00:00,Debit,New York,Branch,37,Student,1,2305.17,,BACKGROUND_NORMAL,filler
TRANSACTIONSUSERGROWTH1000000679,ACU00039,194.11,2024-02-19T09:00:00,Debit,Oklahoma City,Branch,38,Student,1,3950.52,,BACKGROUND_NORMAL,filler
TRANSACTIONSUSERGROWTH1000000733,ACU00013,116.56,2024-02-19T13:00:00,Debit,Omaha,Branch,48,Student,1,7818.91,2024-02-16T09:00:00,BACKGROUND_NORMAL,filler
TRANSACTIONSUSERGROWTH1000000715,ACU00075,669.27,2024-02-19T15:00:00,Debit,Raleigh,Branch,44,Student,1,1823.69,2024-02-17T09:00:00,BACKGROUND_NORMAL,filler
TRANSACTIONSUSERGROWTH1000000858,ACU00058,304.08,2024-02-19T18:00:00,Debit,Tucson,Branch,41,Student,3,2321.18,2024-02-15T20:00:00,BACKGROUND_NORMAL,filler
TRANSACTIONSUSERGROWTH1000000746,ACU00026,375.15,2024-02-19T19:00:00,Debit,Detroit,Branch,42,Engineer,1,4950.80,2024-02-16T09:00:00,BACKGROUND_NORMAL,filler
TRANSACTIONSUSERGROWTH1000000716,ACU00076,5.00,2024-02-19T22:00:00,Debit,Indianapolis,ATM,31,Student,1,3447.29,2024-02-17T09:00:00,BACKGROUND_NORMAL,filler
TRANSACTIONSUSERGROWTH1000000826,ACU00026,23.04,2024-02-20T05:00:00,Debit,Miami,Online,42,Engineer,1,1276.49,2024-02-19T19:00:00,BACKGROUND_NORMAL,filler
TRANSACTIONSUSERGROWTH1000000042,AC_GROWTH_100,99.54,2024-02-20T09:00:00,Credit,Detroit,Online,40,Student,1,2310.09,2024-02-19T03:00:00,USER_HISTORY_GROWTH,AC_GROWTH_100
TRANSACTIONSUSERGROWTH1000000659,ACU00019,19.75,2024-02-20T09:00:00,Credit,Memphis,ATM,31,Student,1,4155.10,,BACKGROUND_NORMAL,filler
TRANSACTIONSUSERGROWTH1000000681,ACU00041,179.22,2024-02-20T09:00:00,Debit,Oklahoma City,ATM,66,Retired,1,5369.00,,BACKGROUND_NORMAL,filler
TRANSACTIONSUSERGROWTH1000000817,ACU00017,57.34,2024-02-20T09:00:00,Debit,Portland,ATM,38,Student,1,5027.35,2024-02-16T09:00:00,BACKGROUND_NORMAL,filler
TRANSACTIONSUSERGROWTH1000000744,ACU00024,5.00,2024-02-20T10:00:00,Debit,Louisville,ATM,46,Engineer,2,3451.73,2024-02-18T09:00:00,BACKGROUND_NORMAL,filler
TRANSACTIONSUSERGROWTH1000000770,ACU00050,300.09,2024-02-20T11:00:00,Debit,Houston,Online,54,Retired,1,5508.32,2024-02-17T09:00:00,BACKGROUND_NORMAL,filler
TRANSACTIONSUSERGROWTH1000000928,ACU00048,334.01,2024-02-20T13:00:00,Debit,Los Angeles,Branch,52,Retired,1,7104.49,2024-02-17T15:00:00,BACKGROUND_NORMAL,filler
TRANSACTIONSUSERGROWTH1000000931,ACU00051,652.00,2024-02-20T14:00:00,Debit,Denver,ATM,22,Student,2,1129.16,2024-02-17T00:00:00,BACKGROUND_NORMAL,filler
TRANSACTIONSUSERGROWTH1000000759,ACU00039,313.01,2024-02-20T15:00:00,Debit,Las Vegas,Online,38,Student,1,4960.55,2024-02-19T09:00:00,BACKGROUND_NORMAL,filler
TRANSACTIONSUSERGROWTH1000000728,ACU00008,121.10,2024-02-20T16:00:00,Credit,Jacksonville,Online,47,Engineer,3,3958.43,2024-02-17T09:00:00,BACKGROUND_NORMAL,filler
TRANSACTIONSUSERGROWTH1000000018,AC_GROWTH_025,94.43,2024-02-20T18:00:00,Debit,San Jose,Branch,55,Engineer,1,2326.53,2024-02-19T01:00:00,USER_HISTORY_GROWTH,AC_GROWTH_025
TRANSACTIONSUSERGROWTH1000000806,ACU00006,470.89,2024-02-20T20:00:00,Credit,Colorado Springs,Branch,50,Doctor,1,6699.10,2024-02-19T02:00:00,BACKGROUND_NORMAL,filler
TRANSACTIONSUSERGROWTH1000000910,ACU00030,486.63,2024-02-21T01:00:00,Credit,Portland,Online,51,Retired,1,7468.62,2024-02-18T06:00:00,BACKGROUND_NORMAL,filler
TRANSACTIONSUSERGROWTH1000000897,ACU00017,466.72,2024-02-21T04:00:00,Debit,Virginia Beach,ATM,38,Student,1,4503.96,2024-02-20T09:00:00,BACKGROUND_NORMAL,filler
TRANSACTIONSUSERGROWTH1000000139,AC_GROWTH_500,305.66,2024-02-21T05:00:00,Debit,Baltimore,ATM,58,Engineer,3,10068.39,2024-02-18T19:00:00,USER_HISTORY_GROWTH,AC_GROWTH_500
TRANSACTIONSUSERGROWTH1000000938,ACU00058,186.18,2024-02-21T06:00:00,Debit,Las Vegas,ATM,41,Student,2,4140.70,2024-02-19T18:00:00,BACKGROUND_NORMAL,filler
TRANSACTIONSUSERGROWTH1000000839,ACU00039,428.28,2024-02-21T07:00:00,Debit,Nashville,Online,38,Student,1,4929.09,2024-02-20T15:00:00,BACKGROUND_NORMAL,filler
TRANSACTIONSUSERGROWTH1000000644,ACU00004,250.76,2024-02-21T09:00:00,Debit,Colorado Springs,ATM,43,Engineer,1,4993.87,,BACKGROUND_NORMAL,filler
TRANSACTIONSUSERGROWTH1000000656,ACU00016,88.13,2024-02-21T09:00:00,Credit,Baltimore,Online,38,Student,1,4031.54,,BACKGROUND_NORMAL,filler
TRANSACTIONSUSERGROWTH1000000706,ACU00066,806.47,2024-02-21T09:00:00,Debit,El Paso,Online,43,Doctor,1,5615.73,,BACKGROUND_NORMAL,filler
TRANSACTIONSUSERGROWTH1000000761,ACU00041,214.02,2024-02-21T11:00:00,Debit,Fort Worth,Branch,66,Retired,1,6987.80,2024-02-20T09:00:00,BACKGROUND_NORMAL,filler
TRANSACTIONSUSERGROWTH1000000813,ACU00013,243.62,2024-02-21T11:00:00,Debit,Omaha,Online,48,Student,2,4689.60,2024-02-19T13:00:00,BACKGROUND_NORMAL,filler
TRANSACTIONSUSERGROWTH1000000900,ACU00020,123.87,2024-02-21T14:00:00,Debit,Louisville,Branch,46,Retired,1,3339.67,2024-02-17T22:00:00,BACKGROUND_NORMAL,filler
TRANSACTIONSUSERGROWTH1000000850,ACU00050,20.56,2024-02-21T15:00:00,Debit,Seattle,Online,54,Retired,1,6118.28,2024-02-20T11:00:00,BACKGROUND_NORMAL,filler
TRANSACTIONSUSERGROWTH1000000906,ACU00026,316.18,2024-02-21T15:00:00,Credit,Chicago,Branch,42,Engineer,1,4419.22,2024-02-20T05:00:00,BACKGROUND_NORMAL,filler
TRANSACTIONSUSERGROWTH1000000919,ACU00039,175.46,2024-02-21T16:00:00,Debit,Oklahoma City,Online,38,Student,1,4201.97,2024-02-21T07:00:00,BACKGROUND_NORMAL,filler
TRANSACTIONSUSERGROWTH1000000784,ACU00064,159.90,2024-02-21T17:00:00,Debit,Philadelphia,ATM,49,Doctor,1,5011.56,2024-02-18T09:00:00,BACKGROUND_NORMAL,filler
TRANSACTIONSUSERGROWTH1000000796,ACU00076,496.02,2024-02-21T17:00:00,Debit,Memphis,ATM,31,Student,1,2409.12,2024-02-19T22:00:00,BACKGROUND_NORMAL,filler
TRANSACTIONSUSERGROWTH1000000941,ACU00061,5.00,2024-02-21T18:00:00,Debit,Phoenix,ATM,41,Student,3,2579.45,2024-02-18T13:00:00,BACKGROUND_NORMAL,filler
TRANSACTIONSUSERGROWTH1000000917,ACU00037,21.10,2024-02-21T20:00:00,Debit,Los Angeles,Branch,33,Engineer,1,6884.08,2024-02-18T13:00:00,BACKGROUND_NORMAL,filler
TRANSACTIONSUSERGROWTH1000000841,ACU00041,303.22,2024-02-21T23:00:00,Debit,Colorado Springs,Branch,66,Retired,1,8740.86,2024-02-21T11:00:00,BACKGROUND_NORMAL,filler
TRANSACTIONSUSERGROWTH1000000930,ACU00050,196.28,2024-02-22T01:00:00,Debit,Miami,Online,54,Retired,1,3876.15,2024-02-21T15:00:00,BACKGROUND_NORMAL,filler
TRANSACTIONSUSERGROWTH1000000736,ACU00016,5.00,2024-02-22T04:00:00,Credit,Milwaukee,ATM,38,Student,1,4649.72,2024-02-21T09:00:00,BACKGROUND_NORMAL,filler
TRANSACTIONSUSERGROWTH1000000732,ACU00012,49.72,2024-02-22T05:00:00,Debit,Colorado Springs,Branch,62,Engineer,1,4158.71,2024-02-18T09:00:00,BACKGROUND_NORMAL,filler
TRANSACTIONSUSERGROWTH1000000893,ACU00013,10.00,2024-02-22T05:00:00,Debit,Milwaukee,Online,48,Student,1,8940.17,2024-02-21T11:00:00,BACKGROUND_NORMAL,filler
TRANSACTIONSUSERGROWTH1000000990,ACU00030,441.13,2024-02-22T07:00:00,Credit,San Antonio,Branch,51,Retired,1,5318.73,2024-02-21T01:00:00,BACKGROUND_NORMAL,filler
TRANSACTIONSUSERGROWTH1000000663,ACU00023,428.88,2024-02-22T09:00:00,Debit,Indianapolis,Online,39,Student,1,3550.63,,BACKGROUND_NORMAL,filler
TRANSACTIONSUSERGROWTH1000000696,ACU00056,114.15,2024-02-22T09:00:00,Credit,San Francisco,Branch,45,Student,1,3487.36,,BACKGROUND_NORMAL,filler
TRANSACTIONSUSERGROWTH1000000700,ACU00060,5.00,2024-02-22T09:00:00,Debit,Chicago,ATM,53,Doctor,1,8359.91,,BACKGROUND_NORMAL,filler
TRANSACTIONSUSERGROWTH1000000043,AC_GROWTH_100,397.22,2024-02-22T10:00:00,Credit,Charlotte,Branch,40,Student,1,1774.03,2024-02-20T09:00:00,USER_HISTORY_GROWTH,AC_GROWTH_100
TRANSACTIONSUSERGROWTH1000000739,ACU00019,695.47,2024-02-22T11:00:00,Credit,Denver,ATM,31,Student,1,3304.38,2024-02-20T09:00:00,BACKGROUND_NORMAL,filler
TRANSACTIONSUSERGROWTH1000000140,AC_GROWTH_500,404.56,2024-02-22T12:00:00,Debit,San Jose,Branch,58,Engineer,2,10118.23,2024-02-21T05:00:00,USER_HISTORY_GROWTH,AC_GROWTH_500
TRANSACTIONSUSERGROWTH1000000816,ACU00016,619.06,2024-02-22T15:00:00,Debit,Baltimore,Online,38,Student,1,5488.30,2024-02-22T04:00:00,BACKGROUND_NORMAL,filler
TRANSACTIONSUSERGROWTH1000000019,AC_GROWTH_025,192.78,2024-02-22T16:00:00,Debit,San Jose,Branch,55,Engineer,1,2324.62,2024-02-20T18:00:00,USER_HISTORY_GROWTH,AC_GROWTH_025
TRANSACTIONSUSERGROWTH1000000876,ACU00076,29.49,2024-02-22T17:00:00,Credit,Washington,ATM,31,Student,1,2550.86,2024-02-21T17:00:00,BACKGROUND_NORMAL,filler
TRANSACTIONSUSERGROWTH1000000973,ACU00013,125.04,2024-02-22T18:00:00,Debit,Milwaukee,Branch,48,Student,1,5739.85,2024-02-22T05:00:00,BACKGROUND_NORMAL,filler
TRANSACTIONSUSERGROWTH1000000965,ACU00005,582.96,2024-02-22T20:00:00,Credit,Denver,Branch,59,Retired,1,2445.73,2024-02-19T06:00:00,BACKGROUND_NORMAL,filler
TRANSACTIONSUSERGROWTH1000000724,ACU00004,630.59,2024-02-22T21:00:00,Debit,Tucson,Branch,43,Engineer,1,5171.70,2024-02-21T09:00:00,BACKGROUND_NORMAL,filler
TRANSACTIONSUSERGROWTH1000000994,ACU00034,516.58,2024-02-22T21:00:00,Debit,Sacramento,ATM,36,Student,1,8629.51,2024-02-19T01:00:00,BACKGROUND_NORMAL,filler
TRANSACTIONSUSERGROWTH1000000812,ACU00012,59.13,2024-02-23T00:00:00,Debit,Fresno,Branch,62,Engineer,2,4615.06,2024-02-22T05:00:00,BACKGROUND_NORMAL,filler
TRANSACTIONSUSERGROWTH1000000745,ACU00025,141.25,2024-02-23T07:00:00,Debit,San Diego,Branch,37,Student,1,1985.44,2024-02-19T09:00:00,BACKGROUND_NORMAL,filler
TRANSACTIONSUSERGROWTH1000000986,ACU00026,408.11,2024-02-23T07:00:00,Debit,Detroit,ATM,42,Engineer,1,4250.12,2024-02-21T15:00:00,BACKGROUND_NORMAL,filler
TRANSACTIONSUSERGROWTH1000000808,ACU00008,322.44,2024-02-23T08:00:00,Credit,Louisville,ATM,47,Engineer,2,4645.95,2024-02-20T16:00:00,BACKGROUND_NORMAL,filler
TRANSACTIONSUSERGROWTH1000000980,ACU00020,364.21,2024-02-23T08:00:00,Credit,Philadelphia,Branch,46,Retired,1,3904.99,2024-02-21T14:00:00,BACKGROUND_NORMAL,filler
TRANSACTIONSUSERGROWTH1000000631,ACU00071,121.30,2024-02-23T09:00:00,Debit,Seattle,Online,54,Engineer,2,8089.28,,BACKGROUND_NORMAL,filler
TRANSACTIONSUSERGROWTH1000000678,ACU00038,101.71,2024-02-23T09:00:00,Credit,Atlanta,Branch,42,Student,1,2877.08,,BACKGROUND_NORMAL,filler
TRANSACTIONSUSERGROWTH1000000795,ACU00075,263.29,2024-02-23T12:00:00,Credit,Charlotte,ATM,44,Student,1,3390.53,2024-02-19T15:00:00,BACKGROUND_NORMAL,filler
TRANSACTIONSUSERGROWTH1000000786,ACU00066,5.00,2024-02-23T16:00:00,Debit,Denver,ATM,43,Doctor,1,6221.65,2024-02-21T09:00:00,BACKGROUND_NORMAL,filler
TRANSACTIONSUSERGROWTH1000000896,ACU00016,126.87,2024-02-23T16:00:00,Credit,Milwaukee,ATM,38,Student,1,5154.61,2024-02-22T15:00:00,BACKGROUND_NORMAL,filler
TRANSACTIONSUSERGROWTH1000000999,ACU00039,55.56,2024-02-23T17:00:00,Debit,San Francisco,Branch,38,Student,1,3646.04,2024-02-21T16:00:00,BACKGROUND_NORMAL,filler
TRANSACTIONSUSERGROWTH1000000819,ACU00019,210.51,2024-02-23T21:00:00,Debit,Memphis,Branch,31,Student,1,4548.56,2024-02-22T11:00:00,BACKGROUND_NORMAL,filler
TRANSACTIONSUSERGROWTH1000000824,ACU00024,29.75,2024-02-23T23:00:00,Debit,Boston,Branch,46,Engineer,1,2731.75,2024-02-20T10:00:00,BACKGROUND_NORMAL,filler
TRANSACTIONSUSERGROWTH1000000044,AC_GROWTH_100,401.27,2024-02-24T03:00:00,Debit,Charlotte,ATM,40,Student,1,1912.21,2024-02-22T10:00:00,USER_HISTORY_GROWTH,AC_GROWTH_100
TRANSACTIONSUSERGROWTH1000000776,ACU00056,7.78,2024-02-24T03:00:00,Debit,Austin,Branch,45,Student,1,2605.67,2024-02-22T09:00:00,BACKGROUND_NORMAL,filler
TRANSACTIONSUSERGROWTH1000000825,ACU00025,126.26,2024-02-24T03:00:00,Debit,Nashville,Branch,37,Student,2,2211.18,2024-02-23T07:00:00,BACKGROUND_NORMAL,filler
TRANSACTIONSUSERGROWTH1000000758,ACU00038,33.94,2024-02-24T04:00:00,Debit,San Antonio,Branch,42,Student,3,3243.43,2024-02-23T09:00:00,BACKGROUND_NORMAL,filler
TRANSACTIONSUSERGROWTH1000000804,ACU00004,643.83,2024-02-24T04:00:00,Debit,Raleigh,ATM,43,Engineer,1,5788.91,2024-02-22T21:00:00,BACKGROUND_NORMAL,filler
TRANSACTIONSUSERGROWTH1000000671,ACU00031,483.76,2024-02-24T09:00:00,Debit,Kansas City,Branch,52,Doctor,1,9233.79,,BACKGROUND_NORMAL,filler
TRANSACTIONSUSERGROWTH1000000977,ACU00017,424.16,2024-02-24T10:00:00,Credit,Portland,Branch,38,Student,1,4287.78,2024-02-21T04:00:00,BACKGROUND_NORMAL,filler
TRANSACTIONSUSERGROWTH1000000886,ACU00006,5.00,2024-02-24T11:00:00,Credit,Houston,Branch,50,Doctor,1,7262.62,2024-02-20T20:00:00,BACKGROUND_NORMAL,filler
TRANSACTIONSUSERGROWTH1000000864,ACU00064,292.11,2024-02-24T13:00:00,Debit,Kansas City,Branch,49,Doctor,1,7759.45,2024-02-21T17:00:00,BACKGROUND_NORMAL,filler
TRANSACTIONSUSERGROWTH1000000997,ACU00037,111.05,2024-02-24T15:00:00,Debit,Boston,ATM,33,Engineer,1,5939.85,2024-02-21T20:00:00,BACKGROUND_NORMAL,filler
TRANSACTIONSUSERGROWTH1000000838,ACU00038,339.78,2024-02-24T17:00:00,Credit,Mesa,Branch,42,Student,1,3086.98,2024-02-24T04:00:00,BACKGROUND_NORMAL,filler
TRANSACTIONSUSERGROWTH1000000711,ACU00071,232.78,2024-02-24T20:00:00,Credit,Seattle,Online,54,Engineer,1,10181.76,2024-02-23T09:00:00,BACKGROUND_NORMAL,filler
TRANSACTIONSUSERGROWTH1000000905,ACU00025,267.75,2024-02-25T01:00:00,Debit,New York,Branch,37,Student,1,2548.63,2024-02-24T03:00:00,BACKGROUND_NORMAL,filler
TRANSACTIONSUSERGROWTH1000000141,AC_GROWTH_500,319.95,2024-02-25T04:00:00,Debit,Dallas,ATM,58,Engineer,1,13022.88,2024-02-22T12:00:00,USER_HISTORY_GROWTH,AC_GROWTH_500
TRANSACTIONSUSERGROWTH1000000888,ACU00008,16.17,2024-02-25T04:00:00,Credit,Indianapolis,ATM,47,Engineer,2,6655.06,2024-02-23T08:00:00,BACKGROUND_NORMAL,filler
TRANSACTIONSUSERGROWTH1000000904,ACU00024,378.40,2024-02-25T04:00:00,Debit,Tucson,ATM,46,Engineer,1,3511.57,2024-02-23T23:00:00,BACKGROUND_NORMAL,filler
TRANSACTIONSUSERGROWTH1000000642,ACU00002,108.80,2024-02-25T09:00:00,Credit,Jacksonville,Branch,41,Student,1,2177.14,,BACKGROUND_NORMAL,filler
TRANSACTIONSUSERGROWTH1000000658,ACU00018,16.28,2024-02-25T09:00:00,Debit,Houston,Online,52,Retired,1,3892.04,,BACKGROUND_NORMAL,filler
TRANSACTIONSUSERGROWTH1000000675,ACU00035,219.66,2024-02-25T09:00:00,Credit,Tucson,Online,44,Engineer,1,7043.67,,BACKGROUND_NORMAL,filler
TRANSACTIONSUSERGROWTH1000000899,ACU00019,633.78,2024-02-25T09:00:00,Debit,Indianapolis,Online,31,Student,1,3546.27,2024-02-23T21:00:00,BACKGROUND_NORMAL,filler
TRANSACTIONSUSERGROWTH1000000045,AC_GROWTH_100,266.12,2024-02-25T12:00:00,Debit,Mesa,Online,40,Student,1,1632.60,2024-02-24T03:00:00,USER_HISTORY_GROWTH,AC_GROWTH_100
TRANSACTIONSUSERGROWTH1000000020,AC_GROWTH_025,183.96,2024-02-25T14:00:00,Debit,San Jose,ATM,55,Engineer,1,1694.46,2024-02-22T16:00:00,USER_HISTORY_GROWTH,AC_GROWTH_025
TRANSACTIONSUSERGROWTH1000000866,ACU00066,270.02,2024-02-25T14:00:00,Debit,El Paso,Online,43,Doctor,1,8201.55,2024-02-23T16:00:00,BACKGROUND_NORMAL,filler
TRANSACTIONSUSERGROWTH1000000142,AC_GROWTH_500,227.91,2024-02-25T21:00:00,Credit,Baltimore,Branch,58,Engineer,1,6527.07,2024-02-25T04:00:00,USER_HISTORY_GROWTH,AC_GROWTH_500
TRANSACTIONSUSERGROWTH1000000780,ACU00060,5.00,2024-02-25T21:00:00,Debit,San Francisco,ATM,53,Doctor,1,4975.87,2024-02-22T09:00:00,BACKGROUND_NORMAL,filler
TRANSACTIONSUSERGROWTH1000000921,ACU00041,70.11,2024-02-25T22:00:00,Debit,Boston,Branch,66,Retired,1,3813.16,2024-02-21T23:00:00,BACKGROUND_NORMAL,filler
TRANSACTIONSUSERGROWTH1000000743,ACU00023,383.01,2024-02-26T01:00:00,Credit,Houston,Online,39,Student,1,2854.31,2024-02-22T09:00:00,BACKGROUND_NORMAL,filler
TRANSACTIONSUSERGROWTH1000000976,ACU00016,231.69,2024-02-26T05:00:00,Credit,Baltimore,Online,38,Student,1,5752.88,2024-02-23T16:00:00,BACKGROUND_NORMAL,filler
TRANSACTIONSUSERGROWTH1000000755,ACU00035,191.71,2024-02-26T06:00:00,Credit,Tucson,Online,44,Engineer,1,9902.93,2024-02-25T09:00:00,BACKGROUND_NORMAL,filler
TRANSACTIONSUSERGROWTH1000000984,ACU00024,415.56,2024-02-26T06:00:00,Debit,Louisville,Branch,46,Engineer,3,5572.12,2024-02-25T04:00:00,BACKGROUND_NORMAL,filler
TRANSACTIONSUSERGROWTH1000000046,AC_GROWTH_100,160.22,2024-02-26T08:00:00,Debit,Baltimore,Online,40,Student,1,2366.15,2024-02-25T12:00:00,USER_HISTORY_GROWTH,AC_GROWTH_100
TRANSACTIONSUSERGROWTH1000000684,ACU00044,5.00,2024-02-26T09:00:00,Debit,Columbus,Branch,43,Student,1,2221.33,,BACKGROUND_NORMAL,filler
TRANSACTIONSUSERGROWTH1000000956,ACU00076,141.37,2024-02-26T10:00:00,Debit,Indianapolis,ATM,31,Student,1,3807.19,2024-02-22T17:00:00,BACKGROUND_NORMAL,filler
TRANSACTIONSUSERGROWTH1000000966,ACU00006,1264.28,2024-02-26T11:00:00,Credit,Denver,ATM,50,Doctor,1,6420.22,2024-02-24T11:00:00,BACKGROUND_NORMAL,filler
TRANSACTIONSUSERGROWTH1000000856,ACU00056,294.08,2024-02-26T13:00:00,Debit,Atlanta,Online,45,Student,2,3191.82,2024-02-24T03:00:00,BACKGROUND_NORMAL,filler
TRANSACTIONSUSERGROWTH1000000884,ACU00004,186.07,2024-02-26T14:00:00,Debit,Tucson,ATM,43,Engineer,1,3629.30,2024-02-24T04:00:00,BACKGROUND_NORMAL,filler
TRANSACTIONSUSERGROWTH1000000892,ACU00012,138.63,2024-02-26T17:00:00,Debit,Colorado Springs,Online,62,Engineer,1,5229.18,2024-02-23T00:00:00,BACKGROUND_NORMAL,filler
TRANSACTIONSUSERGROWTH1000000985,ACU00025,332.11,2024-02-26T17:00:00,Debit,Nashville,Branch,37,Student,1,2650.93,2024-02-25T01:00:00,BACKGROUND_NORMAL,filler
TRANSACTIONSUSERGROWTH1000000021,AC_GROWTH_025,233.24,2024-02-26T22:00:00,Debit,San Jose,Branch,55,Engineer,1,1681.08,2024-02-25T14:00:00,USER_HISTORY_GROWTH,AC_GROWTH_025
TRANSACTIONSUSERGROWTH1000000946,ACU00066,347.29,2024-02-26T22:00:00,Debit,Denver,Online,43,Doctor,1,6181.66,2024-02-25T14:00:00,BACKGROUND_NORMAL,filler
TRANSACTIONSUSERGROWTH1000000875,ACU00075,209.29,2024-02-27T01:00:00,Debit,Raleigh,ATM,44,Student,1,3616.10,2024-02-23T12:00:00,BACKGROUND_NORMAL,filler
TRANSACTIONSUSERGROWTH1000000972,ACU00012,76.87,2024-02-27T03:00:00,Debit,Colorado Springs,Online,62,Engineer,1,5325.98,2024-02-26T17:00:00,BACKGROUND_NORMAL,filler
TRANSACTIONSUSERGROWTH1000000968,ACU00008,124.09,2024-02-27T06:00:00,Credit,Indianapolis,ATM,47,Engineer,1,6738.29,2024-02-25T04:00:00,BACKGROUND_NORMAL,filler
TRANSACTIONSUSERGROWTH1000000668,ACU00028,380.29,2024-02-27T09:00:00,Credit,Boston,Online,41,Student,1,4955.62,,BACKGROUND_NORMAL,filler
TRANSACTIONSUSERGROWTH1000000669,ACU00029,1004.34,2024-02-27T09:00:00,Debit,San Jose,Online,53,Retired,2,5067.69,,BACKGROUND_NORMAL,filler
TRANSACTIONSUSERGROWTH1000000680,ACU00040,5.00,2024-02-27T09:00:00,Debit,Austin,Branch,44,Doctor,1,6492.46,,BACKGROUND_NORMAL,filler
TRANSACTIONSUSERGROWTH1000000722,ACU00002,522.24,2024-02-27T10:00:00,Credit,Kansas City,Branch,41,Student,1,3245.16,2024-02-25T09:00:00,BACKGROUND_NORMAL,filler
TRANSACTIONSUSERGROWTH1000000823,ACU00023,85.57,2024-02-27T10:00:00,Credit,Houston,Branch,39,Student,1,4548.57,2024-02-26T01:00:00,BACKGROUND_NORMAL,filler
TRANSACTIONSUSERGROWTH1000000835,ACU00035,245.06,2024-02-27T14:00:00,Debit,Tucson,Online,44,Engineer,1,11185.25,2024-02-26T06:00:00,BACKGROUND_NORMAL,filler
TRANSACTIONSUSERGROWTH1000000936,ACU00056,504.36,2024-02-27T16:00:00,Debit,Atlanta,Branch,45,Student,2,3851.84,2024-02-26T13:00:00,BACKGROUND_NORMAL,filler
TRANSACTIONSUSERGROWTH1000000764,ACU00044,160.17,2024-02-27T17:00:00,Debit,Columbus,Online,43,Student,1,2602.74,2024-02-26T09:00:00,BACKGROUND_NORMAL,filler
TRANSACTIONSUSERGROWTH1000000918,ACU00038,307.69,2024-02-27T21:00:00,Credit,Philadelphia,ATM,42,Student,1,3677.84,2024-02-24T17:00:00,BACKGROUND_NORMAL,filler
TRANSACTIONSUSERGROWTH1000000944,ACU00064,472.50,2024-02-27T21:00:00,Credit,San Diego,Online,49,Doctor,2,5241.62,2024-02-24T13:00:00,BACKGROUND_NORMAL,filler
TRANSACTIONSUSERGROWTH1000000047,AC_GROWTH_100,391.27,2024-02-28T01:00:00,Debit,Charlotte,Online,40,Student,1,1815.05,2024-02-26T08:00:00,USER_HISTORY_GROWTH,AC_GROWTH_100
TRANSACTIONSUSERGROWTH1000000751,ACU00031,485.51,2024-02-28T03:00:00,Debit,Kansas City,Branch,52,Doctor,1,7142.74,2024-02-24T09:00:00,BACKGROUND_NORMAL,filler
TRANSACTIONSUSERGROWTH1000000791,ACU00071,204.37,2024-02-28T03:00:00,Debit,Las Vegas,Branch,54,Engineer,2,6547.42,2024-02-24T20:00:00,BACKGROUND_NORMAL,filler
TRANSACTIONSUSERGROWTH1000000860,ACU00060,451.38,2024-02-28T03:00:00,Debit,Philadelphia,ATM,53,Doctor,1,8974.78,2024-02-25T21:00:00,BACKGROUND_NORMAL,filler
TRANSACTIONSUSERGROWTH1000000022,AC_GROWTH_025,136.99,2024-02-28T04:00:00,Debit,San Jose,Branch,55,Engineer,1,2194.17,2024-02-26T22:00:00,USER_HISTORY_GROWTH,AC_GROWTH_025
TRANSACTIONSUSERGROWTH1000000738,ACU00018,5.00,2024-02-28T04:00:00,Debit,Houston,Online,52,Retired,1,8162.11,2024-02-25T09:00:00,BACKGROUND_NORMAL,filler
TRANSACTIONSUSERGROWTH1000000915,ACU00035,303.85,2024-02-28T06:00:00,Credit,Tucson,Online,44,Engineer,1,6077.49,2024-02-27T14:00:00,BACKGROUND_NORMAL,filler
TRANSACTIONSUSERGROWTH1000000649,ACU00009,65.35,2024-02-28T09:00:00,Debit,Washington,Online,47,Student,1,5583.01,,BACKGROUND_NORMAL,filler
TRANSACTIONSUSERGROWTH1000000673,ACU00033,214.45,2024-02-28T09:00:00,Credit,Atlanta,ATM,34,Engineer,1,6189.33,,BACKGROUND_NORMAL,filler
TRANSACTIONSUSERGROWTH1000000979,ACU00019,400.52,2024-02-28T13:00:00,Credit,Detroit,Branch,31,Student,3,2188.46,2024-02-25T09:00:00,BACKGROUND_NORMAL,filler
TRANSACTIONSUSERGROWTH1000000143,AC_GROWTH_500,297.89,2024-02-28T15:00:00,Debit,San Jose,ATM,58,Engineer,1,9912.47,2024-02-25T21:00:00,USER_HISTORY_GROWTH,AC_GROWTH_500
TRANSACTIONSUSERGROWTH1000000955,ACU00075,5.00,2024-02-28T16:00:00,Credit,Raleigh,ATM,44,Student,1,3282.03,2024-02-27T01:00:00,BACKGROUND_NORMAL,filler
TRANSACTIONSUSERGROWTH1000000634,ACU00074,425.30,2024-02-29T09:00:00,Debit,Philadelphia,ATM,28,Student,1,1866.13,,BACKGROUND_NORMAL,filler
TRANSACTIONSUSERGROWTH1000000667,ACU00027,86.65,2024-02-29T09:00:00,Debit,Tucson,Branch,33,Student,1,4331.84,,BACKGROUND_NORMAL,filler
TRANSACTIONSUSERGROWTH1000000710,ACU00070,242.40,2024-02-29T09:00:00,Debit,Fort Worth,Branch,51,Retired,1,8037.11,,BACKGROUND_NORMAL,filler
TRANSACTIONSUSERGROWTH1000000748,ACU00028,84.55,2024-02-29T11:00:00,Debit,Mesa,ATM,41,Student,1,5910.80,2024-02-27T09:00:00,BACKGROUND_NORMAL,filler
TRANSACTIONSUSERGROWTH1000000753,ACU00033,5.00,2024-02-29T11:00:00,Debit,San Francisco,ATM,34,Engineer,1,3177.60,2024-02-28T09:00:00,BACKGROUND_NORMAL,filler
TRANSACTIONSUSERGROWTH1000000749,ACU00029,898.94,2024-02-29T12:00:00,Debit,Atlanta,ATM,53,Retired,3,4053.93,2024-02-27T09:00:00,BACKGROUND_NORMAL,filler
TRANSACTIONSUSERGROWTH1000000871,ACU00071,219.16,2024-02-29T18:00:00,Credit,Miami,Online,54,Engineer,1,4665.38,2024-02-28T03:00:00,BACKGROUND_NORMAL,filler
TRANSACTIONSUSERGROWTH1000000144,AC_GROWTH_500,357.01,2024-02-29T22:00:00,Debit,Dallas,ATM,58,Engineer,1,6311.11,2024-02-28T15:00:00,USER_HISTORY_GROWTH,AC_GROWTH_500
TRANSACTIONSUSERGROWTH1000000964,ACU00004,249.79,2024-03-01T00:00:00,Credit,Denver,Branch,43,Engineer,1,6034.85,2024-02-26T14:00:00,BACKGROUND_NORMAL,filler
TRANSACTIONSUSERGROWTH1000000790,ACU00070,345.86,2024-03-01T01:00:00,Debit,Raleigh,Online,51,Retired,1,7285.13,2024-02-29T09:00:00,BACKGROUND_NORMAL,filler
TRANSACTIONSUSERGROWTH1000000048,AC_GROWTH_100,172.37,2024-03-01T05:00:00,Credit,Fresno,ATM,40,Student,2,2855.63,2024-02-28T01:00:00,USER_HISTORY_GROWTH,AC_GROWTH_100
TRANSACTIONSUSERGROWTH1000000693,ACU00053,855.35,2024-03-01T09:00:00,Credit,Oklahoma City,Online,62,Retired,2,9265.84,,BACKGROUND_NORMAL,filler
TRANSACTIONSUSERGROWTH1000000828,ACU00028,357.15,2024-03-01T09:00:00,Debit,Boston,Online,41,Student,1,3850.83,2024-02-29T11:00:00,BACKGROUND_NORMAL,filler
TRANSACTIONSUSERGROWTH1000000729,ACU00009,5.00,2024-03-01T15:00:00,Debit,El Paso,Branch,47,Student,1,5515.26,2024-02-28T09:00:00,BACKGROUND_NORMAL,filler
TRANSACTIONSUSERGROWTH1000000870,ACU00070,639.80,2024-03-01T16:00:00,Debit,San Francisco,Branch,51,Retired,1,5087.23,2024-03-01T01:00:00,BACKGROUND_NORMAL,filler
TRANSACTIONSUSERGROWTH1000000802,ACU00002,186.60,2024-03-01T18:00:00,Credit,Denver,Branch,41,Student,2,2661.13,2024-02-27T10:00:00,BACKGROUND_NORMAL,filler
TRANSACTIONSUSERGROWTH1000000940,ACU00060,1072.07,2024-03-01T19:00:00,Debit,Philadelphia,ATM,53,Doctor,1,7692.15,2024-02-28T03:00:00,BACKGROUND_NORMAL,filler
TRANSACTIONSUSERGROWTH1000000998,ACU00038,5.00,2024-03-01T19:00:00,Debit,Oklahoma City,Branch,42,Student,1,4040.65,2024-02-27T21:00:00,BACKGROUND_NORMAL,filler
TRANSACTIONSUSERGROWTH1000000760,ACU00040,84.63,2024-03-01T20:00:00,Debit,Seattle,ATM,44,Doctor,1,6503.34,2024-02-27T09:00:00,BACKGROUND_NORMAL,filler
TRANSACTIONSUSERGROWTH1000000903,ACU00023,686.61,2024-03-01T20:00:00,Credit,Indianapolis,Online,39,Student,1,4925.69,2024-02-27T10:00:00,BACKGROUND_NORMAL,filler
TRANSACTIONSUSERGROWTH1000000747,ACU00027,602.52,2024-03-01T21:00:00,Debit,New York,Branch,33,Student,3,3695.67,2024-02-29T09:00:00,BACKGROUND_NORMAL,filler
TRANSACTIONSUSERGROWTH1000000833,ACU00033,654.31,2024-03-01T21:00:00,Debit,Los Angeles,Online,34,Engineer,2,4837.17,2024-02-29T11:00:00,BACKGROUND_NORMAL,filler
TRANSACTIONSUSERGROWTH1000000844,ACU00044,147.28,2024-03-02T01:00:00,Credit,Columbus,Online,43,Student,1,2011.33,2024-02-27T17:00:00,BACKGROUND_NORMAL,filler
TRANSACTIONSUSERGROWTH1000000023,AC_GROWTH_025,132.29,2024-03-02T03:00:00,Debit,Albuquerque,Branch,55,Engineer,1,1392.93,2024-02-28T04:00:00,USER_HISTORY_GROWTH,AC_GROWTH_025
TRANSACTIONSUSERGROWTH1000000145,AC_GROWTH_500,427.54,2024-03-02T03:00:00,Debit,Dallas,ATM,58,Engineer,1,8931.40,2024-02-29T22:00:00,USER_HISTORY_GROWTH,AC_GROWTH_500
TRANSACTIONSUSERGROWTH1000000831,ACU00031,465.50,2024-03-02T06:00:00,Debit,Kansas City,Branch,52,Doctor,1,7633.87,2024-02-28T03:00:00,BACKGROUND_NORMAL,filler
TRANSACTIONSUSERGROWTH1000000633,ACU00073,222.89,2024-03-02T09:00:00,Debit,Virginia Beach,Online,48,Student,1,3144.92,,BACKGROUND_NORMAL,filler
TRANSACTIONSUSERGROWTH1000000650,ACU00010,221.57,2024-03-02T09:00:00,Credit,Kansas City,Online,32,Engineer,1,6294.61,,BACKGROUND_NORMAL,filler
TRANSACTIONSUSERGROWTH1000000702,ACU00062,220.08,2024-03-02T09:00:00,Debit,Denver,ATM,38,Engineer,1,502.61,,BACKGROUND_NORMAL,filler
TRANSACTIONSUSERGROWTH1000000827,ACU00027,527.51,2024-03-02T12:00:00,Debit,New York,Branch,33,Student,1,2603.96,2024-03-01T21:00:00,BACKGROUND_NORMAL,filler
TRANSACTIONSUSERGROWTH1000000983,ACU00023,1477.15,2024-03-02T17:00:00,Debit,Indianapolis,Branch,39,Student,3,3461.91,2024-03-01T20:00:00,BACKGROUND_NORMAL,filler
TRANSACTIONSUSERGROWTH1000000713,ACU00073,342.56,2024-03-02T18:00:00,Debit,Virginia Beach,Online,48,Student,1,3783.74,2024-03-02T09:00:00,BACKGROUND_NORMAL,filler
TRANSACTIONSUSERGROWTH1000000995,ACU00035,224.97,2024-03-02T18:00:00,Credit,Fort Worth,ATM,44,Engineer,1,5431.19,2024-02-28T06:00:00,BACKGROUND_NORMAL,filler
TRANSACTIONSUSERGROWTH1000000924,ACU00044,81.60,2024-03-02T20:00:00,Credit,Columbus,Branch,43,Student,1,1826.30,2024-03-02T01:00:00,BACKGROUND_NORMAL,filler
TRANSACTIONSUSERGROWTH1000000730,ACU00010,10.97,2024-03-03T00:00:00,Credit,Kansas City,Online,32,Engineer,1,2967.65,2024-03-02T09:00:00,BACKGROUND_NORMAL,filler
TRANSACTIONSUSERGROWTH1000000818,ACU00018,5.00,2024-03-03T04:00:00,Debit,Chicago,ATM,52,Retired,1,4699.45,2024-02-28T04:00:00,BACKGROUND_NORMAL,filler
TRANSACTIONSUSERGROWTH1000000908,ACU00028,91.36,2024-03-03T06:00:00,Debit,Boston,Online,41,Student,2,6894.88,2024-03-01T09:00:00,BACKGROUND_NORMAL,filler
TRANSACTIONSUSERGROWTH1000000049,AC_GROWTH_100,254.26,2024-03-03T09:00:00,Debit,Nashville,ATM,40,Student,2,2147.56,2024-03-01T05:00:00,USER_HISTORY_GROWTH,AC_GROWTH_100
TRANSACTIONSUSERGROWTH1000000773,ACU00053,529.52,2024-03-03T09:00:00,Credit,Tucson,Branch,62,Retired,1,6937.76,2024-03-01T09:00:00,BACKGROUND_NORMAL,filler
TRANSACTIONSUSERGROWTH1000000829,ACU00029,505.47,2024-03-03T09:00:00,Credit,San Jose,Online,53,Retired,1,3774.96,2024-02-29T12:00:00,BACKGROUND_NORMAL,filler
TRANSACTIONSUSERGROWTH1000000907,ACU00027,143.76,2024-03-03T14:00:00,Debit,Miami,ATM,33,Student,1,2805.03,2024-03-02T12:00:00,BACKGROUND_NORMAL,filler
TRANSACTIONSUSERGROWTH1000000909,ACU00029,314.11,2024-03-03T21:00:00,Debit,Oklahoma City,Online,53,Retired,1,4195.33,2024-03-03T09:00:00,BACKGROUND_NORMAL,filler
TRANSACTIONSUSERGROWTH1000000913,ACU00033,1078.56,2024-03-03T22:00:00,Debit,Colorado Springs,ATM,34,Engineer,2,4515.97,2024-03-01T21:00:00,BACKGROUND_NORMAL,filler
TRANSACTIONSUSERGROWTH1000000809,ACU00009,119.38,2024-03-04T00:00:00,Debit,Las Vegas,Branch,47,Student,2,5384.53,2024-03-01T15:00:00,BACKGROUND_NORMAL,filler
TRANSACTIONSUSERGROWTH1000000987,ACU00027,429.92,2024-03-04T02:00:00,Debit,Tucson,ATM,33,Student,1,3411.14,2024-03-03T14:00:00,BACKGROUND_NORMAL,filler
TRANSACTIONSUSERGROWTH1000000993,ACU00033,780.92,2024-03-04T07:00:00,Credit,Colorado Springs,Branch,34,Engineer,1,3997.76,2024-03-03T22:00:00,BACKGROUND_NORMAL,filler
TRANSACTIONSUSERGROWTH1000000714,ACU00074,385.12,2024-03-04T08:00:00,Debit,Philadelphia,Branch,28,Student,1,1855.95,2024-02-29T09:00:00,BACKGROUND_NORMAL,filler
TRANSACTIONSUSERGROWTH1000000782,ACU00062,188.73,2024-03-04T08:00:00,Debit,Denver,ATM,38,Engineer,1,449.18,2024-03-02T09:00:00,BACKGROUND_NORMAL,filler
TRANSACTIONSUSERGROWTH1000000793,ACU00073,362.25,2024-03-04T09:00:00,Debit,Chicago,Online,48,Student,1,6388.52,2024-03-02T18:00:00,BACKGROUND_NORMAL,filler
TRANSACTIONSUSERGROWTH1000000882,ACU00002,673.95,2024-03-04T10:00:00,Credit,Jacksonville,Online,41,Student,2,2830.47,2024-03-01T18:00:00,BACKGROUND_NORMAL,filler
TRANSACTIONSUSERGROWTH1000000951,ACU00071,250.66,2024-03-04T10:00:00,Debit,Las Vegas,Online,54,Engineer,1,5688.19,2024-02-29T18:00:00,BACKGROUND_NORMAL,filler
TRANSACTIONSUSERGROWTH1000000146,AC_GROWTH_500,161.43,2024-03-04T14:00:00,Debit,Baltimore,ATM,58,Engineer,3,5967.57,2024-03-02T03:00:00,USER_HISTORY_GROWTH,AC_GROWTH_500
TRANSACTIONSUSERGROWTH1000000024,AC_GROWTH_025,127.92,2024-03-04T16:00:00,Debit,Albuquerque,ATM,55,Engineer,1,2185.70,2024-03-02T03:00:00,USER_HISTORY_GROWTH,AC_GROWTH_025
TRANSACTIONSUSERGROWTH1000000911,ACU00031,493.29,2024-03-04T18:00:00,Debit,Kansas City,Branch,52,Doctor,2,8340.80,2024-03-02T06:00:00,BACKGROUND_NORMAL,filler
TRANSACTIONSUSERGROWTH1000000989,ACU00029,905.32,2024-03-04T23:00:00,Debit,Atlanta,Online,53,Retired,1,4143.47,2024-03-03T21:00:00,BACKGROUND_NORMAL,filler
TRANSACTIONSUSERGROWTH1000000950,ACU00070,371.18,2024-03-05T04:00:00,Debit,San Francisco,ATM,51,Retired,2,7145.79,2024-03-01T16:00:00,BACKGROUND_NORMAL,filler
TRANSACTIONSUSERGROWTH1000000840,ACU00040,5.00,2024-03-05T11:00:00,Debit,Philadelphia,ATM,44,Doctor,1,7204.98,2024-03-01T20:00:00,BACKGROUND_NORMAL,filler
TRANSACTIONSUSERGROWTH1000000853,ACU00053,1230.36,2024-03-05T14:00:00,Debit,Oklahoma City,Branch,62,Retired,1,6794.99,2024-03-03T09:00:00,BACKGROUND_NORMAL,filler
TRANSACTIONSUSERGROWTH1000000050,AC_GROWTH_100,134.98,2024-03-05T19:00:00,Debit,Fort Worth,ATM,40,Student,1,1944.74,2024-03-03T09:00:00,USER_HISTORY_GROWTH,AC_GROWTH_100
TRANSACTIONSUSERGROWTH1000000898,ACU00018,138.03,2024-03-05T22:00:00,Debit,Mesa,Online,52,Retired,2,5858.31,2024-03-03T04:00:00,BACKGROUND_NORMAL,filler
TRANSACTIONSUSERGROWTH1000000988,ACU00028,262.21,2024-03-05T23:00:00,Debit,Oklahoma City,ATM,41,Student,1,6738.19,2024-03-03T06:00:00,BACKGROUND_NORMAL,filler
TRANSACTIONSUSERGROWTH1000000794,ACU00074,549.33,2024-03-06T00:00:00,Debit,Denver,ATM,28,Student,1,1453.89,2024-03-04T08:00:00,BACKGROUND_NORMAL,filler
TRANSACTIONSUSERGROWTH1000000147,AC_GROWTH_500,320.95,2024-03-06T05:00:00,Credit,Dallas,ATM,58,Engineer,1,7085.42,2024-03-04T14:00:00,USER_HISTORY_GROWTH,AC_GROWTH_500
TRANSACTIONSUSERGROWTH1000000810,ACU00010,101.22,2024-03-06T09:00:00,Credit,Seattle,Online,32,Engineer,1,4434.90,2024-03-03T00:00:00,BACKGROUND_NORMAL,filler
TRANSACTIONSUSERGROWTH1000000962,ACU00002,745.48,2024-03-06T09:00:00,Debit,Denver,Online,41,Student,1,4072.82,2024-03-04T10:00:00,BACKGROUND_NORMAL,filler
TRANSACTIONSUSERGROWTH1000000051,AC_GROWTH_100,5.00,2024-03-06T11:00:00,Debit,Nashville,ATM,40,Student,1,3427.42,2024-03-05T19:00:00,USER_HISTORY_GROWTH,AC_GROWTH_100
TRANSACTIONSUSERGROWTH1000000920,ACU00040,5.00,2024-03-06T11:00:00,Debit,Columbus,Branch,44,Doctor,1,4670.05,2024-03-05T11:00:00,BACKGROUND_NORMAL,filler
TRANSACTIONSUSERGROWTH1000000862,ACU00062,201.30,2024-03-06T14:00:00,Debit,Denver,ATM,38,Engineer,1,405.28,2024-03-04T08:00:00,BACKGROUND_NORMAL,filler
TRANSACTIONSUSERGROWTH1000000889,ACU00009,196.01,2024-03-06T19:00:00,Debit,Baltimore,Online,47,Student,1,4536.77,2024-03-04T00:00:00,BACKGROUND_NORMAL,filler
TRANSACTIONSUSERGROWTH1000000991,ACU00031,498.47,2024-03-07T01:00:00,Debit,Kansas City,Branch,52,Doctor,1,4729.70,2024-03-04T18:00:00,BACKGROUND_NORMAL,filler
TRANSACTIONSUSERGROWTH1000000025,AC_GROWTH_025,218.87,2024-03-07T06:00:00,Debit,San Jose,Branch,55,Engineer,3,2120.03,2024-03-04T16:00:00,USER_HISTORY_GROWTH,AC_GROWTH_025
TRANSACTIONSUSERGROWTH1000000874,ACU00074,286.58,2024-03-07T13:00:00,Debit,Philadelphia,Branch,28,Student,1,2554.37,2024-03-06T00:00:00,BACKGROUND_NORMAL,filler
TRANSACTIONSUSERGROWTH1000000873,ACU00073,869.70,2024-03-07T21:00:00,Debit,Virginia Beach,Online,48,Student,1,5319.62,2024-03-04T09:00:00,BACKGROUND_NORMAL,filler
TRANSACTIONSUSERGROWTH1000000933,ACU00053,713.06,2024-03-08T03:00:00,Debit,Oklahoma City,Branch,62,Retired,1,6031.30,2024-03-05T14:00:00,BACKGROUND_NORMAL,filler
TRANSACTIONSUSERGROWTH1000000890,ACU00010,112.90,2024-03-08T11:00:00,Debit,Mesa,Online,32,Engineer,1,6476.14,2024-03-06T09:00:00,BACKGROUND_NORMAL,filler
TRANSACTIONSUSERGROWTH1000000954,ACU00074,206.53,2024-03-08T14:00:00,Debit,Philadelphia,ATM,28,Student,1,2087.57,2024-03-07T13:00:00,BACKGROUND_NORMAL,filler
TRANSACTIONSUSERGROWTH1000000970,ACU00010,85.48,2024-03-08T19:00:00,Credit,El Paso,Online,32,Engineer,1,8521.82,2024-03-08T11:00:00,BACKGROUND_NORMAL,filler
TRANSACTIONSUSERGROWTH1000000052,AC_GROWTH_100,172.74,2024-03-08T21:00:00,Debit,Baltimore,Online,40,Student,1,2513.81,2024-03-06T11:00:00,USER_HISTORY_GROWTH,AC_GROWTH_100
TRANSACTIONSUSERGROWTH1000000148,AC_GROWTH_500,261.41,2024-03-08T21:00:00,Credit,Baltimore,Branch,58,Engineer,3,7896.32,2024-03-06T05:00:00,USER_HISTORY_GROWTH,AC_GROWTH_500
TRANSACTIONSUSERGROWTH1000000978,ACU00018,133.25,2024-03-09T01:00:00,Debit,Atlanta,Online,52,Retired,1,5558.09,2024-03-05T22:00:00,BACKGROUND_NORMAL,filler
TRANSACTIONSUSERGROWTH1000000942,ACU00062,164.61,2024-03-09T03:00:00,Debit,Denver,ATM,38,Engineer,1,667.98,2024-03-06T14:00:00,BACKGROUND_NORMAL,filler
TRANSACTIONSUSERGROWTH1000000026,AC_GROWTH_025,129.26,2024-03-09T08:00:00,Debit,Albuquerque,ATM,55,Engineer,1,2063.50,2024-03-07T06:00:00,USER_HISTORY_GROWTH,AC_GROWTH_025
TRANSACTIONSUSERGROWTH1000000953,ACU00073,482.68,2024-03-09T11:00:00,Credit,Chicago,Online,48,Student,2,7838.00,2024-03-07T21:00:00,BACKGROUND_NORMAL,filler
TRANSACTIONSUSERGROWTH1000001000,ACU00040,427.93,2024-03-09T19:00:00,Debit,Fresno,Online,44,Doctor,1,5247.62,2024-03-06T11:00:00,BACKGROUND_NORMAL,filler
TRANSACTIONSUSERGROWTH1000000969,ACU00009,207.60,2024-03-10T17:00:00,Debit,Jacksonville,Branch,47,Student,1,5264.80,2024-03-06T19:00:00,BACKGROUND_NORMAL,filler
TRANSACTIONSUSERGROWTH1000000053,AC_GROWTH_100,403.42,2024-03-11T00:00:00,Credit,Baltimore,ATM,40,Student,1,3636.56,2024-03-08T21:00:00,USER_HISTORY_GROWTH,AC_GROWTH_100
TRANSACTIONSUSERGROWTH1000000149,AC_GROWTH_500,103.52,2024-03-11T07:00:00,Credit,San Jose,ATM,58,Engineer,1,11149.74,2024-03-08T21:00:00,USER_HISTORY_GROWTH,AC_GROWTH_500
TRANSACTIONSUSERGROWTH1000000027,AC_GROWTH_025,141.03,2024-03-11T11:00:00,Debit,San Jose,ATM,55,Engineer,1,2124.04,2024-03-09T08:00:00,USER_HISTORY_GROWTH,AC_GROWTH_025
TRANSACTIONSUSERGROWTH1000000150,AC_GROWTH_500,569.29,2024-03-13T06:00:00,Debit,San Jose,ATM,58,Engineer,2,9026.92,2024-03-11T07:00:00,USER_HISTORY_GROWTH,AC_GROWTH_500
TRANSACTIONSUSERGROWTH1000000054,AC_GROWTH_100,111.30,2024-03-13T15:00:00,Credit,Charlotte,Online,40,Student,1,3222.16,2024-03-11T00:00:00,USER_HISTORY_GROWTH,AC_GROWTH_100
TRANSACTIONSUSERGROWTH1000000028,AC_GROWTH_025,169.52,2024-03-14T04:00:00,Debit,San Jose,ATM,55,Engineer,1,1557.64,2024-03-11T11:00:00,USER_HISTORY_GROWTH,AC_GROWTH_025
TRANSACTIONSUSERGROWTH1000000151,AC_GROWTH_500,538.10,2024-03-14T04:00:00,Debit,San Jose,Branch,58,Engineer,1,7874.87,2024-03-13T06:00:00,USER_HISTORY_GROWTH,AC_GROWTH_500
TRANSACTIONSUSERGROWTH1000000055,AC_GROWTH_100,306.49,2024-03-16T03:00:00,Debit,Charlotte,Online,40,Student,1,3503.39,2024-03-13T15:00:00,USER_HISTORY_GROWTH,AC_GROWTH_100
TRANSACTIONSUSERGROWTH1000000029,AC_GROWTH_025,226.90,2024-03-17T00:00:00,Debit,Albuquerque,ATM,55,Engineer,1,1830.60,2024-03-14T04:00:00,USER_HISTORY_GROWTH,AC_GROWTH_025
TRANSACTIONSUSERGROWTH1000000152,AC_GROWTH_500,396.95,2024-03-17T04:00:00,Debit,Dallas,Branch,58,Engineer,1,9696.23,2024-03-14T04:00:00,USER_HISTORY_GROWTH,AC_GROWTH_500
TRANSACTIONSUSERGROWTH1000000056,AC_GROWTH_100,427.29,2024-03-17T12:00:00,Debit,Detroit,Online,40,Student,1,1659.10,2024-03-16T03:00:00,USER_HISTORY_GROWTH,AC_GROWTH_100
TRANSACTIONSUSERGROWTH1000000153,AC_GROWTH_500,341.06,2024-03-19T11:00:00,Credit,San Jose,ATM,58,Engineer,2,7840.50,2024-03-17T04:00:00,USER_HISTORY_GROWTH,AC_GROWTH_500
TRANSACTIONSUSERGROWTH1000000057,AC_GROWTH_100,335.28,2024-03-19T16:00:00,Debit,Charlotte,Branch,40,Student,2,1887.67,2024-03-17T12:00:00,USER_HISTORY_GROWTH,AC_GROWTH_100
TRANSACTIONSUSERGROWTH1000000030,AC_GROWTH_025,108.60,2024-03-19T21:00:00,Debit,Albuquerque,ATM,55,Engineer,2,1648.33,2024-03-17T00:00:00,USER_HISTORY_GROWTH,AC_GROWTH_025
TRANSACTIONSUSERGROWTH1000000154,AC_GROWTH_500,281.68,2024-03-21T10:00:00,Credit,San Jose,Branch,58,Engineer,1,7400.59,2024-03-19T11:00:00,USER_HISTORY_GROWTH,AC_GROWTH_500
TRANSACTIONSUSERGROWTH1000000058,AC_GROWTH_100,412.16,2024-03-22T16:00:00,Credit,Mesa,Online,40,Student,1,3148.87,2024-03-19T16:00:00,USER_HISTORY_GROWTH,AC_GROWTH_100
TRANSACTIONSUSERGROWTH1000000155,AC_GROWTH_500,374.77,2024-03-24T09:00:00,Credit,San Jose,ATM,58,Engineer,1,11589.52,2024-03-21T10:00:00,USER_HISTORY_GROWTH,AC_GROWTH_500
TRANSACTIONSUSERGROWTH1000000059,AC_GROWTH_100,359.94,2024-03-24T10:00:00,Debit,Fort Worth,Online,40,Student,2,1291.24,2024-03-22T16:00:00,USER_HISTORY_GROWTH,AC_GROWTH_100
TRANSACTIONSUSERGROWTH1000000060,AC_GROWTH_100,319.52,2024-03-24T22:00:00,Debit,Charlotte,ATM,40,Student,1,2656.70,2024-03-24T10:00:00,USER_HISTORY_GROWTH,AC_GROWTH_100
TRANSACTIONSUSERGROWTH1000000156,AC_GROWTH_500,166.38,2024-03-26T23:00:00,Debit,Baltimore,Branch,58,Engineer,1,13589.78,2024-03-24T09:00:00,USER_HISTORY_GROWTH,AC_GROWTH_500
TRANSACTIONSUSERGROWTH1000000061,AC_GROWTH_100,128.09,2024-03-27T02:00:00,Debit,Fresno,Online,40,Student,1,4098.58,2024-03-24T22:00:00,USER_HISTORY_GROWTH,AC_GROWTH_100
TRANSACTIONSUSERGROWTH1000000157,AC_GROWTH_500,542.09,2024-03-27T22:00:00,Debit,Baltimore,ATM,58,Engineer,1,11942.85,2024-03-26T23:00:00,USER_HISTORY_GROWTH,AC_GROWTH_500
TRANSACTIONSUSERGROWTH1000000062,AC_GROWTH_100,364.92,2024-03-28T13:00:00,Credit,Nashville,Online,40,Student,1,4238.52,2024-03-27T02:00:00,USER_HISTORY_GROWTH,AC_GROWTH_100
TRANSACTIONSUSERGROWTH1000000063,AC_GROWTH_100,375.44,2024-03-29T03:00:00,Debit,Fort Worth,Branch,40,Student,1,2895.60,2024-03-28T13:00:00,USER_HISTORY_GROWTH,AC_GROWTH_100
TRANSACTIONSUSERGROWTH1000000158,AC_GROWTH_500,475.94,2024-03-30T00:00:00,Debit,San Jose,Branch,58,Engineer,1,10238.10,2024-03-27T22:00:00,USER_HISTORY_GROWTH,AC_GROWTH_500
TRANSACTIONSUSERGROWTH1000000064,AC_GROWTH_100,352.72,2024-03-30T13:00:00,Debit,Detroit,ATM,40,Student,1,2322.43,2024-03-29T03:00:00,USER_HISTORY_GROWTH,AC_GROWTH_100
TRANSACTIONSUSERGROWTH1000000065,AC_GROWTH_100,209.61,2024-04-01T16:00:00,Credit,Nashville,Branch,40,Student,1,1420.16,2024-03-30T13:00:00,USER_HISTORY_GROWTH,AC_GROWTH_100
TRANSACTIONSUSERGROWTH1000000159,AC_GROWTH_500,466.85,2024-04-01T21:00:00,Credit,San Jose,ATM,58,Engineer,1,14588.52,2024-03-30T00:00:00,USER_HISTORY_GROWTH,AC_GROWTH_500
TRANSACTIONSUSERGROWTH1000000066,AC_GROWTH_100,417.85,2024-04-02T09:00:00,Credit,Charlotte,Online,40,Student,1,2503.25,2024-04-01T16:00:00,USER_HISTORY_GROWTH,AC_GROWTH_100
TRANSACTIONSUSERGROWTH1000000067,AC_GROWTH_100,29.21,2024-04-03T03:00:00,Debit,Mesa,Branch,40,Student,1,2707.72,2024-04-02T09:00:00,USER_HISTORY_GROWTH,AC_GROWTH_100
TRANSACTIONSUSERGROWTH1000000160,AC_GROWTH_500,516.57,2024-04-04T02:00:00,Credit,Baltimore,ATM,58,Engineer,1,10259.40,2024-04-01T21:00:00,USER_HISTORY_GROWTH,AC_GROWTH_500
TRANSACTIONSUSERGROWTH1000000161,AC_GROWTH_500,72.00,2024-04-04T23:00:00,Credit,Baltimore,ATM,58,Engineer,1,11753.03,2024-04-04T02:00:00,USER_HISTORY_GROWTH,AC_GROWTH_500
TRANSACTIONSUSERGROWTH1000000068,AC_GROWTH_100,297.79,2024-04-05T04:00:00,Debit,Baltimore,Branch,40,Student,1,2053.45,2024-04-03T03:00:00,USER_HISTORY_GROWTH,AC_GROWTH_100
TRANSACTIONSUSERGROWTH1000000069,AC_GROWTH_100,19.49,2024-04-07T16:00:00,Debit,Fort Worth,Branch,40,Student,1,2182.96,2024-04-05T04:00:00,USER_HISTORY_GROWTH,AC_GROWTH_100
TRANSACTIONSUSERGROWTH1000000162,AC_GROWTH_500,584.79,2024-04-07T23:00:00,Debit,Dallas,ATM,58,Engineer,1,10140.65,2024-04-04T23:00:00,USER_HISTORY_GROWTH,AC_GROWTH_500
TRANSACTIONSUSERGROWTH1000000163,AC_GROWTH_500,375.48,2024-04-09T22:00:00,Debit,Baltimore,ATM,58,Engineer,1,11884.42,2024-04-07T23:00:00,USER_HISTORY_GROWTH,AC_GROWTH_500
TRANSACTIONSUSERGROWTH1000000070,AC_GROWTH_100,271.19,2024-04-10T12:00:00,Debit,Fresno,Online,40,Student,1,2329.66,2024-04-07T16:00:00,USER_HISTORY_GROWTH,AC_GROWTH_100
TRANSACTIONSUSERGROWTH1000000164,AC_GROWTH_500,300.84,2024-04-12T14:00:00,Debit,Baltimore,ATM,58,Engineer,2,8606.14,2024-04-09T22:00:00,USER_HISTORY_GROWTH,AC_GROWTH_500
TRANSACTIONSUSERGROWTH1000000071,AC_GROWTH_100,179.22,2024-04-13T10:00:00,Credit,Fresno,Branch,40,Student,1,2466.36,2024-04-10T12:00:00,USER_HISTORY_GROWTH,AC_GROWTH_100
TRANSACTIONSUSERGROWTH1000000165,AC_GROWTH_500,447.68,2024-04-13T12:00:00,Debit,San Jose,ATM,58,Engineer,2,8014.73,2024-04-12T14:00:00,USER_HISTORY_GROWTH,AC_GROWTH_500
TRANSACTIONSUSERGROWTH1000000166,AC_GROWTH_500,269.46,2024-04-15T04:00:00,Debit,Baltimore,ATM,58,Engineer,1,11440.07,2024-04-13T12:00:00,USER_HISTORY_GROWTH,AC_GROWTH_500
TRANSACTIONSUSERGROWTH1000000072,AC_GROWTH_100,339.65,2024-04-16T05:00:00,Debit,Fort Worth,Branch,40,Student,1,2918.66,2024-04-13T10:00:00,USER_HISTORY_GROWTH,AC_GROWTH_100
TRANSACTIONSUSERGROWTH1000000073,AC_GROWTH_100,195.16,2024-04-17T22:00:00,Credit,Detroit,Branch,40,Student,3,3024.31,2024-04-16T05:00:00,USER_HISTORY_GROWTH,AC_GROWTH_100
TRANSACTIONSUSERGROWTH1000000167,AC_GROWTH_500,17.23,2024-04-18T00:00:00,Debit,San Jose,Branch,58,Engineer,1,10358.66,2024-04-15T04:00:00,USER_HISTORY_GROWTH,AC_GROWTH_500
TRANSACTIONSUSERGROWTH1000000168,AC_GROWTH_500,375.73,2024-04-18T20:00:00,Credit,San Jose,Branch,58,Engineer,1,8682.66,2024-04-18T00:00:00,USER_HISTORY_GROWTH,AC_GROWTH_500
TRANSACTIONSUSERGROWTH1000000074,AC_GROWTH_100,264.17,2024-04-19T17:00:00,Credit,Mesa,Online,40,Student,1,2541.49,2024-04-17T22:00:00,USER_HISTORY_GROWTH,AC_GROWTH_100
TRANSACTIONSUSERGROWTH1000000169,AC_GROWTH_500,412.38,2024-04-21T05:00:00,Debit,San Jose,ATM,58,Engineer,3,8107.61,2024-04-18T20:00:00,USER_HISTORY_GROWTH,AC_GROWTH_500
TRANSACTIONSUSERGROWTH1000000075,AC_GROWTH_100,352.68,2024-04-22T12:00:00,Credit,Fresno,Online,40,Student,1,3077.50,2024-04-19T17:00:00,USER_HISTORY_GROWTH,AC_GROWTH_100
TRANSACTIONSUSERGROWTH1000000170,AC_GROWTH_500,292.46,2024-04-22T21:00:00,Credit,Dallas,Branch,58,Engineer,1,8252.67,2024-04-21T05:00:00,USER_HISTORY_GROWTH,AC_GROWTH_500
TRANSACTIONSUSERGROWTH1000000076,AC_GROWTH_100,291.38,2024-04-23T17:00:00,Debit,Nashville,Branch,40,Student,2,1777.33,2024-04-22T12:00:00,USER_HISTORY_GROWTH,AC_GROWTH_100
TRANSACTIONSUSERGROWTH1000000171,AC_GROWTH_500,219.00,2024-04-24T16:00:00,Debit,San Jose,Branch,58,Engineer,3,8404.51,2024-04-22T21:00:00,USER_HISTORY_GROWTH,AC_GROWTH_500
TRANSACTIONSUSERGROWTH1000000077,AC_GROWTH_100,207.99,2024-04-25T22:00:00,Debit,Detroit,Online,40,Student,1,3248.88,2024-04-23T17:00:00,USER_HISTORY_GROWTH,AC_GROWTH_100
TRANSACTIONSUSERGROWTH1000000172,AC_GROWTH_500,269.30,2024-04-26T09:00:00,Credit,Dallas,ATM,58,Engineer,1,7759.85,2024-04-24T16:00:00,USER_HISTORY_GROWTH,AC_GROWTH_500
TRANSACTIONSUSERGROWTH1000000173,AC_GROWTH_500,303.80,2024-04-26T21:00:00,Debit,San Jose,ATM,58,Engineer,1,10380.37,2024-04-26T09:00:00,USER_HISTORY_GROWTH,AC_GROWTH_500
TRANSACTIONSUSERGROWTH1000000078,AC_GROWTH_100,312.74,2024-04-28T04:00:00,Debit,Mesa,ATM,40,Student,1,1793.18,2024-04-25T22:00:00,USER_HISTORY_GROWTH,AC_GROWTH_100
TRANSACTIONSUSERGROWTH1000000079,AC_GROWTH_100,247.58,2024-04-28T21:00:00,Debit,Fort Worth,ATM,40,Student,1,2059.18,2024-04-28T04:00:00,USER_HISTORY_GROWTH,AC_GROWTH_100
TRANSACTIONSUSERGROWTH1000000174,AC_GROWTH_500,163.36,2024-04-29T03:00:00,Credit,Baltimore,ATM,58,Engineer,1,8660.40,2024-04-26T21:00:00,USER_HISTORY_GROWTH,AC_GROWTH_500
TRANSACTIONSUSERGROWTH1000000080,AC_GROWTH_100,294.94,2024-04-29T11:00:00,Debit,Detroit,Online,40,Student,1,2039.00,2024-04-28T21:00:00,USER_HISTORY_GROWTH,AC_GROWTH_100
TRANSACTIONSUSERGROWTH1000000175,AC_GROWTH_500,104.09,2024-04-30T01:00:00,Credit,San Jose,ATM,58,Engineer,1,11236.91,2024-04-29T03:00:00,USER_HISTORY_GROWTH,AC_GROWTH_500
TRANSACTIONSUSERGROWTH1000000081,AC_GROWTH_100,360.95,2024-05-01T01:00:00,Debit,Fresno,Online,40,Student,1,2579.15,2024-04-29T11:00:00,USER_HISTORY_GROWTH,AC_GROWTH_100
TRANSACTIONSUSERGROWTH1000000082,AC_GROWTH_100,83.21,2024-05-01T20:00:00,Debit,Fort Worth,ATM,40,Student,1,3142.43,2024-05-01T01:00:00,USER_HISTORY_GROWTH,AC_GROWTH_100
TRANSACTIONSUSERGROWTH1000000176,AC_GROWTH_500,340.31,2024-05-02T10:00:00,Debit,San Jose,ATM,58,Engineer,1,7469.61,2024-04-30T01:00:00,USER_HISTORY_GROWTH,AC_GROWTH_500
TRANSACTIONSUSERGROWTH1000000177,AC_GROWTH_500,357.48,2024-05-03T07:00:00,Debit,Baltimore,ATM,58,Engineer,1,8924.62,2024-05-02T10:00:00,USER_HISTORY_GROWTH,AC_GROWTH_500
TRANSACTIONSUSERGROWTH1000000083,AC_GROWTH_100,367.53,2024-05-04T08:00:00,Credit,Fort Worth,Branch,40,Student,1,2622.75,2024-05-01T20:00:00,USER_HISTORY_GROWTH,AC_GROWTH_100
TRANSACTIONSUSERGROWTH1000000178,AC_GROWTH_500,425.23,2024-05-04T16:00:00,Debit,San Jose,ATM,58,Engineer,1,10074.48,2024-05-03T07:00:00,USER_HISTORY_GROWTH,AC_GROWTH_500
TRANSACTIONSUSERGROWTH1000000179,AC_GROWTH_500,271.71,2024-05-06T19:00:00,Debit,Dallas,ATM,58,Engineer,1,9070.76,2024-05-04T16:00:00,USER_HISTORY_GROWTH,AC_GROWTH_500
TRANSACTIONSUSERGROWTH1000000084,AC_GROWTH_100,331.65,2024-05-06T20:00:00,Credit,Charlotte,Online,40,Student,2,2651.45,2024-05-04T08:00:00,USER_HISTORY_GROWTH,AC_GROWTH_100
TRANSACTIONSUSERGROWTH1000000180,AC_GROWTH_500,463.91,2024-05-07T09:00:00,Credit,Dallas,ATM,58,Engineer,1,12180.43,2024-05-06T19:00:00,USER_HISTORY_GROWTH,AC_GROWTH_500
TRANSACTIONSUSERGROWTH1000000085,AC_GROWTH_100,129.66,2024-05-07T17:00:00,Debit,Nashville,ATM,40,Student,1,3217.16,2024-05-06T20:00:00,USER_HISTORY_GROWTH,AC_GROWTH_100
TRANSACTIONSUSERGROWTH1000000086,AC_GROWTH_100,295.65,2024-05-08T14:00:00,Debit,Charlotte,ATM,40,Student,1,1616.69,2024-05-07T17:00:00,USER_HISTORY_GROWTH,AC_GROWTH_100
TRANSACTIONSUSERGROWTH1000000181,AC_GROWTH_500,351.33,2024-05-08T17:00:00,Credit,Dallas,Branch,58,Engineer,1,6504.31,2024-05-07T09:00:00,USER_HISTORY_GROWTH,AC_GROWTH_500
TRANSACTIONSUSERGROWTH1000000087,AC_GROWTH_100,130.87,2024-05-09T14:00:00,Debit,Detroit,Online,40,Student,3,1960.14,2024-05-08T14:00:00,USER_HISTORY_GROWTH,AC_GROWTH_100
TRANSACTIONSUSERGROWTH1000000182,AC_GROWTH_500,495.95,2024-05-10T11:00:00,Debit,Baltimore,ATM,58,Engineer,1,8898.69,2024-05-08T17:00:00,USER_HISTORY_GROWTH,AC_GROWTH_500
TRANSACTIONSUSERGROWTH1000000088,AC_GROWTH_100,193.79,2024-05-11T09:00:00,Credit,Baltimore,ATM,40,Student,1,2706.82,2024-05-09T14:00:00,USER_HISTORY_GROWTH,AC_GROWTH_100
TRANSACTIONSUSERGROWTH1000000183,AC_GROWTH_500,542.11,2024-05-12T08:00:00,Credit,Baltimore,ATM,58,Engineer,1,8481.38,2024-05-10T11:00:00,USER_HISTORY_GROWTH,AC_GROWTH_500
TRANSACTIONSUSERGROWTH1000000089,AC_GROWTH_100,327.48,2024-05-13T02:00:00,Credit,Fresno,Branch,40,Student,1,2506.99,2024-05-11T09:00:00,USER_HISTORY_GROWTH,AC_GROWTH_100
TRANSACTIONSUSERGROWTH1000000184,AC_GROWTH_500,453.64,2024-05-14T20:00:00,Debit,Dallas,ATM,58,Engineer,1,7346.16,2024-05-12T08:00:00,USER_HISTORY_GROWTH,AC_GROWTH_500
TRANSACTIONSUSERGROWTH1000000090,AC_GROWTH_100,122.41,2024-05-14T21:00:00,Credit,Mesa,Online,40,Student,1,2365.22,2024-05-13T02:00:00,USER_HISTORY_GROWTH,AC_GROWTH_100
TRANSACTIONSUSERGROWTH1000000185,AC_GROWTH_500,244.07,2024-05-16T08:00:00,Debit,Dallas,ATM,58,Engineer,1,11445.83,2024-05-14T20:00:00,USER_HISTORY_GROWTH,AC_GROWTH_500
TRANSACTIONSUSERGROWTH1000000091,AC_GROWTH_100,229.25,2024-05-16T09:00:00,Credit,Mesa,ATM,40,Student,1,2423.01,2024-05-14T21:00:00,USER_HISTORY_GROWTH,AC_GROWTH_100
TRANSACTIONSUSERGROWTH1000000186,AC_GROWTH_500,381.09,2024-05-16T20:00:00,Debit,San Jose,ATM,58,Engineer,1,6411.75,2024-05-16T08:00:00,USER_HISTORY_GROWTH,AC_GROWTH_500
TRANSACTIONSUSERGROWTH1000000092,AC_GROWTH_100,324.80,2024-05-18T16:00:00,Debit,Charlotte,Branch,40,Student,1,3239.41,2024-05-16T09:00:00,USER_HISTORY_GROWTH,AC_GROWTH_100
TRANSACTIONSUSERGROWTH1000000187,AC_GROWTH_500,188.66,2024-05-19T11:00:00,Debit,San Jose,ATM,58,Engineer,1,9118.35,2024-05-16T20:00:00,USER_HISTORY_GROWTH,AC_GROWTH_500
TRANSACTIONSUSERGROWTH1000000093,AC_GROWTH_100,69.68,2024-05-20T02:00:00,Debit,Charlotte,ATM,40,Student,2,1539.94,2024-05-18T16:00:00,USER_HISTORY_GROWTH,AC_GROWTH_100
TRANSACTIONSUSERGROWTH1000000188,AC_GROWTH_500,501.96,2024-05-21T03:00:00,Credit,San Jose,ATM,58,Engineer,1,8152.12,2024-05-19T11:00:00,USER_HISTORY_GROWTH,AC_GROWTH_500
TRANSACTIONSUSERGROWTH1000000094,AC_GROWTH_100,224.70,2024-05-22T01:00:00,Debit,Fresno,Online,40,Student,3,3024.49,2024-05-20T02:00:00,USER_HISTORY_GROWTH,AC_GROWTH_100
TRANSACTIONSUSERGROWTH1000000189,AC_GROWTH_500,307.42,2024-05-22T15:00:00,Debit,Baltimore,Branch,58,Engineer,1,2962.05,2024-05-21T03:00:00,USER_HISTORY_GROWTH,AC_GROWTH_500
TRANSACTIONSUSERGROWTH1000000095,AC_GROWTH_100,283.14,2024-05-25T00:00:00,Debit,Fort Worth,Online,40,Student,1,3198.50,2024-05-22T01:00:00,USER_HISTORY_GROWTH,AC_GROWTH_100
TRANSACTIONSUSERGROWTH1000000190,AC_GROWTH_500,241.53,2024-05-25T04:00:00,Debit,San Jose,Branch,58,Engineer,1,8657.10,2024-05-22T15:00:00,USER_HISTORY_GROWTH,AC_GROWTH_500
TRANSACTIONSUSERGROWTH1000000191,AC_GROWTH_500,497.48,2024-05-26T17:00:00,Credit,Dallas,ATM,58,Engineer,1,9397.81,2024-05-25T04:00:00,USER_HISTORY_GROWTH,AC_GROWTH_500
TRANSACTIONSUSERGROWTH1000000096,AC_GROWTH_100,690.60,2024-05-27T07:00:00,Debit,Fort Worth,Online,40,Student,1,2888.67,2024-05-25T00:00:00,USER_HISTORY_GROWTH,AC_GROWTH_100
TRANSACTIONSUSERGROWTH1000000192,AC_GROWTH_500,282.31,2024-05-29T06:00:00,Credit,Dallas,Branch,58,Engineer,1,9749.48,2024-05-26T17:00:00,USER_HISTORY_GROWTH,AC_GROWTH_500
TRANSACTIONSUSERGROWTH1000000097,AC_GROWTH_100,203.74,2024-05-29T14:00:00,Debit,Nashville,Branch,40,Student,1,3188.59,2024-05-27T07:00:00,USER_HISTORY_GROWTH,AC_GROWTH_100
TRANSACTIONSUSERGROWTH1000000193,AC_GROWTH_500,472.40,2024-05-31T09:00:00,Credit,San Jose,Branch,58,Engineer,1,13681.63,2024-05-29T06:00:00,USER_HISTORY_GROWTH,AC_GROWTH_500
TRANSACTIONSUSERGROWTH1000000098,AC_GROWTH_100,394.32,2024-06-01T14:00:00,Debit,Nashville,ATM,40,Student,1,3074.78,2024-05-29T14:00:00,USER_HISTORY_GROWTH,AC_GROWTH_100
TRANSACTIONSUSERGROWTH1000000099,AC_GROWTH_100,188.74,2024-06-02T04:00:00,Credit,Fresno,Online,40,Student,1,1388.65,2024-06-01T14:00:00,USER_HISTORY_GROWTH,AC_GROWTH_100
TRANSACTIONSUSERGROWTH1000000194,AC_GROWTH_500,214.46,2024-06-02T10:00:00,Debit,Baltimore,ATM,58,Engineer,1,10073.77,2024-05-31T09:00:00,USER_HISTORY_GROWTH,AC_GROWTH_500
TRANSACTIONSUSERGROWTH1000000100,AC_GROWTH_100,272.21,2024-06-03T16:00:00,Credit,Detroit,Branch,40,Student,1,2753.33,2024-06-02T04:00:00,USER_HISTORY_GROWTH,AC_GROWTH_100
TRANSACTIONSUSERGROWTH1000000195,AC_GROWTH_500,371.92,2024-06-04T03:00:00,Debit,San Jose,ATM,58,Engineer,1,10034.70,2024-06-02T10:00:00,USER_HISTORY_GROWTH,AC_GROWTH_500
TRANSACTIONSUSERGROWTH1000000101,AC_GROWTH_100,30.55,2024-06-05T05:00:00,Credit,Mesa,Branch,40,Student,1,3681.01,2024-06-03T16:00:00,USER_HISTORY_GROWTH,AC_GROWTH_100
TRANSACTIONSUSERGROWTH1000000196,AC_GROWTH_500,328.39,2024-06-05T18:00:00,Debit,Baltimore,ATM,58,Engineer,1,3837.76,2024-06-04T03:00:00,USER_HISTORY_GROWTH,AC_GROWTH_500
TRANSACTIONSUSERGROWTH1000000102,AC_GROWTH_100,766.42,2024-06-06T13:00:00,Credit,Nashville,Online,40,Student,2,2801.95,2024-06-05T05:00:00,USER_HISTORY_GROWTH,AC_GROWTH_100
TRANSACTIONSUSERGROWTH1000000197,AC_GROWTH_500,621.34,2024-06-07T00:00:00,Debit,Dallas,Branch,58,Engineer,2,11366.18,2024-06-05T18:00:00,USER_HISTORY_GROWTH,AC_GROWTH_500
TRANSACTIONSUSERGROWTH1000000198,AC_GROWTH_500,421.74,2024-06-08T23:00:00,Debit,San Jose,Branch,58,Engineer,1,13629.85,2024-06-07T00:00:00,USER_HISTORY_GROWTH,AC_GROWTH_500
TRANSACTIONSUSERGROWTH1000000103,AC_GROWTH_100,184.61,2024-06-09T01:00:00,Debit,Mesa,Online,40,Student,1,4025.89,2024-06-06T13:00:00,USER_HISTORY_GROWTH,AC_GROWTH_100
TRANSACTIONSUSERGROWTH1000000104,AC_GROWTH_100,406.15,2024-06-10T02:00:00,Debit,Baltimore,Branch,40,Student,2,3155.62,2024-06-09T01:00:00,USER_HISTORY_GROWTH,AC_GROWTH_100
TRANSACTIONSUSERGROWTH1000000199,AC_GROWTH_500,388.12,2024-06-10T16:00:00,Credit,Dallas,Branch,58,Engineer,1,5681.44,2024-06-08T23:00:00,USER_HISTORY_GROWTH,AC_GROWTH_500
TRANSACTIONSUSERGROWTH1000000105,AC_GROWTH_100,240.93,2024-06-11T06:00:00,Debit,Fort Worth,ATM,40,Student,1,2736.16,2024-06-10T02:00:00,USER_HISTORY_GROWTH,AC_GROWTH_100
TRANSACTIONSUSERGROWTH1000000200,AC_GROWTH_500,405.63,2024-06-12T02:00:00,Debit,Baltimore,Branch,58,Engineer,1,10564.75,2024-06-10T16:00:00,USER_HISTORY_GROWTH,AC_GROWTH_500
TRANSACTIONSUSERGROWTH1000000106,AC_GROWTH_100,350.76,2024-06-13T04:00:00,Credit,Baltimore,Branch,40,Student,1,3020.85,2024-06-11T06:00:00,USER_HISTORY_GROWTH,AC_GROWTH_100
TRANSACTIONSUSERGROWTH1000000201,AC_GROWTH_500,269.37,2024-06-14T14:00:00,Debit,San Jose,Branch,58,Engineer,1,9513.20,2024-06-12T02:00:00,USER_HISTORY_GROWTH,AC_GROWTH_500
TRANSACTIONSUSERGROWTH1000000107,AC_GROWTH_100,5.00,2024-06-15T23:00:00,Credit,Nashville,ATM,40,Student,1,2591.21,2024-06-13T04:00:00,USER_HISTORY_GROWTH,AC_GROWTH_100
TRANSACTIONSUSERGROWTH1000000108,AC_GROWTH_100,314.06,2024-06-17T04:00:00,Debit,Detroit,Online,40,Student,1,2663.54,2024-06-15T23:00:00,USER_HISTORY_GROWTH,AC_GROWTH_100
TRANSACTIONSUSERGROWTH1000000202,AC_GROWTH_500,451.25,2024-06-17T09:00:00,Credit,San Jose,ATM,58,Engineer,3,6993.14,2024-06-14T14:00:00,USER_HISTORY_GROWTH,AC_GROWTH_500
TRANSACTIONSUSERGROWTH1000000109,AC_GROWTH_100,34.98,2024-06-19T11:00:00,Credit,Fresno,Branch,40,Student,2,2967.90,2024-06-17T04:00:00,USER_HISTORY_GROWTH,AC_GROWTH_100
TRANSACTIONSUSERGROWTH1000000110,AC_GROWTH_100,5.00,2024-06-20T01:00:00,Credit,Mesa,ATM,40,Student,1,3528.51,2024-06-19T11:00:00,USER_HISTORY_GROWTH,AC_GROWTH_100
TRANSACTIONSUSERGROWTH1000000203,AC_GROWTH_500,674.65,2024-06-20T09:00:00,Debit,San Jose,Branch,58,Engineer,1,6539.60,2024-06-17T09:00:00,USER_HISTORY_GROWTH,AC_GROWTH_500
TRANSACTIONSUSERGROWTH1000000204,AC_GROWTH_500,245.19,2024-06-20T23:00:00,Credit,Baltimore,Branch,58,Engineer,1,7016.04,2024-06-20T09:00:00,USER_HISTORY_GROWTH,AC_GROWTH_500
TRANSACTIONSUSERGROWTH1000000111,AC_GROWTH_100,232.22,2024-06-22T18:00:00,Debit,Mesa,Online,40,Student,2,2908.26,2024-06-20T01:00:00,USER_HISTORY_GROWTH,AC_GROWTH_100
TRANSACTIONSUSERGROWTH1000000205,AC_GROWTH_500,345.95,2024-06-23T02:00:00,Debit,Dallas,Branch,58,Engineer,1,11138.27,2024-06-20T23:00:00,USER_HISTORY_GROWTH,AC_GROWTH_500
TRANSACTIONSUSERGROWTH1000000206,AC_GROWTH_500,578.00,2024-06-24T02:00:00,Credit,Dallas,ATM,58,Engineer,1,12830.31,2024-06-23T02:00:00,USER_HISTORY_GROWTH,AC_GROWTH_500
TRANSACTIONSUSERGROWTH1000000112,AC_GROWTH_100,195.50,2024-06-24T04:00:00,Credit,Fresno,Online,40,Student,1,2906.15,2024-06-22T18:00:00,USER_HISTORY_GROWTH,AC_GROWTH_100
TRANSACTIONSUSERGROWTH1000000113,AC_GROWTH_100,215.46,2024-06-26T00:00:00,Debit,Detroit,ATM,40,Student,2,1858.32,2024-06-24T04:00:00,USER_HISTORY_GROWTH,AC_GROWTH_100
TRANSACTIONSUSERGROWTH1000000207,AC_GROWTH_500,324.78,2024-06-26T17:00:00,Credit,San Jose,ATM,58,Engineer,2,11620.41,2024-06-24T02:00:00,USER_HISTORY_GROWTH,AC_GROWTH_500
TRANSACTIONSUSERGROWTH1000000114,AC_GROWTH_100,5.00,2024-06-28T10:00:00,Credit,Charlotte,Branch,40,Student,1,3814.29,2024-06-26T00:00:00,USER_HISTORY_GROWTH,AC_GROWTH_100
TRANSACTIONSUSERGROWTH1000000115,AC_GROWTH_100,137.88,2024-06-29T09:00:00,Credit,Fresno,Branch,40,Student,1,2699.97,2024-06-28T10:00:00,USER_HISTORY_GROWTH,AC_GROWTH_100
TRANSACTIONSUSERGROWTH1000000208,AC_GROWTH_500,355.48,2024-06-29T16:00:00,Debit,Dallas,Branch,58,Engineer,2,11700.52,2024-06-26T17:00:00,USER_HISTORY_GROWTH,AC_GROWTH_500
TRANSACTIONSUSERGROWTH1000000116,AC_GROWTH_100,343.12,2024-07-01T17:00:00,Credit,Detroit,Branch,40,Student,1,3579.05,2024-06-29T09:00:00,USER_HISTORY_GROWTH,AC_GROWTH_100
TRANSACTIONSUSERGROWTH1000000209,AC_GROWTH_500,135.22,2024-07-02T01:00:00,Credit,Baltimore,ATM,58,Engineer,1,10439.49,2024-06-29T16:00:00,USER_HISTORY_GROWTH,AC_GROWTH_500
TRANSACTIONSUSERGROWTH1000000210,AC_GROWTH_500,495.68,2024-07-02T23:00:00,Debit,Dallas,Branch,58,Engineer,1,7766.31,2024-07-02T01:00:00,USER_HISTORY_GROWTH,AC_GROWTH_500
TRANSACTIONSUSERGROWTH1000000117,AC_GROWTH_100,102.08,2024-07-04T01:00:00,Credit,Nashville,Branch,40,Student,2,2495.04,2024-07-01T17:00:00,USER_HISTORY_GROWTH,AC_GROWTH_100
TRANSACTIONSUSERGROWTH1000000211,AC_GROWTH_500,603.51,2024-07-04T13:00:00,Debit,San Jose,ATM,58,Engineer,2,6077.33,2024-07-02T23:00:00,USER_HISTORY_GROWTH,AC_GROWTH_500
TRANSACTIONSUSERGROWTH1000000212,AC_GROWTH_500,287.73,2024-07-05T22:00:00,Credit,San Jose,ATM,58,Engineer,1,7040.82,2024-07-04T13:00:00,USER_HISTORY_GROWTH,AC_GROWTH_500
TRANSACTIONSUSERGROWTH1000000118,AC_GROWTH_100,454.88,2024-07-06T17:00:00,Debit,Mesa,Online,40,Student,1,2476.90,2024-07-04T01:00:00,USER_HISTORY_GROWTH,AC_GROWTH_100
TRANSACTIONSUSERGROWTH1000000213,AC_GROWTH_500,555.37,2024-07-07T14:00:00,Credit,Baltimore,ATM,58,Engineer,1,7004.80,2024-07-05T22:00:00,USER_HISTORY_GROWTH,AC_GROWTH_500
TRANSACTIONSUSERGROWTH1000000119,AC_GROWTH_100,190.17,2024-07-08T07:00:00,Debit,Detroit,Online,40,Student,1,4063.36,2024-07-06T17:00:00,USER_HISTORY_GROWTH,AC_GROWTH_100
TRANSACTIONSUSERGROWTH1000000214,AC_GROWTH_500,374.33,2024-07-09T02:00:00,Debit,San Jose,ATM,58,Engineer,1,8664.19,2024-07-07T14:00:00,USER_HISTORY_GROWTH,AC_GROWTH_500
TRANSACTIONSUSERGROWTH1000000120,AC_GROWTH_100,544.39,2024-07-10T04:00:00,Credit,Nashville,Online,40,Student,1,1747.29,2024-07-08T07:00:00,USER_HISTORY_GROWTH,AC_GROWTH_100
TRANSACTIONSUSERGROWTH1000000215,AC_GROWTH_500,485.26,2024-07-10T14:00:00,Debit,Dallas,Branch,58,Engineer,2,9408.41,2024-07-09T02:00:00,USER_HISTORY_GROWTH,AC_GROWTH_500
TRANSACTIONSUSERGROWTH1000000121,AC_GROWTH_100,103.66,2024-07-11T15:00:00,Debit,Baltimore,Online,40,Student,2,2541.60,2024-07-10T04:00:00,USER_HISTORY_GROWTH,AC_GROWTH_100
TRANSACTIONSUSERGROWTH1000000216,AC_GROWTH_500,212.26,2024-07-12T14:00:00,Debit,San Jose,ATM,58,Engineer,1,7354.68,2024-07-10T14:00:00,USER_HISTORY_GROWTH,AC_GROWTH_500
TRANSACTIONSUSERGROWTH1000000122,AC_GROWTH_100,107.00,2024-07-14T04:00:00,Credit,Charlotte,Branch,40,Student,1,2490.15,2024-07-11T15:00:00,USER_HISTORY_GROWTH,AC_GROWTH_100
TRANSACTIONSUSERGROWTH1000000217,AC_GROWTH_500,305.36,2024-07-15T04:00:00,Debit,San Jose,ATM,58,Engineer,3,11171.99,2024-07-12T14:00:00,USER_HISTORY_GROWTH,AC_GROWTH_500
TRANSACTIONSUSERGROWTH1000000123,AC_GROWTH_100,605.77,2024-07-16T16:00:00,Credit,Nashville,ATM,40,Student,2,2884.53,2024-07-14T04:00:00,USER_HISTORY_GROWTH,AC_GROWTH_100
TRANSACTIONSUSERGROWTH1000000218,AC_GROWTH_500,300.61,2024-07-17T11:00:00,Debit,Dallas,ATM,58,Engineer,1,8772.78,2024-07-15T04:00:00,USER_HISTORY_GROWTH,AC_GROWTH_500
TRANSACTIONSUSERGROWTH1000000124,AC_GROWTH_100,118.16,2024-07-18T05:00:00,Credit,Charlotte,ATM,40,Student,1,2591.91,2024-07-16T16:00:00,USER_HISTORY_GROWTH,AC_GROWTH_100
TRANSACTIONSUSERGROWTH1000000219,AC_GROWTH_500,321.34,2024-07-19T18:00:00,Credit,Baltimore,Branch,58,Engineer,1,12232.47,2024-07-17T11:00:00,USER_HISTORY_GROWTH,AC_GROWTH_500
TRANSACTIONSUSERGROWTH1000000125,AC_GROWTH_100,485.69,2024-07-20T02:00:00,Credit,Baltimore,ATM,40,Student,1,2979.03,2024-07-18T05:00:00,USER_HISTORY_GROWTH,AC_GROWTH_100
TRANSACTIONSUSERGROWTH1000000220,AC_GROWTH_500,324.14,2024-07-21T06:00:00,Debit,Baltimore,ATM,58,Engineer,3,5146.42,2024-07-19T18:00:00,USER_HISTORY_GROWTH,AC_GROWTH_500
TRANSACTIONSUSERGROWTH1000000221,AC_GROWTH_500,389.24,2024-07-22T09:00:00,Credit,Dallas,ATM,58,Engineer,1,11262.79,2024-07-21T06:00:00,USER_HISTORY_GROWTH,AC_GROWTH_500
TRANSACTIONSUSERGROWTH1000000126,AC_GROWTH_100,273.56,2024-07-22T23:00:00,Debit,Nashville,Online,40,Student,1,2836.21,2024-07-20T02:00:00,USER_HISTORY_GROWTH,AC_GROWTH_100
TRANSACTIONSUSERGROWTH1000000222,AC_GROWTH_500,417.62,2024-07-23T12:00:00,Debit,Dallas,ATM,58,Engineer,1,9432.60,2024-07-22T09:00:00,USER_HISTORY_GROWTH,AC_GROWTH_500
TRANSACTIONSUSERGROWTH1000000127,AC_GROWTH_100,198.75,2024-07-23T20:00:00,Debit,Nashville,ATM,40,Student,1,1795.15,2024-07-22T23:00:00,USER_HISTORY_GROWTH,AC_GROWTH_100
TRANSACTIONSUSERGROWTH1000000128,AC_GROWTH_100,206.33,2024-07-25T00:00:00,Debit,Fort Worth,Branch,40,Student,1,3983.65,2024-07-23T20:00:00,USER_HISTORY_GROWTH,AC_GROWTH_100
TRANSACTIONSUSERGROWTH1000000223,AC_GROWTH_500,221.79,2024-07-25T13:00:00,Credit,San Jose,ATM,58,Engineer,1,7953.41,2024-07-23T12:00:00,USER_HISTORY_GROWTH,AC_GROWTH_500
TRANSACTIONSUSERGROWTH1000000224,AC_GROWTH_500,336.75,2024-07-26T03:00:00,Debit,Baltimore,ATM,58,Engineer,1,10148.51,2024-07-25T13:00:00,USER_HISTORY_GROWTH,AC_GROWTH_500
TRANSACTIONSUSERGROWTH1000000129,AC_GROWTH_100,151.43,2024-07-26T21:00:00,Credit,Baltimore,Branch,40,Student,2,3036.61,2024-07-25T00:00:00,USER_HISTORY_GROWTH,AC_GROWTH_100
TRANSACTIONSUSERGROWTH1000000225,AC_GROWTH_500,485.29,2024-07-27T09:00:00,Debit,San Jose,ATM,58,Engineer,2,9010.50,2024-07-26T03:00:00,USER_HISTORY_GROWTH,AC_GROWTH_500
TRANSACTIONSUSERGROWTH1000000226,AC_GROWTH_500,292.90,2024-07-28T01:00:00,Credit,Baltimore,ATM,58,Engineer,1,11638.52,2024-07-27T09:00:00,USER_HISTORY_GROWTH,AC_GROWTH_500
TRANSACTIONSUSERGROWTH1000000227,AC_GROWTH_500,372.82,2024-07-29T01:00:00,Debit,Dallas,ATM,58,Engineer,1,11471.69,2024-07-28T01:00:00,USER_HISTORY_GROWTH,AC_GROWTH_500
TRANSACTIONSUSERGROWTH1000000130,AC_GROWTH_100,246.86,2024-07-29T07:00:00,Credit,Mesa,Online,40,Student,1,2776.02,2024-07-26T21:00:00,USER_HISTORY_GROWTH,AC_GROWTH_100
TRANSACTIONSUSERGROWTH1000000228,AC_GROWTH_500,747.83,2024-07-29T15:00:00,Debit,Baltimore,ATM,58,Engineer,1,3639.19,2024-07-29T01:00:00,USER_HISTORY_GROWTH,AC_GROWTH_500
TRANSACTIONSUSERGROWTH1000000229,AC_GROWTH_500,144.58,2024-07-30T19:00:00,Debit,Baltimore,ATM,58,Engineer,1,8349.32,2024-07-29T15:00:00,USER_HISTORY_GROWTH,AC_GROWTH_500
TRANSACTIONSUSERGROWTH1000000230,AC_GROWTH_500,706.01,2024-07-31T08:00:00,Credit,Dallas,ATM,58,Engineer,1,9419.86,2024-07-30T19:00:00,USER_HISTORY_GROWTH,AC_GROWTH_500
TRANSACTIONSUSERGROWTH1000000231,AC_GROWTH_500,558.90,2024-08-01T02:00:00,Debit,Dallas,ATM,58,Engineer,2,8918.43,2024-07-31T08:00:00,USER_HISTORY_GROWTH,AC_GROWTH_500
TRANSACTIONSUSERGROWTH1000000232,AC_GROWTH_500,449.32,2024-08-02T20:00:00,Credit,Baltimore,ATM,58,Engineer,1,9095.65,2024-08-01T02:00:00,USER_HISTORY_GROWTH,AC_GROWTH_500
TRANSACTIONSUSERGROWTH1000000233,AC_GROWTH_500,225.69,2024-08-04T13:00:00,Debit,Dallas,ATM,58,Engineer,1,12490.49,2024-08-02T20:00:00,USER_HISTORY_GROWTH,AC_GROWTH_500
TRANSACTIONSUSERGROWTH1000000234,AC_GROWTH_500,276.60,2024-08-06T04:00:00,Debit,Baltimore,ATM,58,Engineer,1,10125.39,2024-08-04T13:00:00,USER_HISTORY_GROWTH,AC_GROWTH_500
TRANSACTIONSUSERGROWTH1000000235,AC_GROWTH_500,332.15,2024-08-06T17:00:00,Credit,San Jose,ATM,58,Engineer,2,10103.17,2024-08-06T04:00:00,USER_HISTORY_GROWTH,AC_GROWTH_500
TRANSACTIONSUSERGROWTH1000000236,AC_GROWTH_500,349.26,2024-08-09T05:00:00,Debit,Baltimore,ATM,58,Engineer,1,11025.15,2024-08-06T17:00:00,USER_HISTORY_GROWTH,AC_GROWTH_500
TRANSACTIONSUSERGROWTH1000000237,AC_GROWTH_500,138.79,2024-08-12T02:00:00,Credit,San Jose,ATM,58,Engineer,3,12568.79,2024-08-09T05:00:00,USER_HISTORY_GROWTH,AC_GROWTH_500
TRANSACTIONSUSERGROWTH1000000238,AC_GROWTH_500,5.73,2024-08-13T21:00:00,Credit,San Jose,Branch,58,Engineer,1,11553.96,2024-08-12T02:00:00,USER_HISTORY_GROWTH,AC_GROWTH_500
TRANSACTIONSUSERGROWTH1000000239,AC_GROWTH_500,405.78,2024-08-16T00:00:00,Debit,Dallas,ATM,58,Engineer,1,11247.20,2024-08-13T21:00:00,USER_HISTORY_GROWTH,AC_GROWTH_500
TRANSACTIONSUSERGROWTH1000000240,AC_GROWTH_500,390.57,2024-08-18T05:00:00,Debit,Dallas,ATM,58,Engineer,3,8265.62,2024-08-16T00:00:00,USER_HISTORY_GROWTH,AC_GROWTH_500
TRANSACTIONSUSERGROWTH1000000241,AC_GROWTH_500,227.95,2024-08-19T13:00:00,Debit,Dallas,Branch,58,Engineer,2,7587.49,2024-08-18T05:00:00,USER_HISTORY_GROWTH,AC_GROWTH_500
TRANSACTIONSUSERGROWTH1000000242,AC_GROWTH_500,379.28,2024-08-20T18:00:00,Debit,San Jose,Branch,58,Engineer,2,7244.03,2024-08-19T13:00:00,USER_HISTORY_GROWTH,AC_GROWTH_500
TRANSACTIONSUSERGROWTH1000000243,AC_GROWTH_500,363.99,2024-08-21T15:00:00,Debit,San Jose,ATM,58,Engineer,1,6969.41,2024-08-20T18:00:00,USER_HISTORY_GROWTH,AC_GROWTH_500
TRANSACTIONSUSERGROWTH1000000244,AC_GROWTH_500,270.32,2024-08-24T07:00:00,Debit,San Jose,ATM,58,Engineer,1,8872.29,2024-08-21T15:00:00,USER_HISTORY_GROWTH,AC_GROWTH_500
TRANSACTIONSUSERGROWTH1000000245,AC_GROWTH_500,211.22,2024-08-25T20:00:00,Credit,San Jose,Branch,58,Engineer,1,9709.32,2024-08-24T07:00:00,USER_HISTORY_GROWTH,AC_GROWTH_500
TRANSACTIONSUSERGROWTH1000000246,AC_GROWTH_500,342.83,2024-08-27T07:00:00,Credit,San Jose,Branch,58,Engineer,2,9502.11,2024-08-25T20:00:00,USER_HISTORY_GROWTH,AC_GROWTH_500
TRANSACTIONSUSERGROWTH1000000247,AC_GROWTH_500,650.77,2024-08-28T17:00:00,Debit,San Jose,Branch,58,Engineer,1,11667.95,2024-08-27T07:00:00,USER_HISTORY_GROWTH,AC_GROWTH_500
TRANSACTIONSUSERGROWTH1000000248,AC_GROWTH_500,368.21,2024-08-30T02:00:00,Debit,Dallas,Branch,58,Engineer,1,10672.65,2024-08-28T17:00:00,USER_HISTORY_GROWTH,AC_GROWTH_500
TRANSACTIONSUSERGROWTH1000000249,AC_GROWTH_500,181.05,2024-09-01T14:00:00,Credit,Baltimore,ATM,58,Engineer,1,4478.66,2024-08-30T02:00:00,USER_HISTORY_GROWTH,AC_GROWTH_500
TRANSACTIONSUSERGROWTH1000000250,AC_GROWTH_500,47.96,2024-09-04T04:00:00,Credit,San Jose,ATM,58,Engineer,1,10947.55,2024-09-01T14:00:00,USER_HISTORY_GROWTH,AC_GROWTH_500
TRANSACTIONSUSERGROWTH1000000251,AC_GROWTH_500,98.69,2024-09-06T02:00:00,Debit,San Jose,ATM,58,Engineer,1,10295.16,2024-09-04T04:00:00,USER_HISTORY_GROWTH,AC_GROWTH_500
TRANSACTIONSUSERGROWTH1000000252,AC_GROWTH_500,618.96,2024-09-06T18:00:00,Debit,Baltimore,ATM,58,Engineer,1,12214.50,2024-09-06T02:00:00,USER_HISTORY_GROWTH,AC_GROWTH_500
TRANSACTIONSUSERGROWTH1000000253,AC_GROWTH_500,353.84,2024-09-09T02:00:00,Debit,Dallas,ATM,58,Engineer,1,10760.96,2024-09-06T18:00:00,USER_HISTORY_GROWTH,AC_GROWTH_500
TRANSACTIONSUSERGROWTH1000000254,AC_GROWTH_500,345.23,2024-09-10T07:00:00,Credit,Baltimore,Branch,58,Engineer,1,11352.05,2024-09-09T02:00:00,USER_HISTORY_GROWTH,AC_GROWTH_500
TRANSACTIONSUSERGROWTH1000000255,AC_GROWTH_500,134.88,2024-09-11T10:00:00,Credit,Dallas,ATM,58,Engineer,1,7695.30,2024-09-10T07:00:00,USER_HISTORY_GROWTH,AC_GROWTH_500
TRANSACTIONSUSERGROWTH1000000256,AC_GROWTH_500,387.13,2024-09-13T08:00:00,Debit,Baltimore,ATM,58,Engineer,1,4599.56,2024-09-11T10:00:00,USER_HISTORY_GROWTH,AC_GROWTH_500
TRANSACTIONSUSERGROWTH1000000257,AC_GROWTH_500,404.89,2024-09-15T16:00:00,Credit,San Jose,ATM,58,Engineer,3,9718.01,2024-09-13T08:00:00,USER_HISTORY_GROWTH,AC_GROWTH_500
TRANSACTIONSUSERGROWTH1000000258,AC_GROWTH_500,5.00,2024-09-16T11:00:00,Debit,Dallas,ATM,58,Engineer,2,13834.89,2024-09-15T16:00:00,USER_HISTORY_GROWTH,AC_GROWTH_500
TRANSACTIONSUSERGROWTH1000000259,AC_GROWTH_500,371.33,2024-09-18T14:00:00,Debit,Baltimore,ATM,58,Engineer,1,13628.82,2024-09-16T11:00:00,USER_HISTORY_GROWTH,AC_GROWTH_500
TRANSACTIONSUSERGROWTH1000000260,AC_GROWTH_500,207.73,2024-09-20T09:00:00,Debit,Dallas,Branch,58,Engineer,1,9825.69,2024-09-18T14:00:00,USER_HISTORY_GROWTH,AC_GROWTH_500
TRANSACTIONSUSERGROWTH1000000261,AC_GROWTH_500,108.53,2024-09-23T05:00:00,Debit,Baltimore,Branch,58,Engineer,1,7476.66,2024-09-20T09:00:00,USER_HISTORY_GROWTH,AC_GROWTH_500
TRANSACTIONSUSERGROWTH1000000262,AC_GROWTH_500,474.71,2024-09-25T00:00:00,Credit,Baltimore,ATM,58,Engineer,1,6169.88,2024-09-23T05:00:00,USER_HISTORY_GROWTH,AC_GROWTH_500
TRANSACTIONSUSERGROWTH1000000263,AC_GROWTH_500,194.84,2024-09-26T14:00:00,Debit,Dallas,ATM,58,Engineer,1,5061.38,2024-09-25T00:00:00,USER_HISTORY_GROWTH,AC_GROWTH_500
TRANSACTIONSUSERGROWTH1000000264,AC_GROWTH_500,228.85,2024-09-28T09:00:00,Debit,Dallas,Branch,58,Engineer,1,6443.11,2024-09-26T14:00:00,USER_HISTORY_GROWTH,AC_GROWTH_500
TRANSACTIONSUSERGROWTH1000000265,AC_GROWTH_500,407.00,2024-09-30T08:00:00,Debit,Baltimore,ATM,58,Engineer,1,5516.40,2024-09-28T09:00:00,USER_HISTORY_GROWTH,AC_GROWTH_500
TRANSACTIONSUSERGROWTH1000000266,AC_GROWTH_500,248.92,2024-10-01T18:00:00,Debit,Baltimore,ATM,58,Engineer,1,11306.88,2024-09-30T08:00:00,USER_HISTORY_GROWTH,AC_GROWTH_500
TRANSACTIONSUSERGROWTH1000000267,AC_GROWTH_500,377.27,2024-10-03T00:00:00,Debit,San Jose,ATM,58,Engineer,1,8072.14,2024-10-01T18:00:00,USER_HISTORY_GROWTH,AC_GROWTH_500
TRANSACTIONSUSERGROWTH1000000268,AC_GROWTH_500,271.58,2024-10-05T13:00:00,Debit,Dallas,ATM,58,Engineer,2,6949.65,2024-10-03T00:00:00,USER_HISTORY_GROWTH,AC_GROWTH_500
TRANSACTIONSUSERGROWTH1000000269,AC_GROWTH_500,184.99,2024-10-08T12:00:00,Credit,Dallas,Branch,58,Engineer,1,9189.80,2024-10-05T13:00:00,USER_HISTORY_GROWTH,AC_GROWTH_500
TRANSACTIONSUSERGROWTH1000000270,AC_GROWTH_500,654.35,2024-10-10T02:00:00,Debit,San Jose,ATM,58,Engineer,1,6635.73,2024-10-08T12:00:00,USER_HISTORY_GROWTH,AC_GROWTH_500
TRANSACTIONSUSERGROWTH1000000271,AC_GROWTH_500,316.30,2024-10-11T09:00:00,Credit,Baltimore,Branch,58,Engineer,2,6330.47,2024-10-10T02:00:00,USER_HISTORY_GROWTH,AC_GROWTH_500
TRANSACTIONSUSERGROWTH1000000272,AC_GROWTH_500,567.14,2024-10-14T03:00:00,Credit,Dallas,ATM,58,Engineer,2,4371.83,2024-10-11T09:00:00,USER_HISTORY_GROWTH,AC_GROWTH_500
TRANSACTIONSUSERGROWTH1000000273,AC_GROWTH_500,269.34,2024-10-16T20:00:00,Credit,San Jose,ATM,58,Engineer,1,10800.21,2024-10-14T03:00:00,USER_HISTORY_GROWTH,AC_GROWTH_500
TRANSACTIONSUSERGROWTH1000000274,AC_GROWTH_500,385.26,2024-10-18T17:00:00,Debit,Dallas,Branch,58,Engineer,1,10757.63,2024-10-16T20:00:00,USER_HISTORY_GROWTH,AC_GROWTH_500
TRANSACTIONSUSERGROWTH1000000275,AC_GROWTH_500,299.93,2024-10-21T14:00:00,Debit,Baltimore,ATM,58,Engineer,1,13473.77,2024-10-18T17:00:00,USER_HISTORY_GROWTH,AC_GROWTH_500
TRANSACTIONSUSERGROWTH1000000276,AC_GROWTH_500,192.94,2024-10-23T05:00:00,Debit,Dallas,Branch,58,Engineer,1,7335.77,2024-10-21T14:00:00,USER_HISTORY_GROWTH,AC_GROWTH_500
TRANSACTIONSUSERGROWTH1000000277,AC_GROWTH_500,538.07,2024-10-26T04:00:00,Credit,Baltimore,Branch,58,Engineer,1,6986.88,2024-10-23T05:00:00,USER_HISTORY_GROWTH,AC_GROWTH_500
TRANSACTIONSUSERGROWTH1000000278,AC_GROWTH_500,78.26,2024-10-28T05:00:00,Debit,Baltimore,ATM,58,Engineer,1,9288.16,2024-10-26T04:00:00,USER_HISTORY_GROWTH,AC_GROWTH_500
TRANSACTIONSUSERGROWTH1000000279,AC_GROWTH_500,162.91,2024-10-30T15:00:00,Credit,Baltimore,Branch,58,Engineer,1,12474.42,2024-10-28T05:00:00,USER_HISTORY_GROWTH,AC_GROWTH_500
TRANSACTIONSUSERGROWTH1000000280,AC_GROWTH_500,298.82,2024-10-31T03:00:00,Debit,Dallas,ATM,58,Engineer,1,11168.96,2024-10-30T15:00:00,USER_HISTORY_GROWTH,AC_GROWTH_500
TRANSACTIONSUSERGROWTH1000000281,AC_GROWTH_500,273.80,2024-10-31T17:00:00,Debit,San Jose,Branch,58,Engineer,1,6314.89,2024-10-31T03:00:00,USER_HISTORY_GROWTH,AC_GROWTH_500
TRANSACTIONSUSERGROWTH1000000282,AC_GROWTH_500,510.99,2024-11-01T08:00:00,Credit,Dallas,ATM,58,Engineer,1,5720.78,2024-10-31T17:00:00,USER_HISTORY_GROWTH,AC_GROWTH_500
TRANSACTIONSUSERGROWTH1000000283,AC_GROWTH_500,227.24,2024-11-03T07:00:00,Debit,Baltimore,Branch,58,Engineer,1,12718.98,2024-11-01T08:00:00,USER_HISTORY_GROWTH,AC_GROWTH_500
TRANSACTIONSUSERGROWTH1000000284,AC_GROWTH_500,256.79,2024-11-04T19:00:00,Debit,Dallas,Branch,58,Engineer,1,9251.56,2024-11-03T07:00:00,USER_HISTORY_GROWTH,AC_GROWTH_500
TRANSACTIONSUSERGROWTH1000000285,AC_GROWTH_500,260.92,2024-11-05T15:00:00,Debit,Baltimore,Branch,58,Engineer,1,6388.73,2024-11-04T19:00:00,USER_HISTORY_GROWTH,AC_GROWTH_500
TRANSACTIONSUSERGROWTH1000000286,AC_GROWTH_500,343.91,2024-11-06T07:00:00,Credit,Baltimore,ATM,58,Engineer,2,8271.46,2024-11-05T15:00:00,USER_HISTORY_GROWTH,AC_GROWTH_500
TRANSACTIONSUSERGROWTH1000000287,AC_GROWTH_500,487.63,2024-11-08T00:00:00,Debit,San Jose,ATM,58,Engineer,1,8309.35,2024-11-06T07:00:00,USER_HISTORY_GROWTH,AC_GROWTH_500
TRANSACTIONSUSERGROWTH1000000288,AC_GROWTH_500,308.09,2024-11-08T21:00:00,Debit,San Jose,ATM,58,Engineer,1,7072.45,2024-11-08T00:00:00,USER_HISTORY_GROWTH,AC_GROWTH_500
TRANSACTIONSUSERGROWTH1000000289,AC_GROWTH_500,257.05,2024-11-11T20:00:00,Debit,Dallas,ATM,58,Engineer,1,8101.99,2024-11-08T21:00:00,USER_HISTORY_GROWTH,AC_GROWTH_500
TRANSACTIONSUSERGROWTH1000000290,AC_GROWTH_500,353.95,2024-11-13T00:00:00,Credit,San Jose,Branch,58,Engineer,3,8986.46,2024-11-11T20:00:00,USER_HISTORY_GROWTH,AC_GROWTH_500
TRANSACTIONSUSERGROWTH1000000291,AC_GROWTH_500,526.01,2024-11-15T02:00:00,Debit,Baltimore,ATM,58,Engineer,2,8205.40,2024-11-13T00:00:00,USER_HISTORY_GROWTH,AC_GROWTH_500
TRANSACTIONSUSERGROWTH1000000292,AC_GROWTH_500,87.55,2024-11-17T22:00:00,Debit,Dallas,ATM,58,Engineer,1,9774.45,2024-11-15T02:00:00,USER_HISTORY_GROWTH,AC_GROWTH_500
TRANSACTIONSUSERGROWTH1000000293,AC_GROWTH_500,280.94,2024-11-19T07:00:00,Credit,San Jose,ATM,58,Engineer,2,4550.93,2024-11-17T22:00:00,USER_HISTORY_GROWTH,AC_GROWTH_500
TRANSACTIONSUSERGROWTH1000000294,AC_GROWTH_500,441.83,2024-11-21T16:00:00,Debit,San Jose,Branch,58,Engineer,3,6565.73,2024-11-19T07:00:00,USER_HISTORY_GROWTH,AC_GROWTH_500
TRANSACTIONSUSERGROWTH1000000295,AC_GROWTH_500,156.66,2024-11-23T11:00:00,Debit,San Jose,Branch,58,Engineer,2,9437.51,2024-11-21T16:00:00,USER_HISTORY_GROWTH,AC_GROWTH_500
TRANSACTIONSUSERGROWTH1000000296,AC_GROWTH_500,193.35,2024-11-24T22:00:00,Debit,Baltimore,ATM,58,Engineer,2,9347.39,2024-11-23T11:00:00,USER_HISTORY_GROWTH,AC_GROWTH_500
TRANSACTIONSUSERGROWTH1000000297,AC_GROWTH_500,260.62,2024-11-25T12:00:00,Credit,Baltimore,ATM,58,Engineer,1,8499.59,2024-11-24T22:00:00,USER_HISTORY_GROWTH,AC_GROWTH_500
TRANSACTIONSUSERGROWTH1000000298,AC_GROWTH_500,266.08,2024-11-28T12:00:00,Debit,Baltimore,ATM,58,Engineer,1,9210.92,2024-11-25T12:00:00,USER_HISTORY_GROWTH,AC_GROWTH_500
TRANSACTIONSUSERGROWTH1000000299,AC_GROWTH_500,139.71,2024-11-29T00:00:00,Credit,Baltimore,ATM,58,Engineer,1,13028.81,2024-11-28T12:00:00,USER_HISTORY_GROWTH,AC_GROWTH_500
TRANSACTIONSUSERGROWTH1000000300,AC_GROWTH_500,496.91,2024-12-02T00:00:00,Credit,Baltimore,ATM,58,Engineer,1,8690.33,2024-11-29T00:00:00,USER_HISTORY_GROWTH,AC_GROWTH_500
TRANSACTIONSUSERGROWTH1000000301,AC_GROWTH_500,553.88,2024-12-04T16:00:00,Debit,Dallas,ATM,58,Engineer,1,9191.17,2024-12-02T00:00:00,USER_HISTORY_GROWTH,AC_GROWTH_500
TRANSACTIONSUSERGROWTH1000000302,AC_GROWTH_500,551.19,2024-12-07T16:00:00,Credit,Dallas,ATM,58,Engineer,1,8338.67,2024-12-04T16:00:00,USER_HISTORY_GROWTH,AC_GROWTH_500
TRANSACTIONSUSERGROWTH1000000303,AC_GROWTH_500,484.02,2024-12-09T22:00:00,Debit,San Jose,Branch,58,Engineer,1,8008.33,2024-12-07T16:00:00,USER_HISTORY_GROWTH,AC_GROWTH_500
TRANSACTIONSUSERGROWTH1000000304,AC_GROWTH_500,481.70,2024-12-11T10:00:00,Credit,Dallas,ATM,58,Engineer,1,11361.87,2024-12-09T22:00:00,USER_HISTORY_GROWTH,AC_GROWTH_500
TRANSACTIONSUSERGROWTH1000000305,AC_GROWTH_500,241.36,2024-12-13T05:00:00,Credit,San Jose,ATM,58,Engineer,1,879.81,2024-12-11T10:00:00,USER_HISTORY_GROWTH,AC_GROWTH_500
TRANSACTIONSUSERGROWTH1000000306,AC_GROWTH_500,721.76,2024-12-14T05:00:00,Debit,Baltimore,ATM,58,Engineer,2,6671.94,2024-12-13T05:00:00,USER_HISTORY_GROWTH,AC_GROWTH_500
TRANSACTIONSUSERGROWTH1000000307,AC_GROWTH_500,246.53,2024-12-16T20:00:00,Debit,Dallas,Branch,58,Engineer,1,6456.56,2024-12-14T05:00:00,USER_HISTORY_GROWTH,AC_GROWTH_500
TRANSACTIONSUSERGROWTH1000000308,AC_GROWTH_500,405.26,2024-12-17T12:00:00,Credit,Dallas,ATM,58,Engineer,1,5428.29,2024-12-16T20:00:00,USER_HISTORY_GROWTH,AC_GROWTH_500
TRANSACTIONSUSERGROWTH1000000309,AC_GROWTH_500,313.77,2024-12-18T01:00:00,Debit,Baltimore,Branch,58,Engineer,1,7964.11,2024-12-17T12:00:00,USER_HISTORY_GROWTH,AC_GROWTH_500
TRANSACTIONSUSERGROWTH1000000310,AC_GROWTH_500,173.63,2024-12-18T15:00:00,Debit,San Jose,ATM,58,Engineer,1,10950.11,2024-12-18T01:00:00,USER_HISTORY_GROWTH,AC_GROWTH_500
TRANSACTIONSUSERGROWTH1000000311,AC_GROWTH_500,464.40,2024-12-20T19:00:00,Debit,San Jose,ATM,58,Engineer,1,6360.26,2024-12-18T15:00:00,USER_HISTORY_GROWTH,AC_GROWTH_500
TRANSACTIONSUSERGROWTH1000000312,AC_GROWTH_500,225.30,2024-12-21T08:00:00,Debit,Baltimore,ATM,58,Engineer,1,9533.20,2024-12-20T19:00:00,USER_HISTORY_GROWTH,AC_GROWTH_500
TRANSACTIONSUSERGROWTH1000000313,AC_GROWTH_500,36.85,2024-12-23T04:00:00,Credit,Baltimore,ATM,58,Engineer,1,13381.93,2024-12-21T08:00:00,USER_HISTORY_GROWTH,AC_GROWTH_500
TRANSACTIONSUSERGROWTH1000000314,AC_GROWTH_500,85.84,2024-12-25T01:00:00,Debit,San Jose,ATM,58,Engineer,1,7891.73,2024-12-23T04:00:00,USER_HISTORY_GROWTH,AC_GROWTH_500
TRANSACTIONSUSERGROWTH1000000315,AC_GROWTH_500,286.62,2024-12-26T09:00:00,Debit,San Jose,Branch,58,Engineer,2,10136.62,2024-12-25T01:00:00,USER_HISTORY_GROWTH,AC_GROWTH_500
TRANSACTIONSUSERGROWTH1000000316,AC_GROWTH_500,5.00,2024-12-28T11:00:00,Debit,San Jose,Branch,58,Engineer,1,8908.51,2024-12-26T09:00:00,USER_HISTORY_GROWTH,AC_GROWTH_500
TRANSACTIONSUSERGROWTH1000000317,AC_GROWTH_500,272.57,2024-12-30T08:00:00,Credit,Dallas,ATM,58,Engineer,1,10833.48,2024-12-28T11:00:00,USER_HISTORY_GROWTH,AC_GROWTH_500
TRANSACTIONSUSERGROWTH1000000318,AC_GROWTH_500,357.32,2025-01-02T06:00:00,Debit,Baltimore,ATM,58,Engineer,1,7302.08,2024-12-30T08:00:00,USER_HISTORY_GROWTH,AC_GROWTH_500
TRANSACTIONSUSERGROWTH1000000319,AC_GROWTH_500,544.84,2025-01-04T07:00:00,Credit,Dallas,Branch,58,Engineer,1,9754.46,2025-01-02T06:00:00,USER_HISTORY_GROWTH,AC_GROWTH_500
TRANSACTIONSUSERGROWTH1000000320,AC_GROWTH_500,380.97,2025-01-05T08:00:00,Debit,Dallas,ATM,58,Engineer,1,8761.79,2025-01-04T07:00:00,USER_HISTORY_GROWTH,AC_GROWTH_500
TRANSACTIONSUSERGROWTH1000000321,AC_GROWTH_500,164.67,2025-01-06T03:00:00,Credit,Dallas,ATM,58,Engineer,1,8925.88,2025-01-05T08:00:00,USER_HISTORY_GROWTH,AC_GROWTH_500
TRANSACTIONSUSERGROWTH1000000322,AC_GROWTH_500,273.96,2025-01-07T09:00:00,Debit,San Jose,ATM,58,Engineer,1,6781.93,2025-01-06T03:00:00,USER_HISTORY_GROWTH,AC_GROWTH_500
TRANSACTIONSUSERGROWTH1000000323,AC_GROWTH_500,405.82,2025-01-09T06:00:00,Debit,Baltimore,Branch,58,Engineer,1,8468.95,2025-01-07T09:00:00,USER_HISTORY_GROWTH,AC_GROWTH_500
TRANSACTIONSUSERGROWTH1000000324,AC_GROWTH_500,554.54,2025-01-11T04:00:00,Debit,Dallas,ATM,58,Engineer,1,8166.64,2025-01-09T06:00:00,USER_HISTORY_GROWTH,AC_GROWTH_500
TRANSACTIONSUSERGROWTH1000000325,AC_GROWTH_500,559.62,2025-01-12T06:00:00,Credit,Dallas,ATM,58,Engineer,1,6574.99,2025-01-11T04:00:00,USER_HISTORY_GROWTH,AC_GROWTH_500
TRANSACTIONSUSERGROWTH1000000326,AC_GROWTH_500,260.78,2025-01-14T07:00:00,Credit,San Jose,ATM,58,Engineer,1,7186.33,2025-01-12T06:00:00,USER_HISTORY_GROWTH,AC_GROWTH_500
TRANSACTIONSUSERGROWTH1000000327,AC_GROWTH_500,291.52,2025-01-15T00:00:00,Debit,Dallas,ATM,58,Engineer,1,8620.64,2025-01-14T07:00:00,USER_HISTORY_GROWTH,AC_GROWTH_500
TRANSACTIONSUSERGROWTH1000000328,AC_GROWTH_500,494.47,2025-01-17T23:00:00,Credit,Baltimore,ATM,58,Engineer,3,6997.82,2025-01-15T00:00:00,USER_HISTORY_GROWTH,AC_GROWTH_500
TRANSACTIONSUSERGROWTH1000000329,AC_GROWTH_500,481.79,2025-01-20T13:00:00,Debit,Dallas,ATM,58,Engineer,1,9185.14,2025-01-17T23:00:00,USER_HISTORY_GROWTH,AC_GROWTH_500
TRANSACTIONSUSERGROWTH1000000330,AC_GROWTH_500,362.01,2025-01-22T09:00:00,Debit,Dallas,ATM,58,Engineer,2,10290.42,2025-01-20T13:00:00,USER_HISTORY_GROWTH,AC_GROWTH_500
TRANSACTIONSUSERGROWTH1000000331,AC_GROWTH_500,561.71,2025-01-23T22:00:00,Debit,Dallas,Branch,58,Engineer,2,6783.93,2025-01-22T09:00:00,USER_HISTORY_GROWTH,AC_GROWTH_500
TRANSACTIONSUSERGROWTH1000000332,AC_GROWTH_500,450.28,2025-01-25T02:00:00,Debit,San Jose,ATM,58,Engineer,1,7079.07,2025-01-23T22:00:00,USER_HISTORY_GROWTH,AC_GROWTH_500
TRANSACTIONSUSERGROWTH1000000333,AC_GROWTH_500,533.08,2025-01-26T00:00:00,Debit,Baltimore,Branch,58,Engineer,1,5755.53,2025-01-25T02:00:00,USER_HISTORY_GROWTH,AC_GROWTH_500
TRANSACTIONSUSERGROWTH1000000334,AC_GROWTH_500,149.24,2025-01-28T06:00:00,Debit,Dallas,ATM,58,Engineer,1,10316.99,2025-01-26T00:00:00,USER_HISTORY_GROWTH,AC_GROWTH_500
TRANSACTIONSUSERGROWTH1000000335,AC_GROWTH_500,577.88,2025-01-29T18:00:00,Credit,Baltimore,ATM,58,Engineer,1,4508.01,2025-01-28T06:00:00,USER_HISTORY_GROWTH,AC_GROWTH_500
TRANSACTIONSUSERGROWTH1000000336,AC_GROWTH_500,432.18,2025-01-31T19:00:00,Debit,Dallas,Branch,58,Engineer,1,10764.24,2025-01-29T18:00:00,USER_HISTORY_GROWTH,AC_GROWTH_500
TRANSACTIONSUSERGROWTH1000000337,AC_GROWTH_500,499.64,2025-02-02T02:00:00,Debit,San Jose,ATM,58,Engineer,1,9165.94,2025-01-31T19:00:00,USER_HISTORY_GROWTH,AC_GROWTH_500
TRANSACTIONSUSERGROWTH1000000338,AC_GROWTH_500,591.46,2025-02-02T16:00:00,Debit,Baltimore,Branch,58,Engineer,2,7635.34,2025-02-02T02:00:00,USER_HISTORY_GROWTH,AC_GROWTH_500
TRANSACTIONSUSERGROWTH1000000339,AC_GROWTH_500,245.08,2025-02-04T18:00:00,Debit,Baltimore,ATM,58,Engineer,1,8559.47,2025-02-02T16:00:00,USER_HISTORY_GROWTH,AC_GROWTH_500
TRANSACTIONSUSERGROWTH1000000340,AC_GROWTH_500,507.65,2025-02-06T06:00:00,Debit,Dallas,ATM,58,Engineer,1,7708.28,2025-02-04T18:00:00,USER_HISTORY_GROWTH,AC_GROWTH_500
TRANSACTIONSUSERGROWTH1000000341,AC_GROWTH_500,453.30,2025-02-07T12:00:00,Debit,San Jose,ATM,58,Engineer,1,12103.76,2025-02-06T06:00:00,USER_HISTORY_GROWTH,AC_GROWTH_500
TRANSACTIONSUSERGROWTH1000000342,AC_GROWTH_500,358.02,2025-02-08T04:00:00,Debit,San Jose,ATM,58,Engineer,1,6210.91,2025-02-07T12:00:00,USER_HISTORY_GROWTH,AC_GROWTH_500
TRANSACTIONSUSERGROWTH1000000343,AC_GROWTH_500,387.28,2025-02-09T03:00:00,Credit,Dallas,ATM,58,Engineer,1,11455.13,2025-02-08T04:00:00,USER_HISTORY_GROWTH,AC_GROWTH_500
TRANSACTIONSUSERGROWTH1000000344,AC_GROWTH_500,602.12,2025-02-10T08:00:00,Debit,Dallas,Branch,58,Engineer,3,9878.70,2025-02-09T03:00:00,USER_HISTORY_GROWTH,AC_GROWTH_500
TRANSACTIONSUSERGROWTH1000000345,AC_GROWTH_500,65.10,2025-02-12T05:00:00,Debit,Baltimore,Branch,58,Engineer,1,9015.03,2025-02-10T08:00:00,USER_HISTORY_GROWTH,AC_GROWTH_500
TRANSACTIONSUSERGROWTH1000000346,AC_GROWTH_500,407.12,2025-02-14T23:00:00,Debit,Baltimore,ATM,58,Engineer,1,7587.24,2025-02-12T05:00:00,USER_HISTORY_GROWTH,AC_GROWTH_500
TRANSACTIONSUSERGROWTH1000000347,AC_GROWTH_500,347.92,2025-02-16T09:00:00,Debit,Baltimore,Branch,58,Engineer,1,9741.50,2025-02-14T23:00:00,USER_HISTORY_GROWTH,AC_GROWTH_500
TRANSACTIONSUSERGROWTH1000000348,AC_GROWTH_500,436.10,2025-02-18T15:00:00,Debit,San Jose,Branch,58,Engineer,1,7404.59,2025-02-16T09:00:00,USER_HISTORY_GROWTH,AC_GROWTH_500
TRANSACTIONSUSERGROWTH1000000349,AC_GROWTH_500,223.78,2025-02-20T21:00:00,Debit,San Jose,ATM,58,Engineer,1,7741.96,2025-02-18T15:00:00,USER_HISTORY_GROWTH,AC_GROWTH_500
TRANSACTIONSUSERGROWTH1000000350,AC_GROWTH_500,445.04,2025-02-21T14:00:00,Credit,San Jose,Branch,58,Engineer,2,10301.41,2025-02-20T21:00:00,USER_HISTORY_GROWTH,AC_GROWTH_500
TRANSACTIONSUSERGROWTH1000000351,AC_GROWTH_500,305.01,2025-02-24T00:00:00,Credit,Dallas,ATM,58,Engineer,1,6076.22,2025-02-21T14:00:00,USER_HISTORY_GROWTH,AC_GROWTH_500
TRANSACTIONSUSERGROWTH1000000352,AC_GROWTH_500,388.84,2025-02-25T03:00:00,Debit,Dallas,Branch,58,Engineer,1,12190.18,2025-02-24T00:00:00,USER_HISTORY_GROWTH,AC_GROWTH_500
TRANSACTIONSUSERGROWTH1000000353,AC_GROWTH_500,428.58,2025-02-27T00:00:00,Debit,Dallas,Branch,58,Engineer,2,8035.19,2025-02-25T03:00:00,USER_HISTORY_GROWTH,AC_GROWTH_500
TRANSACTIONSUSERGROWTH1000000354,AC_GROWTH_500,327.29,2025-03-01T03:00:00,Credit,San Jose,Branch,58,Engineer,2,9506.79,2025-02-27T00:00:00,USER_HISTORY_GROWTH,AC_GROWTH_500
TRANSACTIONSUSERGROWTH1000000355,AC_GROWTH_500,25.18,2025-03-01T22:00:00,Debit,Baltimore,ATM,58,Engineer,1,13535.28,2025-03-01T03:00:00,USER_HISTORY_GROWTH,AC_GROWTH_500
TRANSACTIONSUSERGROWTH1000000356,AC_GROWTH_500,380.07,2025-03-03T19:00:00,Credit,San Jose,ATM,58,Engineer,2,13448.15,2025-03-01T22:00:00,USER_HISTORY_GROWTH,AC_GROWTH_500
TRANSACTIONSUSERGROWTH1000000357,AC_GROWTH_500,310.60,2025-03-05T21:00:00,Debit,San Jose,Branch,58,Engineer,1,11885.21,2025-03-03T19:00:00,USER_HISTORY_GROWTH,AC_GROWTH_500
TRANSACTIONSUSERGROWTH1000000358,AC_GROWTH_500,599.10,2025-03-08T10:00:00,Debit,Dallas,Branch,58,Engineer,1,6148.87,2025-03-05T21:00:00,USER_HISTORY_GROWTH,AC_GROWTH_500
TRANSACTIONSUSERGROWTH1000000359,AC_GROWTH_500,96.83,2025-03-11T03:00:00,Credit,Baltimore,ATM,58,Engineer,1,8126.75,2025-03-08T10:00:00,USER_HISTORY_GROWTH,AC_GROWTH_500
TRANSACTIONSUSERGROWTH1000000360,AC_GROWTH_500,205.71,2025-03-13T09:00:00,Credit,Dallas,ATM,58,Engineer,1,12835.50,2025-03-11T03:00:00,USER_HISTORY_GROWTH,AC_GROWTH_500
TRANSACTIONSUSERGROWTH1000000361,AC_GROWTH_500,311.23,2025-03-14T05:00:00,Credit,Dallas,Branch,58,Engineer,1,10801.36,2025-03-13T09:00:00,USER_HISTORY_GROWTH,AC_GROWTH_500
TRANSACTIONSUSERGROWTH1000000362,AC_GROWTH_500,207.96,2025-03-16T07:00:00,Debit,San Jose,ATM,58,Engineer,1,6759.51,2025-03-14T05:00:00,USER_HISTORY_GROWTH,AC_GROWTH_500
TRANSACTIONSUSERGROWTH1000000363,AC_GROWTH_500,478.30,2025-03-19T06:00:00,Debit,Dallas,Branch,58,Engineer,2,12382.38,2025-03-16T07:00:00,USER_HISTORY_GROWTH,AC_GROWTH_500
TRANSACTIONSUSERGROWTH1000000364,AC_GROWTH_500,137.38,2025-03-21T13:00:00,Debit,San Jose,Branch,58,Engineer,1,5866.95,2025-03-19T06:00:00,USER_HISTORY_GROWTH,AC_GROWTH_500
TRANSACTIONSUSERGROWTH1000000365,AC_GROWTH_500,5.00,2025-03-23T10:00:00,Debit,San Jose,Branch,58,Engineer,1,8427.75,2025-03-21T13:00:00,USER_HISTORY_GROWTH,AC_GROWTH_500
TRANSACTIONSUSERGROWTH1000000366,AC_GROWTH_500,425.61,2025-03-25T12:00:00,Credit,San Jose,ATM,58,Engineer,1,8623.46,2025-03-23T10:00:00,USER_HISTORY_GROWTH,AC_GROWTH_500
TRANSACTIONSUSERGROWTH1000000367,AC_GROWTH_500,448.89,2025-03-26T04:00:00,Credit,Baltimore,Branch,58,Engineer,1,10103.31,2025-03-25T12:00:00,USER_HISTORY_GROWTH,AC_GROWTH_500
TRANSACTIONSUSERGROWTH1000000368,AC_GROWTH_500,316.85,2025-03-27T20:00:00,Debit,Baltimore,ATM,58,Engineer,1,8434.35,2025-03-26T04:00:00,USER_HISTORY_GROWTH,AC_GROWTH_500
TRANSACTIONSUSERGROWTH1000000369,AC_GROWTH_500,135.66,2025-03-29T11:00:00,Debit,San Jose,Branch,58,Engineer,1,4283.05,2025-03-27T20:00:00,USER_HISTORY_GROWTH,AC_GROWTH_500
TRANSACTIONSUSERGROWTH1000000370,AC_GROWTH_500,364.63,2025-04-01T01:00:00,Credit,San Jose,Branch,58,Engineer,2,9561.66,2025-03-29T11:00:00,USER_HISTORY_GROWTH,AC_GROWTH_500
TRANSACTIONSUSERGROWTH1000000371,AC_GROWTH_500,51.97,2025-04-02T18:00:00,Debit,Dallas,Branch,58,Engineer,1,7486.43,2025-04-01T01:00:00,USER_HISTORY_GROWTH,AC_GROWTH_500
TRANSACTIONSUSERGROWTH1000000372,AC_GROWTH_500,406.30,2025-04-04T01:00:00,Debit,Dallas,ATM,58,Engineer,1,12819.71,2025-04-02T18:00:00,USER_HISTORY_GROWTH,AC_GROWTH_500
TRANSACTIONSUSERGROWTH1000000373,AC_GROWTH_500,347.75,2025-04-06T11:00:00,Debit,Dallas,Branch,58,Engineer,1,8355.91,2025-04-04T01:00:00,USER_HISTORY_GROWTH,AC_GROWTH_500
TRANSACTIONSUSERGROWTH1000000374,AC_GROWTH_500,323.58,2025-04-09T08:00:00,Debit,San Jose,ATM,58,Engineer,1,9816.03,2025-04-06T11:00:00,USER_HISTORY_GROWTH,AC_GROWTH_500
TRANSACTIONSUSERGROWTH1000000375,AC_GROWTH_500,106.70,2025-04-10T00:00:00,Debit,San Jose,ATM,58,Engineer,1,10120.08,2025-04-09T08:00:00,USER_HISTORY_GROWTH,AC_GROWTH_500
TRANSACTIONSUSERGROWTH1000000376,AC_GROWTH_500,132.74,2025-04-11T14:00:00,Debit,Baltimore,Branch,58,Engineer,2,13879.46,2025-04-10T00:00:00,USER_HISTORY_GROWTH,AC_GROWTH_500
TRANSACTIONSUSERGROWTH1000000377,AC_GROWTH_500,438.61,2025-04-12T05:00:00,Debit,San Jose,ATM,58,Engineer,1,10744.17,2025-04-11T14:00:00,USER_HISTORY_GROWTH,AC_GROWTH_500
TRANSACTIONSUSERGROWTH1000000378,AC_GROWTH_500,433.14,2025-04-12T18:00:00,Debit,Dallas,ATM,58,Engineer,3,6004.46,2025-04-12T05:00:00,USER_HISTORY_GROWTH,AC_GROWTH_500
TRANSACTIONSUSERGROWTH1000000379,AC_GROWTH_500,567.63,2025-04-13T19:00:00,Credit,Dallas,Branch,58,Engineer,1,10937.34,2025-04-12T18:00:00,USER_HISTORY_GROWTH,AC_GROWTH_500
TRANSACTIONSUSERGROWTH1000000380,AC_GROWTH_500,245.88,2025-04-16T07:00:00,Debit,Dallas,ATM,58,Engineer,1,4871.23,2025-04-13T19:00:00,USER_HISTORY_GROWTH,AC_GROWTH_500
TRANSACTIONSUSERGROWTH1000000381,AC_GROWTH_500,441.98,2025-04-17T14:00:00,Credit,Baltimore,Branch,58,Engineer,1,9960.63,2025-04-16T07:00:00,USER_HISTORY_GROWTH,AC_GROWTH_500
TRANSACTIONSUSERGROWTH1000000382,AC_GROWTH_500,342.75,2025-04-18T13:00:00,Debit,Dallas,ATM,58,Engineer,1,5752.24,2025-04-17T14:00:00,USER_HISTORY_GROWTH,AC_GROWTH_500
TRANSACTIONSUSERGROWTH1000000383,AC_GROWTH_500,253.22,2025-04-20T06:00:00,Debit,Dallas,ATM,58,Engineer,1,11590.45,2025-04-18T13:00:00,USER_HISTORY_GROWTH,AC_GROWTH_500
TRANSACTIONSUSERGROWTH1000000384,AC_GROWTH_500,502.26,2025-04-22T15:00:00,Credit,San Jose,ATM,58,Engineer,2,10751.69,2025-04-20T06:00:00,USER_HISTORY_GROWTH,AC_GROWTH_500
TRANSACTIONSUSERGROWTH1000000385,AC_GROWTH_500,154.64,2025-04-25T10:00:00,Debit,San Jose,Branch,58,Engineer,1,6876.39,2025-04-22T15:00:00,USER_HISTORY_GROWTH,AC_GROWTH_500
TRANSACTIONSUSERGROWTH1000000386,AC_GROWTH_500,358.49,2025-04-28T03:00:00,Credit,Baltimore,ATM,58,Engineer,1,11676.51,2025-04-25T10:00:00,USER_HISTORY_GROWTH,AC_GROWTH_500
TRANSACTIONSUSERGROWTH1000000387,AC_GROWTH_500,232.17,2025-04-29T09:00:00,Debit,Dallas,Branch,58,Engineer,1,6719.14,2025-04-28T03:00:00,USER_HISTORY_GROWTH,AC_GROWTH_500
TRANSACTIONSUSERGROWTH1000000388,AC_GROWTH_500,144.28,2025-05-02T02:00:00,Debit,San Jose,ATM,58,Engineer,1,11503.95,2025-04-29T09:00:00,USER_HISTORY_GROWTH,AC_GROWTH_500
TRANSACTIONSUSERGROWTH1000000389,AC_GROWTH_500,330.50,2025-05-02T18:00:00,Debit,San Jose,Branch,58,Engineer,1,12570.49,2025-05-02T02:00:00,USER_HISTORY_GROWTH,AC_GROWTH_500
TRANSACTIONSUSERGROWTH1000000390,AC_GROWTH_500,604.75,2025-05-03T23:00:00,Debit,Dallas,ATM,58,Engineer,1,10800.35,2025-05-02T18:00:00,USER_HISTORY_GROWTH,AC_GROWTH_500
TRANSACTIONSUSERGROWTH1000000391,AC_GROWTH_500,353.20,2025-05-05T22:00:00,Credit,Dallas,ATM,58,Engineer,1,11562.86,2025-05-03T23:00:00,USER_HISTORY_GROWTH,AC_GROWTH_500
TRANSACTIONSUSERGROWTH1000000392,AC_GROWTH_500,266.03,2025-05-08T11:00:00,Debit,San Jose,ATM,58,Engineer,1,11131.53,2025-05-05T22:00:00,USER_HISTORY_GROWTH,AC_GROWTH_500
TRANSACTIONSUSERGROWTH1000000393,AC_GROWTH_500,534.62,2025-05-10T00:00:00,Debit,Baltimore,Branch,58,Engineer,1,10531.45,2025-05-08T11:00:00,USER_HISTORY_GROWTH,AC_GROWTH_500
TRANSACTIONSUSERGROWTH1000000394,AC_GROWTH_500,124.12,2025-05-12T23:00:00,Debit,San Jose,Branch,58,Engineer,1,6393.19,2025-05-10T00:00:00,USER_HISTORY_GROWTH,AC_GROWTH_500
TRANSACTIONSUSERGROWTH1000000395,AC_GROWTH_500,148.07,2025-05-13T23:00:00,Debit,Baltimore,ATM,58,Engineer,1,4821.47,2025-05-12T23:00:00,USER_HISTORY_GROWTH,AC_GROWTH_500
TRANSACTIONSUSERGROWTH1000000396,AC_GROWTH_500,262.05,2025-05-14T18:00:00,Debit,Baltimore,Branch,58,Engineer,2,3662.26,2025-05-13T23:00:00,USER_HISTORY_GROWTH,AC_GROWTH_500
TRANSACTIONSUSERGROWTH1000000397,AC_GROWTH_500,414.84,2025-05-15T22:00:00,Credit,San Jose,ATM,58,Engineer,1,7895.69,2025-05-14T18:00:00,USER_HISTORY_GROWTH,AC_GROWTH_500
TRANSACTIONSUSERGROWTH1000000398,AC_GROWTH_500,396.58,2025-05-16T14:00:00,Credit,Dallas,ATM,58,Engineer,1,8358.72,2025-05-15T22:00:00,USER_HISTORY_GROWTH,AC_GROWTH_500
TRANSACTIONSUSERGROWTH1000000399,AC_GROWTH_500,138.28,2025-05-19T13:00:00,Debit,Dallas,ATM,58,Engineer,1,9962.84,2025-05-16T14:00:00,USER_HISTORY_GROWTH,AC_GROWTH_500
TRANSACTIONSUSERGROWTH1000000400,AC_GROWTH_500,341.12,2025-05-22T12:00:00,Credit,Baltimore,ATM,58,Engineer,1,11602.26,2025-05-19T13:00:00,USER_HISTORY_GROWTH,AC_GROWTH_500
TRANSACTIONSUSERGROWTH1000000401,AC_GROWTH_500,312.72,2025-05-23T13:00:00,Debit,Baltimore,ATM,58,Engineer,2,10270.47,2025-05-22T12:00:00,USER_HISTORY_GROWTH,AC_GROWTH_500
TRANSACTIONSUSERGROWTH1000000402,AC_GROWTH_500,85.62,2025-05-25T04:00:00,Credit,Dallas,ATM,58,Engineer,1,10981.17,2025-05-23T13:00:00,USER_HISTORY_GROWTH,AC_GROWTH_500
TRANSACTIONSUSERGROWTH1000000403,AC_GROWTH_500,187.58,2025-05-26T05:00:00,Debit,San Jose,ATM,58,Engineer,1,12406.12,2025-05-25T04:00:00,USER_HISTORY_GROWTH,AC_GROWTH_500
TRANSACTIONSUSERGROWTH1000000404,AC_GROWTH_500,144.93,2025-05-28T18:00:00,Credit,Dallas,ATM,58,Engineer,2,7810.04,2025-05-26T05:00:00,USER_HISTORY_GROWTH,AC_GROWTH_500
TRANSACTIONSUSERGROWTH1000000405,AC_GROWTH_500,426.77,2025-05-29T18:00:00,Debit,Baltimore,Branch,58,Engineer,1,8772.54,2025-05-28T18:00:00,USER_HISTORY_GROWTH,AC_GROWTH_500
TRANSACTIONSUSERGROWTH1000000406,AC_GROWTH_500,257.52,2025-06-01T11:00:00,Debit,San Jose,ATM,58,Engineer,1,14082.27,2025-05-29T18:00:00,USER_HISTORY_GROWTH,AC_GROWTH_500
TRANSACTIONSUSERGROWTH1000000407,AC_GROWTH_500,357.02,2025-06-02T03:00:00,Debit,Baltimore,ATM,58,Engineer,1,12653.80,2025-06-01T11:00:00,USER_HISTORY_GROWTH,AC_GROWTH_500
TRANSACTIONSUSERGROWTH1000000408,AC_GROWTH_500,260.88,2025-06-03T01:00:00,Credit,Dallas,ATM,58,Engineer,1,9169.52,2025-06-02T03:00:00,USER_HISTORY_GROWTH,AC_GROWTH_500
TRANSACTIONSUSERGROWTH1000000409,AC_GROWTH_500,262.14,2025-06-05T16:00:00,Debit,San Jose,ATM,58,Engineer,1,10847.47,2025-06-03T01:00:00,USER_HISTORY_GROWTH,AC_GROWTH_500
TRANSACTIONSUSERGROWTH1000000410,AC_GROWTH_500,491.18,2025-06-06T12:00:00,Credit,Baltimore,Branch,58,Engineer,2,5328.75,2025-06-05T16:00:00,USER_HISTORY_GROWTH,AC_GROWTH_500
TRANSACTIONSUSERGROWTH1000000411,AC_GROWTH_500,362.69,2025-06-07T09:00:00,Credit,Baltimore,ATM,58,Engineer,2,6500.04,2025-06-06T12:00:00,USER_HISTORY_GROWTH,AC_GROWTH_500
TRANSACTIONSUSERGROWTH1000000412,AC_GROWTH_500,5.00,2025-06-08T00:00:00,Credit,San Jose,ATM,58,Engineer,1,7024.14,2025-06-07T09:00:00,USER_HISTORY_GROWTH,AC_GROWTH_500
TRANSACTIONSUSERGROWTH1000000413,AC_GROWTH_500,108.11,2025-06-10T19:00:00,Debit,Dallas,Branch,58,Engineer,2,9103.30,2025-06-08T00:00:00,USER_HISTORY_GROWTH,AC_GROWTH_500
TRANSACTIONSUSERGROWTH1000000414,AC_GROWTH_500,384.15,2025-06-12T03:00:00,Credit,Dallas,ATM,58,Engineer,1,11044.27,2025-06-10T19:00:00,USER_HISTORY_GROWTH,AC_GROWTH_500
TRANSACTIONSUSERGROWTH1000000415,AC_GROWTH_500,231.98,2025-06-12T16:00:00,Credit,Dallas,Branch,58,Engineer,1,9199.37,2025-06-12T03:00:00,USER_HISTORY_GROWTH,AC_GROWTH_500
TRANSACTIONSUSERGROWTH1000000416,AC_GROWTH_500,112.88,2025-06-13T17:00:00,Debit,Dallas,Branch,58,Engineer,1,10789.47,2025-06-12T16:00:00,USER_HISTORY_GROWTH,AC_GROWTH_500
TRANSACTIONSUSERGROWTH1000000417,AC_GROWTH_500,223.33,2025-06-14T16:00:00,Debit,Dallas,Branch,58,Engineer,1,9275.27,2025-06-13T17:00:00,USER_HISTORY_GROWTH,AC_GROWTH_500
TRANSACTIONSUSERGROWTH1000000418,AC_GROWTH_500,317.12,2025-06-17T08:00:00,Credit,San Jose,ATM,58,Engineer,1,5330.23,2025-06-14T16:00:00,USER_HISTORY_GROWTH,AC_GROWTH_500
TRANSACTIONSUSERGROWTH1000000419,AC_GROWTH_500,240.21,2025-06-20T05:00:00,Debit,San Jose,ATM,58,Engineer,1,6886.94,2025-06-17T08:00:00,USER_HISTORY_GROWTH,AC_GROWTH_500
TRANSACTIONSUSERGROWTH1000000420,AC_GROWTH_500,386.23,2025-06-23T03:00:00,Debit,Dallas,Branch,58,Engineer,1,9068.58,2025-06-20T05:00:00,USER_HISTORY_GROWTH,AC_GROWTH_500
TRANSACTIONSUSERGROWTH1000000421,AC_GROWTH_500,375.10,2025-06-24T18:00:00,Debit,Baltimore,Branch,58,Engineer,1,9539.39,2025-06-23T03:00:00,USER_HISTORY_GROWTH,AC_GROWTH_500
TRANSACTIONSUSERGROWTH1000000422,AC_GROWTH_500,265.44,2025-06-27T18:00:00,Credit,San Jose,Branch,58,Engineer,1,8636.26,2025-06-24T18:00:00,USER_HISTORY_GROWTH,AC_GROWTH_500
TRANSACTIONSUSERGROWTH1000000423,AC_GROWTH_500,446.08,2025-06-29T04:00:00,Credit,San Jose,ATM,58,Engineer,2,12464.30,2025-06-27T18:00:00,USER_HISTORY_GROWTH,AC_GROWTH_500
TRANSACTIONSUSERGROWTH1000000424,AC_GROWTH_500,279.68,2025-06-29T16:00:00,Credit,San Jose,Branch,58,Engineer,1,9508.47,2025-06-29T04:00:00,USER_HISTORY_GROWTH,AC_GROWTH_500
TRANSACTIONSUSERGROWTH1000000425,AC_GROWTH_500,369.38,2025-07-02T11:00:00,Debit,Dallas,ATM,58,Engineer,1,5709.67,2025-06-29T16:00:00,USER_HISTORY_GROWTH,AC_GROWTH_500
TRANSACTIONSUSERGROWTH1000000426,AC_GROWTH_500,186.50,2025-07-03T09:00:00,Debit,San Jose,Branch,58,Engineer,1,6886.18,2025-07-02T11:00:00,USER_HISTORY_GROWTH,AC_GROWTH_500
TRANSACTIONSUSERGROWTH1000000427,AC_GROWTH_500,167.43,2025-07-05T00:00:00,Credit,Baltimore,Branch,58,Engineer,1,12411.47,2025-07-03T09:00:00,USER_HISTORY_GROWTH,AC_GROWTH_500
TRANSACTIONSUSERGROWTH1000000428,AC_GROWTH_500,299.67,2025-07-07T10:00:00,Debit,San Jose,ATM,58,Engineer,1,8205.03,2025-07-05T00:00:00,USER_HISTORY_GROWTH,AC_GROWTH_500
TRANSACTIONSUSERGROWTH1000000429,AC_GROWTH_500,170.77,2025-07-10T04:00:00,Debit,Dallas,ATM,58,Engineer,1,7175.91,2025-07-07T10:00:00,USER_HISTORY_GROWTH,AC_GROWTH_500
TRANSACTIONSUSERGROWTH1000000430,AC_GROWTH_500,305.84,2025-07-13T01:00:00,Debit,San Jose,Branch,58,Engineer,2,12349.21,2025-07-10T04:00:00,USER_HISTORY_GROWTH,AC_GROWTH_500
TRANSACTIONSUSERGROWTH1000000431,AC_GROWTH_500,160.78,2025-07-14T16:00:00,Debit,Baltimore,ATM,58,Engineer,1,6831.10,2025-07-13T01:00:00,USER_HISTORY_GROWTH,AC_GROWTH_500
TRANSACTIONSUSERGROWTH1000000432,AC_GROWTH_500,505.93,2025-07-17T16:00:00,Credit,Baltimore,Branch,58,Engineer,3,8694.68,2025-07-14T16:00:00,USER_HISTORY_GROWTH,AC_GROWTH_500
TRANSACTIONSUSERGROWTH1000000433,AC_GROWTH_500,228.71,2025-07-19T22:00:00,Debit,Baltimore,ATM,58,Engineer,1,7790.02,2025-07-17T16:00:00,USER_HISTORY_GROWTH,AC_GROWTH_500
TRANSACTIONSUSERGROWTH1000000434,AC_GROWTH_500,434.69,2025-07-21T09:00:00,Debit,San Jose,Branch,58,Engineer,1,10801.27,2025-07-19T22:00:00,USER_HISTORY_GROWTH,AC_GROWTH_500
TRANSACTIONSUSERGROWTH1000000435,AC_GROWTH_500,461.62,2025-07-22T14:00:00,Debit,San Jose,ATM,58,Engineer,1,10114.50,2025-07-21T09:00:00,USER_HISTORY_GROWTH,AC_GROWTH_500
TRANSACTIONSUSERGROWTH1000000436,AC_GROWTH_500,326.94,2025-07-25T02:00:00,Debit,Baltimore,ATM,58,Engineer,3,10440.37,2025-07-22T14:00:00,USER_HISTORY_GROWTH,AC_GROWTH_500
TRANSACTIONSUSERGROWTH1000000437,AC_GROWTH_500,121.08,2025-07-26T11:00:00,Debit,Dallas,ATM,58,Engineer,1,9179.82,2025-07-25T02:00:00,USER_HISTORY_GROWTH,AC_GROWTH_500
TRANSACTIONSUSERGROWTH1000000438,AC_GROWTH_500,539.40,2025-07-29T11:00:00,Debit,Dallas,ATM,58,Engineer,2,8862.70,2025-07-26T11:00:00,USER_HISTORY_GROWTH,AC_GROWTH_500
TRANSACTIONSUSERGROWTH1000000439,AC_GROWTH_500,544.91,2025-07-30T16:00:00,Debit,Baltimore,ATM,58,Engineer,1,7337.12,2025-07-29T11:00:00,USER_HISTORY_GROWTH,AC_GROWTH_500
TRANSACTIONSUSERGROWTH1000000440,AC_GROWTH_500,272.91,2025-08-02T00:00:00,Debit,San Jose,Branch,58,Engineer,1,11081.96,2025-07-30T16:00:00,USER_HISTORY_GROWTH,AC_GROWTH_500
TRANSACTIONSUSERGROWTH1000000441,AC_GROWTH_500,85.67,2025-08-04T08:00:00,Credit,San Jose,Branch,58,Engineer,1,9421.71,2025-08-02T00:00:00,USER_HISTORY_GROWTH,AC_GROWTH_500
TRANSACTIONSUSERGROWTH1000000442,AC_GROWTH_500,288.67,2025-08-05T14:00:00,Debit,Baltimore,ATM,58,Engineer,1,10235.33,2025-08-04T08:00:00,USER_HISTORY_GROWTH,AC_GROWTH_500
TRANSACTIONSUSERGROWTH1000000443,AC_GROWTH_500,510.92,2025-08-07T02:00:00,Debit,San Jose,Branch,58,Engineer,1,10661.59,2025-08-05T14:00:00,USER_HISTORY_GROWTH,AC_GROWTH_500
TRANSACTIONSUSERGROWTH1000000444,AC_GROWTH_500,212.41,2025-08-10T02:00:00,Credit,Baltimore,Branch,58,Engineer,1,5473.38,2025-08-07T02:00:00,USER_HISTORY_GROWTH,AC_GROWTH_500
TRANSACTIONSUSERGROWTH1000000445,AC_GROWTH_500,417.57,2025-08-11T04:00:00,Credit,Baltimore,ATM,58,Engineer,1,12926.47,2025-08-10T02:00:00,USER_HISTORY_GROWTH,AC_GROWTH_500
TRANSACTIONSUSERGROWTH1000000446,AC_GROWTH_500,369.89,2025-08-13T11:00:00,Debit,Baltimore,ATM,58,Engineer,1,12051.31,2025-08-11T04:00:00,USER_HISTORY_GROWTH,AC_GROWTH_500
TRANSACTIONSUSERGROWTH1000000447,AC_GROWTH_500,275.01,2025-08-14T08:00:00,Debit,Baltimore,ATM,58,Engineer,1,9447.79,2025-08-13T11:00:00,USER_HISTORY_GROWTH,AC_GROWTH_500
TRANSACTIONSUSERGROWTH1000000448,AC_GROWTH_500,211.65,2025-08-15T07:00:00,Debit,Dallas,ATM,58,Engineer,1,7927.68,2025-08-14T08:00:00,USER_HISTORY_GROWTH,AC_GROWTH_500
TRANSACTIONSUSERGROWTH1000000449,AC_GROWTH_500,286.80,2025-08-17T07:00:00,Debit,Dallas,ATM,58,Engineer,1,11974.96,2025-08-15T07:00:00,USER_HISTORY_GROWTH,AC_GROWTH_500
TRANSACTIONSUSERGROWTH1000000450,AC_GROWTH_500,336.46,2025-08-19T18:00:00,Debit,Baltimore,ATM,58,Engineer,1,10373.67,2025-08-17T07:00:00,USER_HISTORY_GROWTH,AC_GROWTH_500
TRANSACTIONSUSERGROWTH1000000451,AC_GROWTH_500,286.75,2025-08-22T16:00:00,Debit,San Jose,Branch,58,Engineer,1,10330.80,2025-08-19T18:00:00,USER_HISTORY_GROWTH,AC_GROWTH_500
TRANSACTIONSUSERGROWTH1000000452,AC_GROWTH_500,40.13,2025-08-24T05:00:00,Credit,San Jose,ATM,58,Engineer,1,6165.75,2025-08-22T16:00:00,USER_HISTORY_GROWTH,AC_GROWTH_500
TRANSACTIONSUSERGROWTH1000000453,AC_GROWTH_500,286.56,2025-08-24T22:00:00,Debit,Baltimore,ATM,58,Engineer,1,6258.88,2025-08-24T05:00:00,USER_HISTORY_GROWTH,AC_GROWTH_500
TRANSACTIONSUSERGROWTH1000000454,AC_GROWTH_500,318.82,2025-08-26T16:00:00,Debit,Dallas,ATM,58,Engineer,1,9059.10,2025-08-24T22:00:00,USER_HISTORY_GROWTH,AC_GROWTH_500
TRANSACTIONSUSERGROWTH1000000455,AC_GROWTH_500,659.62,2025-08-28T23:00:00,Debit,San Jose,ATM,58,Engineer,1,11662.05,2025-08-26T16:00:00,USER_HISTORY_GROWTH,AC_GROWTH_500
TRANSACTIONSUSERGROWTH1000000456,AC_GROWTH_500,246.49,2025-08-30T14:00:00,Debit,Baltimore,ATM,58,Engineer,2,9660.96,2025-08-28T23:00:00,USER_HISTORY_GROWTH,AC_GROWTH_500
TRANSACTIONSUSERGROWTH1000000457,AC_GROWTH_500,125.09,2025-09-01T00:00:00,Debit,Dallas,ATM,58,Engineer,1,10596.03,2025-08-30T14:00:00,USER_HISTORY_GROWTH,AC_GROWTH_500
TRANSACTIONSUSERGROWTH1000000458,AC_GROWTH_500,418.36,2025-09-02T01:00:00,Debit,Dallas,ATM,58,Engineer,2,9001.52,2025-09-01T00:00:00,USER_HISTORY_GROWTH,AC_GROWTH_500
TRANSACTIONSUSERGROWTH1000000459,AC_GROWTH_500,45.06,2025-09-04T04:00:00,Debit,San Jose,ATM,58,Engineer,1,7857.96,2025-09-02T01:00:00,USER_HISTORY_GROWTH,AC_GROWTH_500
TRANSACTIONSUSERGROWTH1000000460,AC_GROWTH_500,379.80,2025-09-06T17:00:00,Credit,Dallas,ATM,58,Engineer,1,9292.74,2025-09-04T04:00:00,USER_HISTORY_GROWTH,AC_GROWTH_500
TRANSACTIONSUSERGROWTH1000000461,AC_GROWTH_500,153.46,2025-09-08T19:00:00,Debit,San Jose,ATM,58,Engineer,1,8077.41,2025-09-06T17:00:00,USER_HISTORY_GROWTH,AC_GROWTH_500
TRANSACTIONSUSERGROWTH1000000462,AC_GROWTH_500,207.17,2025-09-10T04:00:00,Credit,Dallas,Branch,58,Engineer,2,6683.32,2025-09-08T19:00:00,USER_HISTORY_GROWTH,AC_GROWTH_500
TRANSACTIONSUSERGROWTH1000000463,AC_GROWTH_500,345.91,2025-09-11T10:00:00,Debit,Baltimore,Branch,58,Engineer,2,8981.53,2025-09-10T04:00:00,USER_HISTORY_GROWTH,AC_GROWTH_500
TRANSACTIONSUSERGROWTH1000000464,AC_GROWTH_500,513.47,2025-09-13T22:00:00,Credit,San Jose,Branch,58,Engineer,3,6349.97,2025-09-11T10:00:00,USER_HISTORY_GROWTH,AC_GROWTH_500
TRANSACTIONSUSERGROWTH1000000465,AC_GROWTH_500,693.91,2025-09-16T17:00:00,Debit,Baltimore,ATM,58,Engineer,1,8589.01,2025-09-13T22:00:00,USER_HISTORY_GROWTH,AC_GROWTH_500
TRANSACTIONSUSERGROWTH1000000466,AC_GROWTH_500,337.20,2025-09-19T12:00:00,Credit,Baltimore,Branch,58,Engineer,1,7313.07,2025-09-16T17:00:00,USER_HISTORY_GROWTH,AC_GROWTH_500
TRANSACTIONSUSERGROWTH1000000467,AC_GROWTH_500,394.03,2025-09-21T11:00:00,Debit,Baltimore,Branch,58,Engineer,1,9361.36,2025-09-19T12:00:00,USER_HISTORY_GROWTH,AC_GROWTH_500
TRANSACTIONSUSERGROWTH1000000468,AC_GROWTH_500,307.19,2025-09-24T09:00:00,Debit,San Jose,ATM,58,Engineer,1,8684.51,2025-09-21T11:00:00,USER_HISTORY_GROWTH,AC_GROWTH_500
TRANSACTIONSUSERGROWTH1000000469,AC_GROWTH_500,80.55,2025-09-25T05:00:00,Debit,San Jose,Branch,58,Engineer,1,8316.38,2025-09-24T09:00:00,USER_HISTORY_GROWTH,AC_GROWTH_500
TRANSACTIONSUSERGROWTH1000000470,AC_GROWTH_500,135.54,2025-09-26T02:00:00,Debit,San Jose,ATM,58,Engineer,2,6467.30,2025-09-25T05:00:00,USER_HISTORY_GROWTH,AC_GROWTH_500
TRANSACTIONSUSERGROWTH1000000471,AC_GROWTH_500,324.16,2025-09-27T06:00:00,Debit,Baltimore,ATM,58,Engineer,1,8158.99,2025-09-26T02:00:00,USER_HISTORY_GROWTH,AC_GROWTH_500
TRANSACTIONSUSERGROWTH1000000472,AC_GROWTH_500,491.99,2025-09-28T21:00:00,Credit,San Jose,ATM,58,Engineer,1,11324.04,2025-09-27T06:00:00,USER_HISTORY_GROWTH,AC_GROWTH_500
TRANSACTIONSUSERGROWTH1000000473,AC_GROWTH_500,469.98,2025-09-30T18:00:00,Debit,Baltimore,Branch,58,Engineer,1,8974.17,2025-09-28T21:00:00,USER_HISTORY_GROWTH,AC_GROWTH_500
TRANSACTIONSUSERGROWTH1000000474,AC_GROWTH_500,125.25,2025-10-02T14:00:00,Debit,Dallas,ATM,58,Engineer,1,9679.26,2025-09-30T18:00:00,USER_HISTORY_GROWTH,AC_GROWTH_500
TRANSACTIONSUSERGROWTH1000000475,AC_GROWTH_500,263.77,2025-10-04T19:00:00,Credit,Dallas,ATM,58,Engineer,1,6263.93,2025-10-02T14:00:00,USER_HISTORY_GROWTH,AC_GROWTH_500
TRANSACTIONSUSERGROWTH1000000476,AC_GROWTH_500,492.42,2025-10-07T11:00:00,Credit,Baltimore,ATM,58,Engineer,1,8672.75,2025-10-04T19:00:00,USER_HISTORY_GROWTH,AC_GROWTH_500
TRANSACTIONSUSERGROWTH1000000477,AC_GROWTH_500,399.24,2025-10-08T15:00:00,Credit,San Jose,ATM,58,Engineer,1,7846.97,2025-10-07T11:00:00,USER_HISTORY_GROWTH,AC_GROWTH_500
TRANSACTIONSUSERGROWTH1000000478,AC_GROWTH_500,204.33,2025-10-10T21:00:00,Debit,Baltimore,Branch,58,Engineer,3,8757.55,2025-10-08T15:00:00,USER_HISTORY_GROWTH,AC_GROWTH_500
TRANSACTIONSUSERGROWTH1000000479,AC_GROWTH_500,486.86,2025-10-11T19:00:00,Debit,Baltimore,Branch,58,Engineer,1,8808.12,2025-10-10T21:00:00,USER_HISTORY_GROWTH,AC_GROWTH_500
TRANSACTIONSUSERGROWTH1000000480,AC_GROWTH_500,407.02,2025-10-13T07:00:00,Debit,Dallas,Branch,58,Engineer,2,7520.97,2025-10-11T19:00:00,USER_HISTORY_GROWTH,AC_GROWTH_500
TRANSACTIONSUSERGROWTH1000000481,AC_GROWTH_500,8.77,2025-10-15T22:00:00,Debit,Dallas,Branch,58,Engineer,1,7437.84,2025-10-13T07:00:00,USER_HISTORY_GROWTH,AC_GROWTH_500
TRANSACTIONSUSERGROWTH1000000482,AC_GROWTH_500,408.04,2025-10-17T12:00:00,Debit,Baltimore,Branch,58,Engineer,1,11725.75,2025-10-15T22:00:00,USER_HISTORY_GROWTH,AC_GROWTH_500
TRANSACTIONSUSERGROWTH1000000483,AC_GROWTH_500,388.67,2025-10-18T14:00:00,Debit,San Jose,ATM,58,Engineer,2,12229.29,2025-10-17T12:00:00,USER_HISTORY_GROWTH,AC_GROWTH_500
TRANSACTIONSUSERGROWTH1000000484,AC_GROWTH_500,416.75,2025-10-21T08:00:00,Debit,Dallas,Branch,58,Engineer,2,6489.16,2025-10-18T14:00:00,USER_HISTORY_GROWTH,AC_GROWTH_500
TRANSACTIONSUSERGROWTH1000000485,AC_GROWTH_500,14.21,2025-10-22T02:00:00,Credit,Dallas,ATM,58,Engineer,1,9342.49,2025-10-21T08:00:00,USER_HISTORY_GROWTH,AC_GROWTH_500
TRANSACTIONSUSERGROWTH1000000486,AC_GROWTH_500,336.13,2025-10-24T14:00:00,Debit,San Jose,ATM,58,Engineer,1,4196.02,2025-10-22T02:00:00,USER_HISTORY_GROWTH,AC_GROWTH_500
TRANSACTIONSUSERGROWTH1000000487,AC_GROWTH_500,531.31,2025-10-27T09:00:00,Debit,San Jose,ATM,58,Engineer,2,7093.37,2025-10-24T14:00:00,USER_HISTORY_GROWTH,AC_GROWTH_500
TRANSACTIONSUSERGROWTH1000000488,AC_GROWTH_500,123.90,2025-10-28T01:00:00,Debit,Dallas,ATM,58,Engineer,1,10904.38,2025-10-27T09:00:00,USER_HISTORY_GROWTH,AC_GROWTH_500
TRANSACTIONSUSERGROWTH1000000489,AC_GROWTH_500,514.79,2025-10-29T19:00:00,Credit,Baltimore,Branch,58,Engineer,1,12303.97,2025-10-28T01:00:00,USER_HISTORY_GROWTH,AC_GROWTH_500
TRANSACTIONSUSERGROWTH1000000490,AC_GROWTH_500,369.34,2025-10-31T02:00:00,Debit,Baltimore,ATM,58,Engineer,1,9892.66,2025-10-29T19:00:00,USER_HISTORY_GROWTH,AC_GROWTH_500
TRANSACTIONSUSERGROWTH1000000491,AC_GROWTH_500,395.41,2025-11-01T18:00:00,Debit,San Jose,ATM,58,Engineer,1,11308.29,2025-10-31T02:00:00,USER_HISTORY_GROWTH,AC_GROWTH_500
TRANSACTIONSUSERGROWTH1000000492,AC_GROWTH_500,602.06,2025-11-04T16:00:00,Credit,Baltimore,Branch,58,Engineer,1,8594.94,2025-11-01T18:00:00,USER_HISTORY_GROWTH,AC_GROWTH_500
TRANSACTIONSUSERGROWTH1000000493,AC_GROWTH_500,266.52,2025-11-05T21:00:00,Debit,Baltimore,ATM,58,Engineer,1,10742.28,2025-11-04T16:00:00,USER_HISTORY_GROWTH,AC_GROWTH_500
TRANSACTIONSUSERGROWTH1000000494,AC_GROWTH_500,283.17,2025-11-06T15:00:00,Credit,Dallas,ATM,58,Engineer,1,8642.55,2025-11-05T21:00:00,USER_HISTORY_GROWTH,AC_GROWTH_500
TRANSACTIONSUSERGROWTH1000000495,AC_GROWTH_500,267.88,2025-11-07T20:00:00,Debit,Baltimore,ATM,58,Engineer,1,9530.97,2025-11-06T15:00:00,USER_HISTORY_GROWTH,AC_GROWTH_500
TRANSACTIONSUSERGROWTH1000000496,AC_GROWTH_500,480.66,2025-11-09T11:00:00,Credit,Baltimore,ATM,58,Engineer,1,7826.83,2025-11-07T20:00:00,USER_HISTORY_GROWTH,AC_GROWTH_500
TRANSACTIONSUSERGROWTH1000000497,AC_GROWTH_500,277.07,2025-11-11T13:00:00,Debit,Dallas,ATM,58,Engineer,1,11059.59,2025-11-09T11:00:00,USER_HISTORY_GROWTH,AC_GROWTH_500
TRANSACTIONSUSERGROWTH1000000498,AC_GROWTH_500,406.52,2025-11-13T10:00:00,Debit,Dallas,Branch,58,Engineer,2,11409.98,2025-11-11T13:00:00,USER_HISTORY_GROWTH,AC_GROWTH_500
TRANSACTIONSUSERGROWTH1000000499,AC_GROWTH_500,97.84,2025-11-15T02:00:00,Credit,San Jose,ATM,58,Engineer,1,9380.55,2025-11-13T10:00:00,USER_HISTORY_GROWTH,AC_GROWTH_500
TRANSACTIONSUSERGROWTH1000000500,AC_GROWTH_500,317.13,2025-11-17T19:00:00,Debit,San Jose,Branch,58,Engineer,2,6410.24,2025-11-15T02:00:00,USER_HISTORY_GROWTH,AC_GROWTH_500
TRANSACTIONSUSERGROWTH1000000501,AC_GROWTH_500,424.04,2025-11-20T17:00:00,Debit,Baltimore,ATM,58,Engineer,1,10110.22,2025-11-17T19:00:00,USER_HISTORY_GROWTH,AC_GROWTH_500
TRANSACTIONSUSERGROWTH1000000502,AC_GROWTH_500,548.25,2025-11-22T13:00:00,Debit,Dallas,Branch,58,Engineer,1,9015.72,2025-11-20T17:00:00,USER_HISTORY_GROWTH,AC_GROWTH_500
TRANSACTIONSUSERGROWTH1000000503,AC_GROWTH_500,575.81,2025-11-25T10:00:00,Debit,San Jose,ATM,58,Engineer,1,6300.95,2025-11-22T13:00:00,USER_HISTORY_GROWTH,AC_GROWTH_500
TRANSACTIONSUSERGROWTH1000000504,AC_GROWTH_500,464.58,2025-11-27T22:00:00,Debit,Baltimore,ATM,58,Engineer,1,8738.31,2025-11-25T10:00:00,USER_HISTORY_GROWTH,AC_GROWTH_500
TRANSACTIONSUSERGROWTH1000000505,AC_GROWTH_500,82.19,2025-11-28T19:00:00,Debit,Baltimore,ATM,58,Engineer,1,7587.34,2025-11-27T22:00:00,USER_HISTORY_GROWTH,AC_GROWTH_500
TRANSACTIONSUSERGROWTH1000000506,AC_GROWTH_500,416.94,2025-11-29T13:00:00,Debit,Baltimore,Branch,58,Engineer,1,5357.15,2025-11-28T19:00:00,USER_HISTORY_GROWTH,AC_GROWTH_500
TRANSACTIONSUSERGROWTH1000000507,AC_GROWTH_500,510.67,2025-12-01T00:00:00,Debit,Baltimore,ATM,58,Engineer,2,8265.86,2025-11-29T13:00:00,USER_HISTORY_GROWTH,AC_GROWTH_500
TRANSACTIONSUSERGROWTH1000000508,AC_GROWTH_500,5.00,2025-12-03T04:00:00,Debit,Baltimore,ATM,58,Engineer,2,9449.65,2025-12-01T00:00:00,USER_HISTORY_GROWTH,AC_GROWTH_500
TRANSACTIONSUSERGROWTH1000000509,AC_GROWTH_500,250.44,2025-12-04T14:00:00,Debit,San Jose,ATM,58,Engineer,1,8238.43,2025-12-03T04:00:00,USER_HISTORY_GROWTH,AC_GROWTH_500
TRANSACTIONSUSERGROWTH1000000510,AC_GROWTH_500,158.64,2025-12-06T16:00:00,Debit,Baltimore,ATM,58,Engineer,1,12131.83,2025-12-04T14:00:00,USER_HISTORY_GROWTH,AC_GROWTH_500
TRANSACTIONSUSERGROWTH1000000511,AC_GROWTH_500,546.21,2025-12-08T02:00:00,Credit,Baltimore,ATM,58,Engineer,3,9248.75,2025-12-06T16:00:00,USER_HISTORY_GROWTH,AC_GROWTH_500
TRANSACTIONSUSERGROWTH1000000512,AC_GROWTH_500,364.14,2025-12-10T15:00:00,Debit,Dallas,ATM,58,Engineer,1,8904.11,2025-12-08T02:00:00,USER_HISTORY_GROWTH,AC_GROWTH_500
TRANSACTIONSUSERGROWTH1000000513,AC_GROWTH_500,655.79,2025-12-11T13:00:00,Debit,Baltimore,Branch,58,Engineer,1,8796.01,2025-12-10T15:00:00,USER_HISTORY_GROWTH,AC_GROWTH_500
TRANSACTIONSUSERGROWTH1000000514,AC_GROWTH_500,140.21,2025-12-13T22:00:00,Debit,Dallas,ATM,58,Engineer,1,14212.11,2025-12-11T13:00:00,USER_HISTORY_GROWTH,AC_GROWTH_500
TRANSACTIONSUSERGROWTH1000000515,AC_GROWTH_500,451.87,2025-12-15T18:00:00,Debit,Baltimore,ATM,58,Engineer,1,9358.52,2025-12-13T22:00:00,USER_HISTORY_GROWTH,AC_GROWTH_500
TRANSACTIONSUSERGROWTH1000000516,AC_GROWTH_500,5.00,2025-12-18T08:00:00,Credit,Dallas,ATM,58,Engineer,1,7630.33,2025-12-15T18:00:00,USER_HISTORY_GROWTH,AC_GROWTH_500
TRANSACTIONSUSERGROWTH1000000517,AC_GROWTH_500,257.11,2025-12-19T02:00:00,Credit,San Jose,Branch,58,Engineer,2,9093.40,2025-12-18T08:00:00,USER_HISTORY_GROWTH,AC_GROWTH_500
TRANSACTIONSUSERGROWTH1000000518,AC_GROWTH_500,155.83,2025-12-21T03:00:00,Credit,San Jose,ATM,58,Engineer,1,8776.95,2025-12-19T02:00:00,USER_HISTORY_GROWTH,AC_GROWTH_500
TRANSACTIONSUSERGROWTH1000000519,AC_GROWTH_500,387.46,2025-12-23T19:00:00,Credit,Baltimore,ATM,58,Engineer,2,10569.59,2025-12-21T03:00:00,USER_HISTORY_GROWTH,AC_GROWTH_500
TRANSACTIONSUSERGROWTH1000000520,AC_GROWTH_500,165.04,2025-12-25T09:00:00,Debit,San Jose,Branch,58,Engineer,3,9045.41,2025-12-23T19:00:00,USER_HISTORY_GROWTH,AC_GROWTH_500
TRANSACTIONSUSERGROWTH1000000521,AC_GROWTH_500,262.14,2025-12-27T07:00:00,Debit,Dallas,ATM,58,Engineer,2,9281.89,2025-12-25T09:00:00,USER_HISTORY_GROWTH,AC_GROWTH_500
TRANSACTIONSUSERGROWTH1000000522,AC_GROWTH_500,560.65,2025-12-29T09:00:00,Credit,Baltimore,ATM,58,Engineer,1,8490.81,2025-12-27T07:00:00,USER_HISTORY_GROWTH,AC_GROWTH_500
TRANSACTIONSUSERGROWTH1000000523,AC_GROWTH_500,279.37,2025-12-31T07:00:00,Debit,Dallas,ATM,58,Engineer,1,9774.81,2025-12-29T09:00:00,USER_HISTORY_GROWTH,AC_GROWTH_500
TRANSACTIONSUSERGROWTH1000000524,AC_GROWTH_500,444.73,2026-01-01T10:00:00,Debit,San Jose,Branch,58,Engineer,3,8632.39,2025-12-31T07:00:00,USER_HISTORY_GROWTH,AC_GROWTH_500
TRANSACTIONSUSERGROWTH1000000525,AC_GROWTH_500,276.07,2026-01-02T21:00:00,Debit,Dallas,ATM,58,Engineer,3,4795.60,2026-01-01T10:00:00,USER_HISTORY_GROWTH,AC_GROWTH_500
TRANSACTIONSUSERGROWTH1000000526,AC_GROWTH_500,219.46,2026-01-03T12:00:00,Debit,San Jose,ATM,58,Engineer,1,8049.12,2026-01-02T21:00:00,USER_HISTORY_GROWTH,AC_GROWTH_500
TRANSACTIONSUSERGROWTH1000000527,AC_GROWTH_500,121.18,2026-01-04T09:00:00,Debit,Dallas,Branch,58,Engineer,2,11457.25,2026-01-03T12:00:00,USER_HISTORY_GROWTH,AC_GROWTH_500
TRANSACTIONSUSERGROWTH1000000528,AC_GROWTH_500,232.61,2026-01-06T18:00:00,Debit,San Jose,Branch,58,Engineer,2,11801.40,2026-01-04T09:00:00,USER_HISTORY_GROWTH,AC_GROWTH_500
TRANSACTIONSUSERGROWTH1000000529,AC_GROWTH_500,5.00,2026-01-09T07:00:00,Credit,San Jose,ATM,58,Engineer,1,8825.49,2026-01-06T18:00:00,USER_HISTORY_GROWTH,AC_GROWTH_500
TRANSACTIONSUSERGROWTH1000000530,AC_GROWTH_500,5.00,2026-01-11T20:00:00,Debit,San Jose,Branch,58,Engineer,1,12430.49,2026-01-09T07:00:00,USER_HISTORY_GROWTH,AC_GROWTH_500
TRANSACTIONSUSERGROWTH1000000531,AC_GROWTH_500,154.13,2026-01-12T09:00:00,Debit,Baltimore,ATM,58,Engineer,2,9877.61,2026-01-11T20:00:00,USER_HISTORY_GROWTH,AC_GROWTH_500
TRANSACTIONSUSERGROWTH1000000532,AC_GROWTH_500,264.53,2026-01-13T20:00:00,Credit,Dallas,Branch,58,Engineer,1,6969.78,2026-01-12T09:00:00,USER_HISTORY_GROWTH,AC_GROWTH_500
TRANSACTIONSUSERGROWTH1000000533,AC_GROWTH_500,289.89,2026-01-14T13:00:00,Credit,Baltimore,ATM,58,Engineer,1,7271.66,2026-01-13T20:00:00,USER_HISTORY_GROWTH,AC_GROWTH_500
TRANSACTIONSUSERGROWTH1000000534,AC_GROWTH_500,270.40,2026-01-15T08:00:00,Credit,Baltimore,Branch,58,Engineer,1,5171.05,2026-01-14T13:00:00,USER_HISTORY_GROWTH,AC_GROWTH_500
TRANSACTIONSUSERGROWTH1000000535,AC_GROWTH_500,285.01,2026-01-16T12:00:00,Debit,Baltimore,ATM,58,Engineer,1,10471.61,2026-01-15T08:00:00,USER_HISTORY_GROWTH,AC_GROWTH_500
TRANSACTIONSUSERGROWTH1000000536,AC_GROWTH_500,302.14,2026-01-17T03:00:00,Credit,Baltimore,Branch,58,Engineer,1,4655.42,2026-01-16T12:00:00,USER_HISTORY_GROWTH,AC_GROWTH_500
TRANSACTIONSUSERGROWTH1000000537,AC_GROWTH_500,610.79,2026-01-20T01:00:00,Credit,Baltimore,ATM,58,Engineer,1,5433.40,2026-01-17T03:00:00,USER_HISTORY_GROWTH,AC_GROWTH_500
TRANSACTIONSUSERGROWTH1000000538,AC_GROWTH_500,30.31,2026-01-22T20:00:00,Debit,Dallas,ATM,58,Engineer,3,9834.10,2026-01-20T01:00:00,USER_HISTORY_GROWTH,AC_GROWTH_500
TRANSACTIONSUSERGROWTH1000000539,AC_GROWTH_500,5.00,2026-01-23T10:00:00,Credit,San Jose,Branch,58,Engineer,1,9892.30,2026-01-22T20:00:00,USER_HISTORY_GROWTH,AC_GROWTH_500
TRANSACTIONSUSERGROWTH1000000540,AC_GROWTH_500,280.05,2026-01-24T13:00:00,Credit,San Jose,ATM,58,Engineer,1,7961.47,2026-01-23T10:00:00,USER_HISTORY_GROWTH,AC_GROWTH_500
TRANSACTIONSUSERGROWTH1000000541,AC_GROWTH_500,395.10,2026-01-25T13:00:00,Debit,Baltimore,ATM,58,Engineer,1,9060.17,2026-01-24T13:00:00,USER_HISTORY_GROWTH,AC_GROWTH_500
TRANSACTIONSUSERGROWTH1000000542,AC_GROWTH_500,148.03,2026-01-27T11:00:00,Credit,San Jose,ATM,58,Engineer,2,11229.84,2026-01-25T13:00:00,USER_HISTORY_GROWTH,AC_GROWTH_500
TRANSACTIONSUSERGROWTH1000000543,AC_GROWTH_500,290.79,2026-01-29T15:00:00,Debit,Baltimore,Branch,58,Engineer,1,7673.02,2026-01-27T11:00:00,USER_HISTORY_GROWTH,AC_GROWTH_500
TRANSACTIONSUSERGROWTH1000000544,AC_GROWTH_500,195.89,2026-01-31T05:00:00,Credit,Dallas,ATM,58,Engineer,1,9163.12,2026-01-29T15:00:00,USER_HISTORY_GROWTH,AC_GROWTH_500
TRANSACTIONSUSERGROWTH1000000545,AC_GROWTH_500,320.66,2026-02-01T13:00:00,Debit,Dallas,ATM,58,Engineer,1,10288.45,2026-01-31T05:00:00,USER_HISTORY_GROWTH,AC_GROWTH_500
TRANSACTIONSUSERGROWTH1000000546,AC_GROWTH_500,308.60,2026-02-04T09:00:00,Credit,San Jose,ATM,58,Engineer,1,10248.38,2026-02-01T13:00:00,USER_HISTORY_GROWTH,AC_GROWTH_500
TRANSACTIONSUSERGROWTH1000000547,AC_GROWTH_500,153.47,2026-02-06T21:00:00,Debit,Dallas,ATM,58,Engineer,2,12466.77,2026-02-04T09:00:00,USER_HISTORY_GROWTH,AC_GROWTH_500
TRANSACTIONSUSERGROWTH1000000548,AC_GROWTH_500,468.06,2026-02-07T20:00:00,Credit,Dallas,ATM,58,Engineer,1,8433.91,2026-02-06T21:00:00,USER_HISTORY_GROWTH,AC_GROWTH_500
TRANSACTIONSUSERGROWTH1000000549,AC_GROWTH_500,100.49,2026-02-09T14:00:00,Debit,Dallas,ATM,58,Engineer,2,10907.85,2026-02-07T20:00:00,USER_HISTORY_GROWTH,AC_GROWTH_500
TRANSACTIONSUSERGROWTH1000000550,AC_GROWTH_500,407.33,2026-02-12T07:00:00,Credit,San Jose,Branch,58,Engineer,1,11479.74,2026-02-09T14:00:00,USER_HISTORY_GROWTH,AC_GROWTH_500
TRANSACTIONSUSERGROWTH1000000551,AC_GROWTH_500,378.64,2026-02-13T20:00:00,Credit,Dallas,Branch,58,Engineer,1,10230.35,2026-02-12T07:00:00,USER_HISTORY_GROWTH,AC_GROWTH_500
TRANSACTIONSUSERGROWTH1000000552,AC_GROWTH_500,163.06,2026-02-15T09:00:00,Debit,Baltimore,ATM,58,Engineer,1,9694.07,2026-02-13T20:00:00,USER_HISTORY_GROWTH,AC_GROWTH_500
TRANSACTIONSUSERGROWTH1000000553,AC_GROWTH_500,156.59,2026-02-16T21:00:00,Debit,Baltimore,Branch,58,Engineer,1,11564.92,2026-02-15T09:00:00,USER_HISTORY_GROWTH,AC_GROWTH_500
TRANSACTIONSUSERGROWTH1000000554,AC_GROWTH_500,162.54,2026-02-18T15:00:00,Credit,San Jose,ATM,58,Engineer,1,6614.07,2026-02-16T21:00:00,USER_HISTORY_GROWTH,AC_GROWTH_500
TRANSACTIONSUSERGROWTH1000000555,AC_GROWTH_500,462.67,2026-02-19T22:00:00,Debit,Baltimore,ATM,58,Engineer,1,9541.88,2026-02-18T15:00:00,USER_HISTORY_GROWTH,AC_GROWTH_500
TRANSACTIONSUSERGROWTH1000000556,AC_GROWTH_500,314.95,2026-02-22T00:00:00,Debit,Dallas,ATM,58,Engineer,1,6336.72,2026-02-19T22:00:00,USER_HISTORY_GROWTH,AC_GROWTH_500
TRANSACTIONSUSERGROWTH1000000557,AC_GROWTH_500,323.64,2026-02-23T12:00:00,Credit,San Jose,ATM,58,Engineer,1,10364.41,2026-02-22T00:00:00,USER_HISTORY_GROWTH,AC_GROWTH_500
TRANSACTIONSUSERGROWTH1000000558,AC_GROWTH_500,119.11,2026-02-25T10:00:00,Debit,San Jose,Branch,58,Engineer,2,8608.52,2026-02-23T12:00:00,USER_HISTORY_GROWTH,AC_GROWTH_500
TRANSACTIONSUSERGROWTH1000000559,AC_GROWTH_500,230.14,2026-02-27T00:00:00,Credit,Dallas,Branch,58,Engineer,1,10567.91,2026-02-25T10:00:00,USER_HISTORY_GROWTH,AC_GROWTH_500
TRANSACTIONSUSERGROWTH1000000560,AC_GROWTH_500,359.77,2026-02-27T16:00:00,Debit,Baltimore,ATM,58,Engineer,1,5978.65,2026-02-27T00:00:00,USER_HISTORY_GROWTH,AC_GROWTH_500
TRANSACTIONSUSERGROWTH1000000561,AC_GROWTH_500,5.00,2026-03-02T12:00:00,Debit,Dallas,ATM,58,Engineer,1,7722.67,2026-02-27T16:00:00,USER_HISTORY_GROWTH,AC_GROWTH_500
TRANSACTIONSUSERGROWTH1000000562,AC_GROWTH_500,257.05,2026-03-05T08:00:00,Debit,San Jose,Branch,58,Engineer,1,8821.02,2026-03-02T12:00:00,USER_HISTORY_GROWTH,AC_GROWTH_500
TRANSACTIONSUSERGROWTH1000000563,AC_GROWTH_500,210.87,2026-03-06T04:00:00,Debit,San Jose,ATM,58,Engineer,1,5882.37,2026-03-05T08:00:00,USER_HISTORY_GROWTH,AC_GROWTH_500
TRANSACTIONSUSERGROWTH1000000564,AC_GROWTH_500,342.08,2026-03-08T05:00:00,Debit,Dallas,ATM,58,Engineer,1,7562.45,2026-03-06T04:00:00,USER_HISTORY_GROWTH,AC_GROWTH_500
TRANSACTIONSUSERGROWTH1000000565,AC_GROWTH_500,191.82,2026-03-09T18:00:00,Debit,Dallas,Branch,58,Engineer,2,6583.90,2026-03-08T05:00:00,USER_HISTORY_GROWTH,AC_GROWTH_500
TRANSACTIONSUSERGROWTH1000000566,AC_GROWTH_500,274.32,2026-03-12T15:00:00,Debit,Dallas,Branch,58,Engineer,1,7439.35,2026-03-09T18:00:00,USER_HISTORY_GROWTH,AC_GROWTH_500
TRANSACTIONSUSERGROWTH1000000567,AC_GROWTH_500,495.78,2026-03-15T06:00:00,Debit,San Jose,Branch,58,Engineer,1,10262.69,2026-03-12T15:00:00,USER_HISTORY_GROWTH,AC_GROWTH_500
TRANSACTIONSUSERGROWTH1000000568,AC_GROWTH_500,271.18,2026-03-17T12:00:00,Debit,San Jose,Branch,58,Engineer,1,10416.95,2026-03-15T06:00:00,USER_HISTORY_GROWTH,AC_GROWTH_500
TRANSACTIONSUSERGROWTH1000000569,AC_GROWTH_500,61.45,2026-03-19T22:00:00,Credit,Baltimore,ATM,58,Engineer,2,7147.81,2026-03-17T12:00:00,USER_HISTORY_GROWTH,AC_GROWTH_500
TRANSACTIONSUSERGROWTH1000000570,AC_GROWTH_500,689.40,2026-03-20T15:00:00,Credit,Baltimore,Branch,58,Engineer,1,8019.23,2026-03-19T22:00:00,USER_HISTORY_GROWTH,AC_GROWTH_500
TRANSACTIONSUSERGROWTH1000000571,AC_GROWTH_500,408.12,2026-03-21T14:00:00,Debit,Dallas,Branch,58,Engineer,1,10366.56,2026-03-20T15:00:00,USER_HISTORY_GROWTH,AC_GROWTH_500
TRANSACTIONSUSERGROWTH1000000572,AC_GROWTH_500,212.99,2026-03-22T07:00:00,Credit,Baltimore,ATM,58,Engineer,1,13562.89,2026-03-21T14:00:00,USER_HISTORY_GROWTH,AC_GROWTH_500
TRANSACTIONSUSERGROWTH1000000573,AC_GROWTH_500,408.84,2026-03-25T02:00:00,Debit,Baltimore,ATM,58,Engineer,1,10975.83,2026-03-22T07:00:00,USER_HISTORY_GROWTH,AC_GROWTH_500
TRANSACTIONSUSERGROWTH1000000574,AC_GROWTH_500,238.04,2026-03-27T03:00:00,Debit,Baltimore,ATM,58,Engineer,1,8618.52,2026-03-25T02:00:00,USER_HISTORY_GROWTH,AC_GROWTH_500
TRANSACTIONSUSERGROWTH1000000575,AC_GROWTH_500,300.57,2026-03-29T20:00:00,Credit,Baltimore,Branch,58,Engineer,1,10496.14,2026-03-27T03:00:00,USER_HISTORY_GROWTH,AC_GROWTH_500
TRANSACTIONSUSERGROWTH1000000576,AC_GROWTH_500,227.43,2026-04-01T05:00:00,Debit,Dallas,Branch,58,Engineer,1,8145.82,2026-03-29T20:00:00,USER_HISTORY_GROWTH,AC_GROWTH_500
TRANSACTIONSUSERGROWTH1000000577,AC_GROWTH_500,139.31,2026-04-02T04:00:00,Credit,Dallas,ATM,58,Engineer,1,6939.57,2026-04-01T05:00:00,USER_HISTORY_GROWTH,AC_GROWTH_500
TRANSACTIONSUSERGROWTH1000000578,AC_GROWTH_500,208.54,2026-04-04T05:00:00,Credit,Baltimore,Branch,58,Engineer,2,10237.67,2026-04-02T04:00:00,USER_HISTORY_GROWTH,AC_GROWTH_500
TRANSACTIONSUSERGROWTH1000000579,AC_GROWTH_500,381.33,2026-04-06T00:00:00,Credit,Baltimore,ATM,58,Engineer,2,13355.74,2026-04-04T05:00:00,USER_HISTORY_GROWTH,AC_GROWTH_500
TRANSACTIONSUSERGROWTH1000000580,AC_GROWTH_500,272.32,2026-04-06T21:00:00,Debit,Baltimore,Branch,58,Engineer,1,8657.43,2026-04-06T00:00:00,USER_HISTORY_GROWTH,AC_GROWTH_500
TRANSACTIONSUSERGROWTH1000000581,AC_GROWTH_500,246.65,2026-04-08T10:00:00,Credit,Baltimore,ATM,58,Engineer,1,5836.13,2026-04-06T21:00:00,USER_HISTORY_GROWTH,AC_GROWTH_500
TRANSACTIONSUSERGROWTH1000000582,AC_GROWTH_500,124.35,2026-04-10T16:00:00,Debit,Baltimore,ATM,58,Engineer,1,8066.00,2026-04-08T10:00:00,USER_HISTORY_GROWTH,AC_GROWTH_500
TRANSACTIONSUSERGROWTH1000000583,AC_GROWTH_500,319.23,2026-04-12T06:00:00,Debit,San Jose,Branch,58,Engineer,1,11212.97,2026-04-10T16:00:00,USER_HISTORY_GROWTH,AC_GROWTH_500
TRANSACTIONSUSERGROWTH1000000584,AC_GROWTH_500,639.27,2026-04-13T23:00:00,Debit,San Jose,ATM,58,Engineer,1,7760.05,2026-04-12T06:00:00,USER_HISTORY_GROWTH,AC_GROWTH_500
TRANSACTIONSUSERGROWTH1000000585,AC_GROWTH_500,152.14,2026-04-15T20:00:00,Credit,Dallas,Branch,58,Engineer,1,8375.85,2026-04-13T23:00:00,USER_HISTORY_GROWTH,AC_GROWTH_500
TRANSACTIONSUSERGROWTH1000000586,AC_GROWTH_500,293.07,2026-04-17T10:00:00,Debit,Dallas,ATM,58,Engineer,1,8843.23,2026-04-15T20:00:00,USER_HISTORY_GROWTH,AC_GROWTH_500
TRANSACTIONSUSERGROWTH1000000587,AC_GROWTH_500,177.39,2026-04-20T07:00:00,Debit,Dallas,ATM,58,Engineer,3,7428.46,2026-04-17T10:00:00,USER_HISTORY_GROWTH,AC_GROWTH_500
TRANSACTIONSUSERGROWTH1000000588,AC_GROWTH_500,335.60,2026-04-23T05:00:00,Credit,Baltimore,Branch,58,Engineer,1,9566.54,2026-04-20T07:00:00,USER_HISTORY_GROWTH,AC_GROWTH_500
TRANSACTIONSUSERGROWTH1000000589,AC_GROWTH_500,387.80,2026-04-23T21:00:00,Debit,San Jose,Branch,58,Engineer,1,12497.87,2026-04-23T05:00:00,USER_HISTORY_GROWTH,AC_GROWTH_500
TRANSACTIONSUSERGROWTH1000000590,AC_GROWTH_500,291.77,2026-04-25T05:00:00,Debit,Dallas,Branch,58,Engineer,1,15337.44,2026-04-23T21:00:00,USER_HISTORY_GROWTH,AC_GROWTH_500
TRANSACTIONSUSERGROWTH1000000591,AC_GROWTH_500,482.16,2026-04-26T19:00:00,Debit,Dallas,ATM,58,Engineer,2,6017.15,2026-04-25T05:00:00,USER_HISTORY_GROWTH,AC_GROWTH_500
TRANSACTIONSUSERGROWTH1000000592,AC_GROWTH_500,332.94,2026-04-28T05:00:00,Credit,Dallas,ATM,58,Engineer,1,11868.10,2026-04-26T19:00:00,USER_HISTORY_GROWTH,AC_GROWTH_500
TRANSACTIONSUSERGROWTH1000000593,AC_GROWTH_500,218.87,2026-04-30T01:00:00,Debit,Dallas,ATM,58,Engineer,1,6177.56,2026-04-28T05:00:00,USER_HISTORY_GROWTH,AC_GROWTH_500
TRANSACTIONSUSERGROWTH1000000594,AC_GROWTH_500,360.12,2026-05-01T09:00:00,Debit,Dallas,ATM,58,Engineer,1,10658.84,2026-04-30T01:00:00,USER_HISTORY_GROWTH,AC_GROWTH_500
TRANSACTIONSUSERGROWTH1000000595,AC_GROWTH_500,392.16,2026-05-03T10:00:00,Debit,Baltimore,Branch,58,Engineer,1,5551.67,2026-05-01T09:00:00,USER_HISTORY_GROWTH,AC_GROWTH_500
TRANSACTIONSUSERGROWTH1000000596,AC_GROWTH_500,439.52,2026-05-05T23:00:00,Debit,Dallas,ATM,58,Engineer,1,7634.06,2026-05-03T10:00:00,USER_HISTORY_GROWTH,AC_GROWTH_500
TRANSACTIONSUSERGROWTH1000000597,AC_GROWTH_500,206.22,2026-05-08T13:00:00,Debit,San Jose,ATM,58,Engineer,2,7586.92,2026-05-05T23:00:00,USER_HISTORY_GROWTH,AC_GROWTH_500
TRANSACTIONSUSERGROWTH1000000598,AC_GROWTH_500,129.97,2026-05-11T08:00:00,Debit,San Jose,ATM,58,Engineer,1,7041.82,2026-05-08T13:00:00,USER_HISTORY_GROWTH,AC_GROWTH_500
TRANSACTIONSUSERGROWTH1000000599,AC_GROWTH_500,5.00,2026-05-13T02:00:00,Debit,Dallas,ATM,58,Engineer,2,6477.05,2026-05-11T08:00:00,USER_HISTORY_GROWTH,AC_GROWTH_500
TRANSACTIONSUSERGROWTH1000000600,AC_GROWTH_500,475.00,2026-05-15T06:00:00,Debit,Dallas,ATM,58,Engineer,1,8288.95,2026-05-13T02:00:00,USER_HISTORY_GROWTH,AC_GROWTH_500
TRANSACTIONSUSERGROWTH1000000601,AC_GROWTH_500,50.99,2026-05-15T20:00:00,Credit,Baltimore,ATM,58,Engineer,3,7936.19,2026-05-15T06:00:00,USER_HISTORY_GROWTH,AC_GROWTH_500
TRANSACTIONSUSERGROWTH1000000602,AC_GROWTH_500,180.02,2026-05-18T04:00:00,Debit,Baltimore,ATM,58,Engineer,1,10338.84,2026-05-15T20:00:00,USER_HISTORY_GROWTH,AC_GROWTH_500
TRANSACTIONSUSERGROWTH1000000603,AC_GROWTH_500,319.23,2026-05-20T11:00:00,Credit,Dallas,ATM,58,Engineer,1,7431.17,2026-05-18T04:00:00,USER_HISTORY_GROWTH,AC_GROWTH_500
TRANSACTIONSUSERGROWTH1000000604,AC_GROWTH_500,343.60,2026-05-22T20:00:00,Credit,Baltimore,Branch,58,Engineer,2,5175.38,2026-05-20T11:00:00,USER_HISTORY_GROWTH,AC_GROWTH_500
TRANSACTIONSUSERGROWTH1000000605,AC_GROWTH_500,222.14,2026-05-24T01:00:00,Credit,San Jose,ATM,58,Engineer,2,11589.34,2026-05-22T20:00:00,USER_HISTORY_GROWTH,AC_GROWTH_500
TRANSACTIONSUSERGROWTH1000000606,AC_GROWTH_500,459.46,2026-05-26T16:00:00,Credit,Dallas,Branch,58,Engineer,1,6792.39,2026-05-24T01:00:00,USER_HISTORY_GROWTH,AC_GROWTH_500
TRANSACTIONSUSERGROWTH1000000607,AC_GROWTH_500,197.65,2026-05-27T04:00:00,Debit,Dallas,ATM,58,Engineer,2,3926.95,2026-05-26T16:00:00,USER_HISTORY_GROWTH,AC_GROWTH_500
TRANSACTIONSUSERGROWTH1000000608,AC_GROWTH_500,237.96,2026-05-27T23:00:00,Debit,San Jose,Branch,58,Engineer,1,9436.17,2026-05-27T04:00:00,USER_HISTORY_GROWTH,AC_GROWTH_500
TRANSACTIONSUSERGROWTH1000000609,AC_GROWTH_500,443.12,2026-05-30T15:00:00,Debit,San Jose,ATM,58,Engineer,1,9397.31,2026-05-27T23:00:00,USER_HISTORY_GROWTH,AC_GROWTH_500
TRANSACTIONSUSERGROWTH1000000610,AC_GROWTH_500,483.40,2026-06-02T02:00:00,Credit,Dallas,ATM,58,Engineer,2,8707.75,2026-05-30T15:00:00,USER_HISTORY_GROWTH,AC_GROWTH_500
TRANSACTIONSUSERGROWTH1000000611,AC_GROWTH_500,378.75,2026-06-02T21:00:00,Debit,Baltimore,ATM,58,Engineer,1,10262.06,2026-06-02T02:00:00,USER_HISTORY_GROWTH,AC_GROWTH_500
TRANSACTIONSUSERGROWTH1000000612,AC_GROWTH_500,264.82,2026-06-04T18:00:00,Credit,Dallas,ATM,58,Engineer,1,8595.38,2026-06-02T21:00:00,USER_HISTORY_GROWTH,AC_GROWTH_500
TRANSACTIONSUSERGROWTH1000000613,AC_GROWTH_500,441.60,2026-06-05T20:00:00,Debit,Baltimore,Branch,58,Engineer,2,7717.98,2026-06-04T18:00:00,USER_HISTORY_GROWTH,AC_GROWTH_500
TRANSACTIONSUSERGROWTH1000000614,AC_GROWTH_500,314.26,2026-06-06T21:00:00,Credit,Dallas,ATM,58,Engineer,2,7756.80,2026-06-05T20:00:00,USER_HISTORY_GROWTH,AC_GROWTH_500
TRANSACTIONSUSERGROWTH1000000615,AC_GROWTH_500,343.83,2026-06-09T18:00:00,Debit,Dallas,ATM,58,Engineer,1,6349.54,2026-06-06T21:00:00,USER_HISTORY_GROWTH,AC_GROWTH_500
TRANSACTIONSUSERGROWTH1000000616,AC_GROWTH_500,142.95,2026-06-10T19:00:00,Debit,Dallas,ATM,58,Engineer,1,6045.06,2026-06-09T18:00:00,USER_HISTORY_GROWTH,AC_GROWTH_500
TRANSACTIONSUSERGROWTH1000000617,AC_GROWTH_500,104.27,2026-06-13T03:00:00,Debit,Dallas,ATM,58,Engineer,1,6781.19,2026-06-10T19:00:00,USER_HISTORY_GROWTH,AC_GROWTH_500
TRANSACTIONSUSERGROWTH1000000618,AC_GROWTH_500,335.10,2026-06-13T20:00:00,Debit,San Jose,ATM,58,Engineer,2,9886.37,2026-06-13T03:00:00,USER_HISTORY_GROWTH,AC_GROWTH_500
TRANSACTIONSUSERGROWTH1000000619,AC_GROWTH_500,194.49,2026-06-15T18:00:00,Credit,Dallas,Branch,58,Engineer,1,8410.88,2026-06-13T20:00:00,USER_HISTORY_GROWTH,AC_GROWTH_500
TRANSACTIONSUSERGROWTH1000000620,AC_GROWTH_500,483.38,2026-06-16T17:00:00,Debit,Dallas,ATM,58,Engineer,1,13771.18,2026-06-15T18:00:00,USER_HISTORY_GROWTH,AC_GROWTH_500
TRANSACTIONSUSERGROWTH1000000621,AC_GROWTH_500,512.32,2026-06-17T05:00:00,Credit,Dallas,ATM,58,Engineer,1,9245.36,2026-06-16T17:00:00,USER_HISTORY_GROWTH,AC_GROWTH_500
TRANSACTIONSUSERGROWTH1000000622,AC_GROWTH_500,342.02,2026-06-18T08:00:00,Debit,San Jose,ATM,58,Engineer,1,8610.18,2026-06-17T05:00:00,USER_HISTORY_GROWTH,AC_GROWTH_500
TRANSACTIONSUSERGROWTH1000000623,AC_GROWTH_500,531.44,2026-06-19T15:00:00,Debit,Dallas,ATM,58,Engineer,3,10539.41,2026-06-18T08:00:00,USER_HISTORY_GROWTH,AC_GROWTH_500
TRANSACTIONSUSERGROWTH1000000624,AC_GROWTH_500,215.31,2026-06-20T12:00:00,Debit,Dallas,Branch,58,Engineer,1,4565.38,2026-06-19T15:00:00,USER_HISTORY_GROWTH,AC_GROWTH_500
TRANSACTIONSUSERGROWTH1000000625,AC_GROWTH_500,337.47,2026-06-22T03:00:00,Debit,Dallas,Branch,58,Engineer,2,6082.21,2026-06-20T12:00:00,USER_HISTORY_GROWTH,AC_GROWTH_500
TRANSACTIONSUSERGROWTH1000000626,AC_GROWTH_500,471.98,2026-06-23T01:00:00,Debit,San Jose,ATM,58,Engineer,1,8264.73,2026-06-22T03:00:00,USER_HISTORY_GROWTH,AC_GROWTH_500
TRANSACTIONSUSERGROWTH1000000627,AC_GROWTH_500,339.22,2026-06-25T01:00:00,Debit,Dallas,ATM,58,Engineer,1,7816.17,2026-06-23T01:00:00,USER_HISTORY_GROWTH,AC_GROWTH_500
TRANSACTIONSUSERGROWTH1000000628,AC_GROWTH_500,224.84,2026-06-26T12:00:00,Credit,Dallas,Branch,58,Engineer,1,10080.45,2026-06-25T01:00:00,USER_HISTORY_GROWTH,AC_GROWTH_500
TRANSACTIONSUSERGROWTH1000000629,AC_GROWTH_500,517.23,2026-06-28T23:00:00,Debit,San Jose,ATM,58,Engineer,1,5056.64,2026-06-26T12:00:00,USER_HISTORY_GROWTH,AC_GROWTH_500
TRANSACTIONSUSERGROWTH1000000630,AC_GROWTH_500,398.41,2026-07-01T05:00:00,Debit,San Jose,ATM,58,Engineer,1,8969.89,2026-06-28T23:00:00,USER_HISTORY_GROWTH,AC_GROWTH_500
