TransactionID,AccountID,TransactionAmount,TransactionDate,TransactionType,Location,Channel,CustomerAge,CustomerOccupation,LoginAttempts,AccountBalance,PreviousTransactionDate,ScenarioLabel,ScenarioRole
TRANSACTIONS2000BASELINE000001,ACB00001,83.14,2024-01-14T20:00:00,Debit,Colorado Springs,ATM,39,Student,1,8832.02,,BASELINE_NORMAL,overall_volume
TRANSACTIONS2000BASELINE000002,ACB00002,5.00,2024-01-20T16:00:00,Debit,Los Angeles,Online,44,Student,1,4649.89,,BASELINE_NORMAL,overall_volume
TRANSACTIONS2000BASELINE000003,ACB00003,141.92,2024-01-03T14:00:00,Credit,San Francisco,Online,38,Student,1,4726.51,,BASELINE_NORMAL,overall_volume
TRANSACTIONS2000BASELINE000004,ACB00004,255.31,2024-01-30T17:00:00,Debit,Seattle,ATM,55,Doctor,1,3079.85,,BASELINE_NORMAL,overall_volume
TRANSACTIONS2000BASELINE000005,ACB00005,170.75,2024-01-19T12:00:00,Credit,San Jose,Branch,43,Student,1,2862.79,,BASELINE_NORMAL,overall_volume
TRANSACTIONS2000BASELINE000006,ACB00006,46.32,2024-02-10T10:00:00,Debit,Miami,ATM,59,Engineer,1,6179.33,,BASELINE_NORMAL,overall_volume
TRANSACTIONS2000BASELINE000007,ACB00007,92.68,2024-01-15T08:00:00,Debit,San Francisco,Online,47,Engineer,1,5686.89,,BASELINE_NORMAL,overall_volume
TRANSACTIONS2000BASELINE000008,ACB00008,525.54,2024-02-07T11:00:00,Debit,Austin,Branch,48,Engineer,1,6421.14,,BASELINE_NORMAL,overall_volume
TRANSACTIONS2000BASELINE000009,ACB00009,162.12,2024-01-05T13:00:00,Debit,Philadelphia,ATM,71,Retired,1,5539.06,,BASELINE_NORMAL,overall_volume
TRANSACTIONS2000BASELINE000010,ACB00010,403.75,2024-01-04T20:00:00,Debit,Atlanta,ATM,44,Doctor,1,3850.15,,BASELINE_NORMAL,overall_volume
TRANSACTIONS2000BASELINE000011,ACB00011,852.45,2024-01-19T08:00:00,Debit,Charlotte,ATM,59,Retired,1,6913.42,,BASELINE_NORMAL,overall_volume
TRANSACTIONS2000BASELINE000012,ACB00012,5.00,2024-02-01T18:00:00,Debit,El Paso,ATM,33,Doctor,1,6402.14,,BASELINE_NORMAL,overall_volume
TRANSACTIONS2000BASELINE000013,ACB00013,275.96,2024-01-14T10:00:00,Credit,Washington,ATM,53,Engineer,1,11199.01,,BASELINE_NORMAL,overall_volume
TRANSACTIONS2000BASELINE000014,ACB00014,436.80,2024-02-04T08:00:00,Debit,Atlanta,Branch,34,Engineer,1,4958.68,,BASELINE_NORMAL,overall_volume
TRANSACTIONS2000BASELINE000015,ACB00015,525.26,2024-01-05T13:00:00,Debit,Memphis,Online,40,Doctor,1,4746.97,,BASELINE_NORMAL,overall_volume
TRANSACTIONS2000BASELINE000016,ACB00016,180.54,2024-01-10T12:00:00,Credit,Colorado Springs,Branch,45,Retired,1,3834.93,,BASELINE_NORMAL,overall_volume
TRANSACTIONS2000BASELINE000017,ACB00017,41.28,2024-02-08T18:00:00,Debit,Nashville,Branch,45,Engineer,1,7776.92,,BASELINE_NORMAL,overall_volume
TRANSACTIONS2000BASELINE000018,ACB00018,161.77,2024-01-31T10:00:00,Debit,Atlanta,Online,45,Retired,1,3893.83,,BASELINE_NORMAL,overall_volume
TRANSACTIONS2000BASELINE000019,ACB00019,260.66,2024-02-11T18:00:00,Debit,Las Vegas,ATM,68,Retired,1,3470.46,,BASELINE_NORMAL,overall_volume
TRANSACTIONS2000BASELINE000020,ACB00020,155.66,2024-01-05T08:00:00,Credit,Omaha,Branch,48,Student,2,6861.16,,BASELINE_NORMAL,overall_volume
TRANSACTIONS2000BASELINE000021,ACB00021,96.72,2024-01-02T11:00:00,Debit,San Francisco,Branch,48,Engineer,1,3057.57,,BASELINE_NORMAL,overall_volume
TRANSACTIONS2000BASELINE000022,ACB00022,250.99,2024-01-21T19:00:00,Debit,Miami,Branch,46,Retired,1,2902.23,,BASELINE_NORMAL,overall_volume
TRANSACTIONS2000BASELINE000023,ACB00023,89.11,2024-01-15T19:00:00,Debit,San Diego,Online,44,Student,1,9148.44,,BASELINE_NORMAL,overall_volume
TRANSACTIONS2000BASELINE000024,ACB00024,266.94,2024-01-31T09:00:00,Credit,New York,ATM,31,Student,1,1900.83,,BASELINE_NORMAL,overall_volume
TRANSACTIONS2000BASELINE000025,ACB00025,486.77,2024-02-11T10:00:00,Debit,Seattle,ATM,65,Retired,1,4523.44,,BASELINE_NORMAL,overall_volume
TRANSACTIONS2000BASELINE000026,ACB00026,89.07,2024-02-01T09:00:00,Debit,Nashville,Online,43,Student,1,4230.05,,BASELINE_NORMAL,overall_volume
TRANSACTIONS2000BASELINE000027,ACB00027,368.29,2024-01-16T16:00:00,Debit,Denver,Online,51,Retired,1,1992.30,,BASELINE_NORMAL,overall_volume
TRANSACTIONS2000BASELINE000028,ACB00028,5.00,2024-01-15T18:00:00,Debit,Boston,ATM,25,Student,1,2929.73,,BASELINE_NORMAL,overall_volume
TRANSACTIONS2000BASELINE000029,ACB00029,29.61,2024-02-04T19:00:00,Credit,San Diego,ATM,58,Doctor,1,4016.47,,BASELINE_NORMAL,overall_volume
TRANSACTIONS2000BASELINE000030,ACB00030,102.15,2024-02-14T16:00:00,Credit,Colorado Springs,ATM,46,Doctor,2,7706.15,,BASELINE_NORMAL,overall_volume
TRANSACTIONS2000BASELINE000031,ACB00031,1780.08,2024-01-26T08:00:00,Debit,Columbus,Branch,20,Student,1,1830.08,,BASELINE_NORMAL,overall_volume
TRANSACTIONS2000BASELINE000032,ACB00032,284.88,2024-01-25T15:00:00,Debit,Kansas City,Branch,39,Student,1,6613.05,,BASELINE_NORMAL,overall_volume
TRANSACTIONS2000BASELINE000033,ACB00033,346.05,2024-01-07T08:00:00,Debit,Memphis,ATM,38,Student,2,2217.89,,BASELINE_NORMAL,overall_volume
TRANSACTIONS2000BASELINE000034,ACB00034,161.97,2024-01-15T18:00:00,Debit,Denver,ATM,38,Engineer,1,472.00,,BASELINE_NORMAL,overall_volume
TRANSACTIONS2000BASELINE000035,ACB00035,163.43,2024-01-02T15:00:00,Debit,Atlanta,Branch,42,Doctor,1,6530.41,,BASELINE_NORMAL,overall_volume
TRANSACTIONS2000BASELINE000036,ACB00036,554.92,2024-02-10T14:00:00,Credit,Los Angeles,ATM,28,Student,1,6319.61,,BASELINE_NORMAL,overall_volume
TRANSACTIONS2000BASELINE000037,ACB00037,602.77,2024-01-16T10:00:00,Debit,Milwaukee,Branch,51,Retired,1,5136.17,,BASELINE_NORMAL,overall_volume
TRANSACTIONS2000BASELINE000038,ACB00038,102.64,2024-02-14T16:00:00,Debit,Fresno,Online,44,Student,1,3708.21,,BASELINE_NORMAL,overall_volume
TRANSACTIONS2000BASELINE000039,ACB00039,555.84,2024-02-09T11:00:00,Debit,Colorado Springs,Online,35,Student,1,3284.73,,BASELINE_NORMAL,overall_volume
TRANSACTIONS2000BASELINE000040,ACB00040,162.21,2024-02-14T17:00:00,Debit,Atlanta,Branch,53,Student,1,2963.85,,BASELINE_NORMAL,overall_volume
TRANSACTIONS2000BASELINE000041,ACB00041,236.66,2024-01-31T19:00:00,Credit,Fort Worth,Branch,55,Engineer,1,2541.63,,BASELINE_NORMAL,overall_volume
TRANSACTIONS2000BASELINE000042,ACB00042,320.22,2024-01-13T17:00:00,Debit,El Paso,ATM,46,Student,1,6728.03,,BASELINE_NORMAL,overall_volume
TRANSACTIONS2000BASELINE000043,ACB00043,369.69,2024-01-30T12:00:00,Debit,Phoenix,Branch,48,Doctor,1,8322.48,,BASELINE_NORMAL,overall_volume
TRANSACTIONS2000BASELINE000044,ACB00044,5.00,2024-01-28T18:00:00,Debit,El Paso,ATM,44,Student,2,4522.71,,BASELINE_NORMAL,overall_volume
TRANSACTIONS2000BASELINE000045,ACB00045,31.13,2024-01-14T14:00:00,Credit,Sacramento,Online,41,Student,3,6020.73,,BASELINE_NORMAL,overall_volume
TRANSACTIONS2000BASELINE000046,ACB00046,5.00,2024-02-09T13:00:00,Debit,El Paso,Online,48,Engineer,2,7666.59,,BASELINE_NORMAL,overall_volume
TRANSACTIONS2000BASELINE000047,ACB00047,237.97,2024-01-18T16:00:00,Debit,Tucson,Online,33,Student,2,3890.51,,BASELINE_NORMAL,overall_volume
TRANSACTIONS2000BASELINE000048,ACB00048,153.32,2024-02-07T10:00:00,Debit,Philadelphia,ATM,71,Retired,1,6247.73,,BASELINE_NORMAL,overall_volume
TRANSACTIONS2000BASELINE000049,ACB00049,372.63,2024-02-04T08:00:00,Debit,Sacramento,Branch,48,Student,1,10791.34,,BASELINE_NORMAL,overall_volume
TRANSACTIONS2000BASELINE000050,ACB00050,198.83,2024-01-07T10:00:00,Debit,Dallas,Branch,46,Student,1,7085.22,,BASELINE_NORMAL,overall_volume
TRANSACTIONS2000BASELINE000051,ACB00051,839.56,2024-02-03T09:00:00,Debit,El Paso,ATM,42,Doctor,1,5374.32,,BASELINE_NORMAL,overall_volume
TRANSACTIONS2000BASELINE000052,ACB00052,51.53,2024-01-08T11:00:00,Debit,Los Angeles,ATM,40,Student,2,5679.84,,BASELINE_NORMAL,overall_volume
TRANSACTIONS2000BASELINE000053,ACB00053,9.09,2024-01-11T11:00:00,Debit,Portland,ATM,40,Doctor,1,3325.31,,BASELINE_NORMAL,overall_volume
TRANSACTIONS2000BASELINE000054,ACB00054,524.77,2024-01-31T17:00:00,Debit,Columbus,Branch,48,Doctor,2,7173.17,,BASELINE_NORMAL,overall_volume
TRANSACTIONS2000BASELINE000055,ACB00055,169.87,2024-02-02T08:00:00,Credit,Las Vegas,Branch,40,Student,1,4779.07,,BASELINE_NORMAL,overall_volume
TRANSACTIONS2000BASELINE000056,ACB00056,487.01,2024-01-24T17:00:00,Debit,Dallas,Branch,40,Doctor,1,4531.01,,BASELINE_NORMAL,overall_volume
TRANSACTIONS2000BASELINE000057,ACB00057,425.63,2024-01-24T16:00:00,Debit,San Antonio,Branch,37,Engineer,1,6333.75,,BASELINE_NORMAL,overall_volume
TRANSACTIONS2000BASELINE000058,ACB00058,336.79,2024-01-02T13:00:00,Debit,Tucson,Online,24,Student,1,1111.98,,BASELINE_NORMAL,overall_volume
TRANSACTIONS2000BASELINE000059,ACB00059,60.95,2024-02-09T11:00:00,Debit,Columbus,ATM,40,Engineer,1,190.13,,BASELINE_NORMAL,overall_volume
TRANSACTIONS2000BASELINE000060,ACB00060,121.15,2024-01-17T11:00:00,Debit,Fresno,Online,62,Engineer,1,5365.91,,BASELINE_NORMAL,overall_volume
TRANSACTIONS2000BASELINE000061,ACB00061,170.36,2024-02-02T09:00:00,Credit,Nashville,ATM,53,Retired,1,5178.98,,BASELINE_NORMAL,overall_volume
TRANSACTIONS2000BASELINE000062,ACB00062,204.21,2024-02-15T20:00:00,Debit,Kansas City,Branch,50,Engineer,1,4942.13,,BASELINE_NORMAL,overall_volume
TRANSACTIONS2000BASELINE000063,ACB00063,458.69,2024-01-06T13:00:00,Credit,San Diego,Branch,55,Retired,1,9688.61,,BASELINE_NORMAL,overall_volume
TRANSACTIONS2000BASELINE000064,ACB00064,179.18,2024-01-30T12:00:00,Credit,Columbus,ATM,43,Student,1,1799.23,,BASELINE_NORMAL,overall_volume
TRANSACTIONS2000BASELINE000065,ACB00065,29.98,2024-02-03T15:00:00,Credit,San Jose,Branch,47,Doctor,2,8614.83,,BASELINE_NORMAL,overall_volume
TRANSACTIONS2000BASELINE000066,ACB00066,607.62,2024-01-22T17:00:00,Debit,Louisville,ATM,44,Doctor,1,3714.68,,BASELINE_NORMAL,overall_volume
TRANSACTIONS2000BASELINE000067,ACB00067,97.46,2024-01-04T08:00:00,Debit,Oklahoma City,ATM,54,Retired,1,7576.19,,BASELINE_NORMAL,overall_volume
TRANSACTIONS2000BASELINE000068,ACB00068,556.80,2024-02-07T13:00:00,Debit,Miami,Branch,59,Retired,3,2765.64,,BASELINE_NORMAL,overall_volume
TRANSACTIONS2000BASELINE000069,ACB00069,293.63,2024-02-04T14:00:00,Credit,Baltimore,Online,46,Retired,3,5355.24,,BASELINE_NORMAL,overall_volume
TRANSACTIONS2000BASELINE000070,ACB00070,5.00,2024-01-19T17:00:00,Debit,Jacksonville,ATM,42,Student,2,5970.25,,BASELINE_NORMAL,overall_volume
TRANSACTIONS2000BASELINE000071,ACB00071,133.48,2024-01-26T17:00:00,Debit,Nashville,ATM,56,Retired,1,4892.78,,BASELINE_NORMAL,overall_volume
TRANSACTIONS2000BASELINE000072,ACB00072,491.44,2024-01-15T18:00:00,Debit,Indianapolis,Online,37,Student,1,7196.94,,BASELINE_NORMAL,overall_volume
TRANSACTIONS2000BASELINE000073,ACB00073,473.31,2024-01-24T13:00:00,Credit,Fort Worth,Branch,55,Engineer,1,4288.02,,BASELINE_NORMAL,overall_volume
TRANSACTIONS2000BASELINE000074,ACB00074,5.00,2024-01-22T08:00:00,Debit,San Francisco,Branch,45,Student,1,4828.02,,BASELINE_NORMAL,overall_volume
TRANSACTIONS2000BASELINE000075,ACB00075,929.80,2024-01-24T08:00:00,Debit,San Diego,Online,46,Engineer,1,3699.47,,BASELINE_NORMAL,overall_volume
TRANSACTIONS2000BASELINE000076,ACB00076,531.07,2024-01-25T15:00:00,Debit,Fort Worth,Online,68,Retired,1,4957.37,,BASELINE_NORMAL,overall_volume
TRANSACTIONS2000BASELINE000077,ACB00077,442.87,2024-02-04T14:00:00,Debit,Philadelphia,ATM,68,Retired,1,6189.44,,BASELINE_NORMAL,overall_volume
TRANSACTIONS2000BASELINE000078,ACB00078,398.14,2024-02-05T15:00:00,Debit,Denver,Branch,37,Student,1,1651.65,,BASELINE_NORMAL,overall_volume
TRANSACTIONS2000BASELINE000079,ACB00079,222.84,2024-01-20T11:00:00,Debit,Chicago,ATM,53,Doctor,1,7040.20,,BASELINE_NORMAL,overall_volume
TRANSACTIONS2000BASELINE000080,ACB00080,374.24,2024-01-14T17:00:00,Debit,Houston,Branch,52,Engineer,1,8712.73,,BASELINE_NORMAL,overall_volume
TRANSACTIONS2000BASELINE000081,ACB00081,304.42,2024-02-08T13:00:00,Debit,Nashville,ATM,48,Student,1,7456.10,,BASELINE_NORMAL,overall_volume
TRANSACTIONS2000BASELINE000082,ACB00082,493.46,2024-01-29T10:00:00,Debit,Kansas City,Branch,52,Doctor,2,10576.35,,BASELINE_NORMAL,overall_volume
TRANSACTIONS2000BASELINE000083,ACB00083,5.00,2024-02-08T12:00:00,Debit,Sacramento,Branch,35,Student,1,3199.37,,BASELINE_NORMAL,overall_volume
TRANSACTIONS2000BASELINE000084,ACB00084,67.49,2024-01-18T14:00:00,Debit,San Francisco,Online,48,Engineer,1,3743.64,,BASELINE_NORMAL,overall_volume
TRANSACTIONS2000BASELINE000085,ACB00085,1001.44,2024-01-04T16:00:00,Credit,Austin,Online,46,Engineer,1,4564.65,,BASELINE_NORMAL,overall_volume
TRANSACTIONS2000BASELINE000086,ACB00086,555.31,2024-01-20T13:00:00,Debit,San Antonio,Online,51,Retired,1,1807.56,,BASELINE_NORMAL,overall_volume
TRANSACTIONS2000BASELINE000087,ACB00087,104.56,2024-01-17T09:00:00,Debit,Philadelphia,ATM,49,Doctor,2,8910.61,,BASELINE_NORMAL,overall_volume
TRANSACTIONS2000BASELINE000088,ACB00088,382.62,2024-02-01T11:00:00,Debit,Charlotte,Branch,52,Retired,1,3750.38,,BASELINE_NORMAL,overall_volume
TRANSACTIONS2000BASELINE000089,ACB00089,392.97,2024-02-02T09:00:00,Debit,Detroit,ATM,38,Student,1,2641.54,,BASELINE_NORMAL,overall_volume
TRANSACTIONS2000BASELINE000090,ACB00090,33.78,2024-02-14T19:00:00,Debit,El Paso,ATM,57,Retired,1,8830.86,,BASELINE_NORMAL,overall_volume
TRANSACTIONS2000BASELINE000091,ACB00091,1395.88,2024-01-29T10:00:00,Debit,Detroit,Branch,48,Engineer,1,3892.43,,BASELINE_NORMAL,overall_volume
TRANSACTIONS2000BASELINE000092,ACB00092,593.10,2024-02-11T15:00:00,Debit,Raleigh,ATM,37,Student,2,5410.98,,BASELINE_NORMAL,overall_volume
TRANSACTIONS2000BASELINE000093,ACB00093,38.19,2024-01-21T08:00:00,Debit,Seattle,Online,30,Engineer,2,2232.64,,BASELINE_NORMAL,overall_volume
TRANSACTIONS2000BASELINE000094,ACB00094,744.28,2024-02-06T17:00:00,Debit,Oklahoma City,Branch,59,Retired,1,4442.13,,BASELINE_NORMAL,overall_volume
TRANSACTIONS2000BASELINE000095,ACB00095,703.07,2024-01-08T10:00:00,Debit,San Jose,ATM,65,Retired,2,6255.19,,BASELINE_NORMAL,overall_volume
TRANSACTIONS2000BASELINE000096,ACB00096,345.90,2024-01-07T19:00:00,Debit,Nashville,ATM,38,Student,1,3690.36,,BASELINE_NORMAL,overall_volume
TRANSACTIONS2000BASELINE000097,ACB00097,5.00,2024-02-09T16:00:00,Credit,Mesa,Online,39,Doctor,1,6806.29,,BASELINE_NORMAL,overall_volume
TRANSACTIONS2000BASELINE000098,ACB00098,953.03,2024-01-07T14:00:00,Debit,Denver,Online,47,Retired,1,4091.77,,BASELINE_NORMAL,overall_volume
TRANSACTIONS2000BASELINE000099,ACB00099,176.60,2024-01-07T19:00:00,Debit,Fresno,Online,44,Student,1,2617.99,,BASELINE_NORMAL,overall_volume
TRANSACTIONS2000BASELINE000100,ACB00100,589.43,2024-01-23T11:00:00,Credit,Phoenix,ATM,36,Doctor,1,6505.95,,BASELINE_NORMAL,overall_volume
TRANSACTIONS2000BASELINE000101,ACB00101,612.90,2024-01-31T19:00:00,Debit,Dallas,Online,28,Student,1,1907.40,,BASELINE_NORMAL,overall_volume
TRANSACTIONS2000BASELINE000102,ACB00102,359.00,2024-01-14T09:00:00,Debit,Columbus,Online,28,Student,1,7528.88,,BASELINE_NORMAL,overall_volume
TRANSACTIONS2000BASELINE000103,ACB00103,87.15,2024-01-31T11:00:00,Debit,Milwaukee,ATM,26,Student,1,8519.15,,BASELINE_NORMAL,overall_volume
TRANSACTIONS2000BASELINE000104,ACB00104,225.85,2024-01-28T19:00:00,Debit,Seattle,Branch,62,Retired,1,4784.74,,BASELINE_NORMAL,overall_volume
TRANSACTIONS2000BASELINE000105,ACB00105,139.41,2024-01-31T13:00:00,Debit,San Jose,Branch,40,Student,1,3707.88,,BASELINE_NORMAL,overall_volume
TRANSACTIONS2000BASELINE000106,ACB00106,1081.58,2024-01-19T12:00:00,Credit,Jacksonville,ATM,50,Engineer,1,3682.48,,BASELINE_NORMAL,overall_volume
TRANSACTIONS2000BASELINE000107,ACB00107,157.33,2024-02-05T12:00:00,Debit,Jacksonville,Branch,51,Engineer,2,5483.15,,BASELINE_NORMAL,overall_volume
TRANSACTIONS2000BASELINE000108,ACB00108,519.63,2024-01-16T14:00:00,Credit,Colorado Springs,ATM,42,Doctor,1,5558.04,,BASELINE_NORMAL,overall_volume
TRANSACTIONS2000BASELINE000109,ACB00109,204.89,2024-01-07T10:00:00,Debit,San Francisco,ATM,49,Student,1,6161.68,,BASELINE_NORMAL,overall_volume
TRANSACTIONS2000BASELINE000110,ACB00110,177.35,2024-02-14T18:00:00,Debit,Dallas,Online,61,Engineer,2,5878.74,,BASELINE_NORMAL,overall_volume
TRANSACTIONS2000BASELINE000111,ACB00111,5.00,2024-01-28T20:00:00,Debit,Boston,ATM,46,Retired,1,4564.57,,BASELINE_NORMAL,overall_volume
TRANSACTIONS2000BASELINE000112,ACB00112,295.41,2024-01-12T15:00:00,Debit,Albuquerque,ATM,46,Doctor,1,6874.16,,BASELINE_NORMAL,overall_volume
TRANSACTIONS2000BASELINE000113,ACB00113,5.00,2024-02-11T13:00:00,Debit,Memphis,ATM,31,Student,1,3040.15,,BASELINE_NORMAL,overall_volume
TRANSACTIONS2000BASELINE000114,ACB00114,5.00,2024-01-29T13:00:00,Debit,Austin,Branch,33,Student,1,5343.42,,BASELINE_NORMAL,overall_volume
TRANSACTIONS2000BASELINE000115,ACB00115,64.78,2024-01-11T08:00:00,Credit,Colorado Springs,Branch,50,Doctor,1,7917.36,,BASELINE_NORMAL,overall_volume
TRANSACTIONS2000BASELINE000116,ACB00116,16.06,2024-02-01T15:00:00,Debit,Atlanta,ATM,53,Student,1,4441.72,,BASELINE_NORMAL,overall_volume
TRANSACTIONS2000BASELINE000117,ACB00117,197.70,2024-02-14T20:00:00,Debit,Columbus,Branch,47,Retired,1,7381.01,,BASELINE_NORMAL,overall_volume
TRANSACTIONS2000BASELINE000118,ACB00118,657.98,2024-01-01T13:00:00,Debit,San Francisco,Online,51,Engineer,1,8738.96,,BASELINE_NORMAL,overall_volume
TRANSACTIONS2000BASELINE000119,ACB00119,373.64,2024-02-14T08:00:00,Debit,Jacksonville,ATM,47,Engineer,1,8246.78,,BASELINE_NORMAL,overall_volume
TRANSACTIONS2000BASELINE000120,ACB00120,41.42,2024-01-15T10:00:00,Debit,Columbus,ATM,40,Engineer,1,260.57,,BASELINE_NORMAL,overall_volume
TRANSACTIONS2000BASELINE000121,ACB00001,383.57,2024-01-15T12:00:00,Debit,Columbus,ATM,39,Student,1,8064.91,2024-01-14T20:00:00,BASELINE_NORMAL,overall_volume
TRANSACTIONS2000BASELINE000122,ACB00002,1378.79,2024-01-21T02:00:00,Debit,Los Angeles,Online,44,Student,1,7226.82,2024-01-20T16:00:00,BASELINE_NORMAL,overall_volume
TRANSACTIONS2000BASELINE000123,ACB00003,375.68,2024-01-05T00:00:00,Debit,Oklahoma City,Online,38,Student,1,6428.57,2024-01-03T14:00:00,BASELINE_NORMAL,overall_volume
TRANSACTIONS2000BASELINE000124,ACB00004,417.50,2024-02-02T22:00:00,Debit,Boston,Branch,55,Doctor,2,8327.97,2024-01-30T17:00:00,BASELINE_NORMAL,overall_volume
TRANSACTIONS2000BASELINE000125,ACB00005,185.77,2024-01-19T19:00:00,Debit,Columbus,ATM,43,Student,1,1809.64,2024-01-19T12:00:00,BASELINE_NORMAL,overall_volume
TRANSACTIONS2000BASELINE000126,ACB00006,57.78,2024-02-14T02:00:00,Debit,Charlotte,ATM,59,Engineer,2,8208.53,2024-02-10T10:00:00,BASELINE_NORMAL,overall_volume
TRANSACTIONS2000BASELINE000127,ACB00007,214.56,2024-01-17T02:00:00,Credit,Atlanta,Online,47,Engineer,2,4012.03,2024-01-15T08:00:00,BASELINE_NORMAL,overall_volume
TRANSACTIONS2000BASELINE000128,ACB00008,919.60,2024-02-08T14:00:00,Credit,Denver,ATM,48,Engineer,1,6472.14,2024-02-07T11:00:00,BASELINE_NORMAL,overall_volume
TRANSACTIONS2000BASELINE000129,ACB00009,136.73,2024-01-06T15:00:00,Debit,Philadelphia,ATM,71,Retired,1,6945.52,2024-01-05T13:00:00,BASELINE_NORMAL,overall_volume
TRANSACTIONS2000BASELINE000130,ACB00010,1086.47,2024-01-07T18:00:00,Debit,Los Angeles,ATM,44,Doctor,1,3961.07,2024-01-04T20:00:00,BASELINE_NORMAL,overall_volume
TRANSACTIONS2000BASELINE000131,ACB00011,288.76,2024-01-21T13:00:00,Debit,Phoenix,ATM,59,Retired,1,9520.56,2024-01-19T08:00:00,BASELINE_NORMAL,overall_volume
TRANSACTIONS2000BASELINE000132,ACB00012,278.73,2024-02-04T00:00:00,Debit,Atlanta,Online,33,Doctor,1,4303.19,2024-02-01T18:00:00,BASELINE_NORMAL,overall_volume
TRANSACTIONS2000BASELINE000133,ACB00013,5.00,2024-01-17T03:00:00,Debit,Las Vegas,Online,53,Engineer,1,6156.66,2024-01-14T10:00:00,BASELINE_NORMAL,overall_volume
TRANSACTIONS2000BASELINE000134,ACB00014,435.02,2024-02-04T17:00:00,Debit,Boston,Branch,34,Engineer,1,5331.44,2024-02-04T08:00:00,BASELINE_NORMAL,overall_volume
TRANSACTIONS2000BASELINE000135,ACB00015,157.44,2024-01-07T14:00:00,Debit,Detroit,Branch,40,Doctor,1,6267.74,2024-01-05T13:00:00,BASELINE_NORMAL,overall_volume
TRANSACTIONS2000BASELINE000136,ACB00016,100.25,2024-01-13T09:00:00,Debit,Charlotte,ATM,45,Retired,1,3366.99,2024-01-10T12:00:00,BASELINE_NORMAL,overall_volume
TRANSACTIONS2000BASELINE000137,ACB00017,260.51,2024-02-11T01:00:00,Debit,Charlotte,Branch,45,Engineer,1,6835.65,2024-02-08T18:00:00,BASELINE_NORMAL,overall_volume
TRANSACTIONS2000BASELINE000138,ACB00018,156.20,2024-02-02T23:00:00,Debit,Charlotte,Branch,45,Retired,2,3838.98,2024-01-31T10:00:00,BASELINE_NORMAL,overall_volume
TRANSACTIONS2000BASELINE000139,ACB00019,292.63,2024-02-12T19:00:00,Debit,Las Vegas,ATM,68,Retired,1,1792.50,2024-02-11T18:00:00,BASELINE_NORMAL,overall_volume
TRANSACTIONS2000BASELINE000140,ACB00020,21.81,2024-01-08T07:00:00,Debit,Omaha,Branch,48,Student,1,5885.18,2024-01-05T08:00:00,BASELINE_NORMAL,overall_volume
TRANSACTIONS2000BASELINE000141,ACB00021,221.87,2024-01-05T08:00:00,Debit,Kansas City,ATM,48,Engineer,1,4353.29,2024-01-02T11:00:00,BASELINE_NORMAL,overall_volume
TRANSACTIONS2000BASELINE000142,ACB00022,172.50,2024-01-25T11:00:00,Debit,Boston,Branch,46,Retired,1,3027.10,2024-01-21T19:00:00,BASELINE_NORMAL,overall_volume
TRANSACTIONS2000BASELINE000143,ACB00023,5.00,2024-01-18T11:00:00,Debit,San Jose,ATM,44,Student,1,6170.71,2024-01-15T19:00:00,BASELINE_NORMAL,overall_volume
TRANSACTIONS2000BASELINE000144,ACB00024,403.68,2024-02-04T03:00:00,Debit,New York,Branch,31,Student,1,1487.58,2024-01-31T09:00:00,BASELINE_NORMAL,overall_volume
TRANSACTIONS2000BASELINE000145,ACB00025,148.65,2024-02-14T02:00:00,Debit,Omaha,Online,65,Retired,1,4581.86,2024-02-11T10:00:00,BASELINE_NORMAL,overall_volume
TRANSACTIONS2000BASELINE000146,ACB00026,335.66,2024-02-04T20:00:00,Debit,San Francisco,Branch,43,Student,1,6148.53,2024-02-01T09:00:00,BASELINE_NORMAL,overall_volume
TRANSACTIONS2000BASELINE000147,ACB00027,529.08,2024-01-19T14:00:00,Debit,Detroit,Branch,51,Retired,1,2951.68,2024-01-16T16:00:00,BASELINE_NORMAL,overall_volume
TRANSACTIONS2000BASELINE000148,ACB00028,48.58,2024-01-19T16:00:00,Debit,Boston,Online,25,Student,2,2059.48,2024-01-15T18:00:00,BASELINE_NORMAL,overall_volume
TRANSACTIONS2000BASELINE000149,ACB00029,441.93,2024-02-06T01:00:00,Debit,San Diego,ATM,58,Doctor,1,4512.90,2024-02-04T19:00:00,BASELINE_NORMAL,overall_volume
TRANSACTIONS2000BASELINE000150,ACB00030,876.19,2024-02-16T23:00:00,Credit,Mesa,Online,46,Doctor,1,8919.73,2024-02-14T16:00:00,BASELINE_NORMAL,overall_volume
TRANSACTIONS2000BASELINE000151,ACB00031,698.69,2024-01-28T04:00:00,Debit,Los Angeles,ATM,20,Student,1,1614.79,2024-01-26T08:00:00,BASELINE_NORMAL,overall_volume
TRANSACTIONS2000BASELINE000152,ACB00032,281.22,2024-01-27T17:00:00,Debit,El Paso,Online,39,Student,1,7369.56,2024-01-25T15:00:00,BASELINE_NORMAL,overall_volume
TRANSACTIONS2000BASELINE000153,ACB00033,151.98,2024-01-07T14:00:00,Debit,Chicago,Online,38,Student,1,2789.51,2024-01-07T08:00:00,BASELINE_NORMAL,overall_volume
TRANSACTIONS2000BASELINE000154,ACB00034,186.25,2024-01-17T14:00:00,Debit,Denver,ATM,38,Engineer,3,548.49,2024-01-15T18:00:00,BASELINE_NORMAL,overall_volume
TRANSACTIONS2000BASELINE000155,ACB00035,209.88,2024-01-05T10:00:00,Debit,Atlanta,Branch,42,Doctor,1,3176.11,2024-01-02T15:00:00,BASELINE_NORMAL,overall_volume
TRANSACTIONS2000BASELINE000156,ACB00036,435.33,2024-02-12T05:00:00,Debit,Detroit,ATM,28,Student,1,2285.24,2024-02-10T14:00:00,BASELINE_NORMAL,overall_volume
TRANSACTIONS2000BASELINE000157,ACB00037,295.35,2024-01-17T14:00:00,Debit,Baltimore,ATM,51,Retired,1,2477.72,2024-01-16T10:00:00,BASELINE_NORMAL,overall_volume
TRANSACTIONS2000BASELINE000158,ACB00038,139.24,2024-02-14T23:00:00,Debit,Oklahoma City,Branch,44,Student,1,3321.68,2024-02-14T16:00:00,BASELINE_NORMAL,overall_volume
TRANSACTIONS2000BASELINE000159,ACB00039,358.53,2024-02-11T06:00:00,Debit,Miami,Online,35,Student,2,3041.47,2024-02-09T11:00:00,BASELINE_NORMAL,overall_volume
TRANSACTIONS2000BASELINE000160,ACB00040,5.00,2024-02-18T17:00:00,Debit,San Francisco,Branch,53,Student,3,3475.34,2024-02-14T17:00:00,BASELINE_NORMAL,overall_volume
TRANSACTIONS2000BASELINE000161,ACB00041,396.87,2024-02-01T11:00:00,Credit,San Jose,ATM,55,Engineer,1,2059.34,2024-01-31T19:00:00,BASELINE_NORMAL,overall_volume
TRANSACTIONS2000BASELINE000162,ACB00042,529.54,2024-01-14T20:00:00,Debit,El Paso,Online,46,Student,1,6094.66,2024-01-13T17:00:00,BASELINE_NORMAL,overall_volume
TRANSACTIONS2000BASELINE000163,ACB00043,366.53,2024-02-01T19:00:00,Debit,Colorado Springs,Online,48,Doctor,1,12200.84,2024-01-30T12:00:00,BASELINE_NORMAL,overall_volume
TRANSACTIONS2000BASELINE000164,ACB00044,5.00,2024-01-30T09:00:00,Debit,Portland,ATM,44,Student,2,5414.70,2024-01-28T18:00:00,BASELINE_NORMAL,overall_volume
TRANSACTIONS2000BASELINE000165,ACB00045,180.65,2024-01-17T15:00:00,Credit,Raleigh,Branch,41,Student,1,4926.62,2024-01-14T14:00:00,BASELINE_NORMAL,overall_volume
TRANSACTIONS2000BASELINE000166,ACB00046,37.76,2024-02-10T15:00:00,Debit,Houston,ATM,48,Engineer,1,2768.18,2024-02-09T13:00:00,BASELINE_NORMAL,overall_volume
TRANSACTIONS2000BASELINE000167,ACB00047,396.84,2024-01-22T00:00:00,Debit,Tucson,Online,33,Student,1,4758.59,2024-01-18T16:00:00,BASELINE_NORMAL,overall_volume
TRANSACTIONS2000BASELINE000168,ACB00048,147.83,2024-02-09T09:00:00,Debit,Philadelphia,ATM,71,Retired,1,3468.93,2024-02-07T10:00:00,BASELINE_NORMAL,overall_volume
TRANSACTIONS2000BASELINE000169,ACB00049,503.82,2024-02-05T17:00:00,Credit,Virginia Beach,Online,48,Student,1,7345.50,2024-02-04T08:00:00,BASELINE_NORMAL,overall_volume
TRANSACTIONS2000BASELINE000170,ACB00050,230.49,2024-01-08T11:00:00,Credit,Seattle,Online,46,Student,1,7960.64,2024-01-07T10:00:00,BASELINE_NORMAL,overall_volume
TRANSACTIONS2000BASELINE000171,ACB00051,218.14,2024-02-05T08:00:00,Debit,El Paso,Branch,42,Doctor,1,9308.50,2024-02-03T09:00:00,BASELINE_NORMAL,overall_volume
TRANSACTIONS2000BASELINE000172,ACB00052,5.00,2024-01-12T04:00:00,Credit,Los Angeles,ATM,40,Student,2,8869.06,2024-01-08T11:00:00,BASELINE_NORMAL,overall_volume
TRANSACTIONS2000BASELINE000173,ACB00053,30.51,2024-01-13T14:00:00,Debit,Raleigh,ATM,40,Doctor,1,4162.51,2024-01-11T11:00:00,BASELINE_NORMAL,overall_volume
TRANSACTIONS2000BASELINE000174,ACB00054,206.97,2024-02-03T04:00:00,Debit,Colorado Springs,Branch,48,Doctor,1,7976.07,2024-01-31T17:00:00,BASELINE_NORMAL,overall_volume
TRANSACTIONS2000BASELINE000175,ACB00055,287.70,2024-02-05T22:00:00,Debit,Las Vegas,ATM,40,Student,1,3735.11,2024-02-02T08:00:00,BASELINE_NORMAL,overall_volume
TRANSACTIONS2000BASELINE000176,ACB00056,104.61,2024-01-27T13:00:00,Debit,Memphis,Online,40,Doctor,2,2438.99,2024-01-24T17:00:00,BASELINE_NORMAL,overall_volume
TRANSACTIONS2000BASELINE000177,ACB00057,5.00,2024-01-27T11:00:00,Debit,Virginia Beach,Branch,37,Engineer,1,7136.63,2024-01-24T16:00:00,BASELINE_NORMAL,overall_volume
TRANSACTIONS2000BASELINE000178,ACB00058,329.54,2024-01-03T22:00:00,Debit,Tucson,Online,24,Student,1,984.21,2024-01-02T13:00:00,BASELINE_NORMAL,overall_volume
TRANSACTIONS2000BASELINE000179,ACB00059,69.61,2024-02-10T01:00:00,Debit,Columbus,ATM,40,Engineer,1,244.46,2024-02-09T11:00:00,BASELINE_NORMAL,overall_volume
TRANSACTIONS2000BASELINE000180,ACB00060,37.45,2024-01-18T19:00:00,Debit,Colorado Springs,Branch,62,Engineer,1,5167.31,2024-01-17T11:00:00,BASELINE_NORMAL,overall_volume
TRANSACTIONS2000BASELINE000181,ACB00061,123.32,2024-02-06T07:00:00,Debit,Milwaukee,Online,53,Retired,2,4141.50,2024-02-02T09:00:00,BASELINE_NORMAL,overall_volume
TRANSACTIONS2000BASELINE000182,ACB00062,646.44,2024-02-18T10:00:00,Debit,San Diego,Online,50,Engineer,2,3173.44,2024-02-15T20:00:00,BASELINE_NORMAL,overall_volume
TRANSACTIONS2000BASELINE000183,ACB00063,623.37,2024-01-09T20:00:00,Debit,Chicago,Branch,55,Retired,1,9759.23,2024-01-06T13:00:00,BASELINE_NORMAL,overall_volume
TRANSACTIONS2000BASELINE000184,ACB00064,78.88,2024-02-01T06:00:00,Credit,Philadelphia,Branch,43,Student,1,3029.41,2024-01-30T12:00:00,BASELINE_NORMAL,overall_volume
TRANSACTIONS2000BASELINE000185,ACB00065,752.42,2024-02-07T08:00:00,Credit,Jacksonville,Branch,47,Doctor,2,8171.84,2024-02-03T15:00:00,BASELINE_NORMAL,overall_volume
TRANSACTIONS2000BASELINE000186,ACB00066,964.60,2024-01-24T01:00:00,Debit,Jacksonville,ATM,44,Doctor,1,2113.54,2024-01-22T17:00:00,BASELINE_NORMAL,overall_volume
TRANSACTIONS2000BASELINE000187,ACB00067,265.75,2024-01-06T08:00:00,Debit,Oklahoma City,Online,54,Retired,2,9125.87,2024-01-04T08:00:00,BASELINE_NORMAL,overall_volume
TRANSACTIONS2000BASELINE000188,ACB00068,503.70,2024-02-11T08:00:00,Credit,Denver,Branch,59,Retired,1,3590.47,2024-02-07T13:00:00,BASELINE_NORMAL,overall_volume
TRANSACTIONS2000BASELINE000189,ACB00069,438.66,2024-02-06T17:00:00,Debit,Louisville,ATM,46,Retired,3,6986.53,2024-02-04T14:00:00,BASELINE_NORMAL,overall_volume
TRANSACTIONS2000BASELINE000190,ACB00070,5.00,2024-01-21T04:00:00,Debit,Jacksonville,ATM,42,Student,2,5140.54,2024-01-19T17:00:00,BASELINE_NORMAL,overall_volume
TRANSACTIONS2000BASELINE000191,ACB00071,161.36,2024-01-27T14:00:00,Debit,Nashville,ATM,56,Retired,1,2648.58,2024-01-26T17:00:00,BASELINE_NORMAL,overall_volume
TRANSACTIONS2000BASELINE000192,ACB00072,5.00,2024-01-18T03:00:00,Debit,Indianapolis,Branch,37,Student,1,2424.35,2024-01-15T18:00:00,BASELINE_NORMAL,overall_volume
TRANSACTIONS2000BASELINE000193,ACB00073,5.00,2024-01-25T17:00:00,Credit,Chicago,ATM,55,Engineer,1,3084.98,2024-01-24T13:00:00,BASELINE_NORMAL,overall_volume
TRANSACTIONS2000BASELINE000194,ACB00074,149.96,2024-01-23T03:00:00,Debit,Milwaukee,Branch,45,Student,1,6254.60,2024-01-22T08:00:00,BASELINE_NORMAL,overall_volume
TRANSACTIONS2000BASELINE000195,ACB00075,143.78,2024-01-27T07:00:00,Credit,Nashville,Online,46,Engineer,1,4742.43,2024-01-24T08:00:00,BASELINE_NORMAL,overall_volume
TRANSACTIONS2000BASELINE000196,ACB00076,5.00,2024-01-29T08:00:00,Debit,Philadelphia,Online,68,Retired,1,5694.79,2024-01-25T15:00:00,BASELINE_NORMAL,overall_volume
TRANSACTIONS2000BASELINE000197,ACB00077,382.34,2024-02-08T05:00:00,Debit,Fort Worth,ATM,68,Retired,1,4663.69,2024-02-04T14:00:00,BASELINE_NORMAL,overall_volume
TRANSACTIONS2000BASELINE000198,ACB00078,119.51,2024-02-06T23:00:00,Debit,Denver,ATM,37,Student,1,1149.09,2024-02-05T15:00:00,BASELINE_NORMAL,overall_volume
TRANSACTIONS2000BASELINE000199,ACB00079,383.35,2024-01-21T19:00:00,Debit,Philadelphia,ATM,53,Doctor,1,6906.78,2024-01-20T11:00:00,BASELINE_NORMAL,overall_volume
TRANSACTIONS2000BASELINE000200,ACB00080,601.07,2024-01-15T18:00:00,Debit,Austin,Branch,52,Engineer,1,7865.16,2024-01-14T17:00:00,BASELINE_NORMAL,overall_volume
TRANSACTIONS2000BASELINE000201,ACB00081,311.89,2024-02-12T10:00:00,Debit,San Francisco,ATM,48,Student,2,6791.56,2024-02-08T13:00:00,BASELINE_NORMAL,overall_volume
TRANSACTIONS2000BASELINE000202,ACB00082,489.53,2024-01-31T05:00:00,Debit,Kansas City,Branch,52,Doctor,1,10676.74,2024-01-29T10:00:00,BASELINE_NORMAL,overall_volume
TRANSACTIONS2000BASELINE000203,ACB00083,438.36,2024-02-09T05:00:00,Debit,Fort Worth,ATM,35,Student,1,2136.46,2024-02-08T12:00:00,BASELINE_NORMAL,overall_volume
TRANSACTIONS2000BASELINE000204,ACB00084,288.34,2024-01-22T11:00:00,Credit,Baltimore,Online,48,Engineer,1,4256.61,2024-01-18T14:00:00,BASELINE_NORMAL,overall_volume
TRANSACTIONS2000BASELINE000205,ACB00085,198.07,2024-01-07T20:00:00,Debit,Austin,ATM,46,Engineer,2,3872.90,2024-01-04T16:00:00,BASELINE_NORMAL,overall_volume
TRANSACTIONS2000BASELINE000206,ACB00086,233.96,2024-01-23T12:00:00,Debit,San Antonio,Branch,51,Retired,1,3109.92,2024-01-20T13:00:00,BASELINE_NORMAL,overall_volume
TRANSACTIONS2000BASELINE000207,ACB00087,567.60,2024-01-21T09:00:00,Credit,Las Vegas,Online,49,Doctor,1,5085.10,2024-01-17T09:00:00,BASELINE_NORMAL,overall_volume
TRANSACTIONS2000BASELINE000208,ACB00088,624.45,2024-02-04T02:00:00,Debit,Dallas,ATM,52,Retired,1,5395.78,2024-02-01T11:00:00,BASELINE_NORMAL,overall_volume
TRANSACTIONS2000BASELINE000209,ACB00089,618.01,2024-02-05T22:00:00,Debit,Detroit,Online,38,Student,1,3132.73,2024-02-02T09:00:00,BASELINE_NORMAL,overall_volume
TRANSACTIONS2000BASELINE000210,ACB00090,39.50,2024-02-15T12:00:00,Debit,El Paso,ATM,57,Retired,2,7228.42,2024-02-14T19:00:00,BASELINE_NORMAL,overall_volume
TRANSACTIONS2000BASELINE000211,ACB00091,5.00,2024-02-01T00:00:00,Debit,Raleigh,ATM,48,Engineer,1,4513.77,2024-01-29T10:00:00,BASELINE_NORMAL,overall_volume
TRANSACTIONS2000BASELINE000212,ACB00092,629.83,2024-02-13T00:00:00,Credit,Memphis,Branch,37,Student,2,3500.94,2024-02-11T15:00:00,BASELINE_NORMAL,overall_volume
TRANSACTIONS2000BASELINE000213,ACB00093,75.65,2024-01-25T00:00:00,Debit,Seattle,ATM,30,Engineer,1,1647.48,2024-01-21T08:00:00,BASELINE_NORMAL,overall_volume
TRANSACTIONS2000BASELINE000214,ACB00094,297.46,2024-02-07T17:00:00,Debit,Miami,Branch,59,Retired,1,2244.63,2024-02-06T17:00:00,BASELINE_NORMAL,overall_volume
TRANSACTIONS2000BASELINE000215,ACB00095,775.28,2024-01-11T16:00:00,Debit,Sacramento,ATM,65,Retired,2,6741.33,2024-01-08T10:00:00,BASELINE_NORMAL,overall_volume
TRANSACTIONS2000BASELINE000216,ACB00096,701.79,2024-01-11T13:00:00,Debit,Nashville,ATM,38,Student,3,3541.24,2024-01-07T19:00:00,BASELINE_NORMAL,overall_volume
TRANSACTIONS2000BASELINE000217,ACB00097,5.00,2024-02-13T06:00:00,Debit,Atlanta,Online,39,Doctor,1,6133.46,2024-02-09T16:00:00,BASELINE_NORMAL,overall_volume
TRANSACTIONS2000BASELINE000218,ACB00098,272.00,2024-01-09T08:00:00,Debit,San Francisco,Online,47,Retired,1,2418.95,2024-01-07T14:00:00,BASELINE_NORMAL,overall_volume
TRANSACTIONS2000BASELINE000219,ACB00099,239.84,2024-01-09T00:00:00,Debit,Atlanta,Online,44,Student,1,3559.69,2024-01-07T19:00:00,BASELINE_NORMAL,overall_volume
TRANSACTIONS2000BASELINE000220,ACB00100,362.23,2024-01-23T22:00:00,Debit,Raleigh,ATM,36,Doctor,1,4994.89,2024-01-23T11:00:00,BASELINE_NORMAL,overall_volume
TRANSACTIONS2000BASELINE000221,ACB00101,573.71,2024-02-01T11:00:00,Debit,Dallas,Online,28,Student,1,2067.08,2024-01-31T19:00:00,BASELINE_NORMAL,overall_volume
TRANSACTIONS2000BASELINE000222,ACB00102,281.75,2024-01-17T12:00:00,Debit,Fort Worth,Online,28,Student,2,8125.73,2024-01-14T09:00:00,BASELINE_NORMAL,overall_volume
TRANSACTIONS2000BASELINE000223,ACB00103,95.95,2024-02-02T01:00:00,Debit,Milwaukee,ATM,26,Student,1,6579.36,2024-01-31T11:00:00,BASELINE_NORMAL,overall_volume
TRANSACTIONS2000BASELINE000224,ACB00104,279.26,2024-01-31T10:00:00,Debit,New York,ATM,62,Retired,1,9690.64,2024-01-28T19:00:00,BASELINE_NORMAL,overall_volume
TRANSACTIONS2000BASELINE000225,ACB00105,350.54,2024-02-01T18:00:00,Debit,San Francisco,Branch,40,Student,1,3886.11,2024-01-31T13:00:00,BASELINE_NORMAL,overall_volume
TRANSACTIONS2000BASELINE000226,ACB00106,1150.61,2024-01-20T23:00:00,Debit,Washington,Online,50,Engineer,1,3520.74,2024-01-19T12:00:00,BASELINE_NORMAL,overall_volume
TRANSACTIONS2000BASELINE000227,ACB00107,687.38,2024-02-06T00:00:00,Debit,Jacksonville,Branch,51,Engineer,1,5275.10,2024-02-05T12:00:00,BASELINE_NORMAL,overall_volume
TRANSACTIONS2000BASELINE000228,ACB00108,5.00,2024-01-19T13:00:00,Debit,El Paso,Branch,42,Doctor,1,9590.97,2024-01-16T14:00:00,BASELINE_NORMAL,overall_volume
TRANSACTIONS2000BASELINE000229,ACB00109,146.50,2024-01-09T09:00:00,Debit,Portland,ATM,49,Student,1,6852.62,2024-01-07T10:00:00,BASELINE_NORMAL,overall_volume
TRANSACTIONS2000BASELINE000230,ACB00110,317.21,2024-02-16T12:00:00,Debit,Philadelphia,Online,61,Engineer,1,7250.18,2024-02-14T18:00:00,BASELINE_NORMAL,overall_volume
TRANSACTIONS2000BASELINE000231,ACB00111,358.43,2024-01-29T10:00:00,Debit,San Antonio,ATM,46,Retired,3,3538.70,2024-01-28T20:00:00,BASELINE_NORMAL,overall_volume
TRANSACTIONS2000BASELINE000232,ACB00112,5.00,2024-01-14T19:00:00,Credit,Albuquerque,Branch,46,Doctor,1,5966.91,2024-01-12T15:00:00,BASELINE_NORMAL,overall_volume
TRANSACTIONS2000BASELINE000233,ACB00113,5.00,2024-02-14T19:00:00,Debit,Virginia Beach,ATM,31,Student,1,2587.06,2024-02-11T13:00:00,BASELINE_NORMAL,overall_volume
TRANSACTIONS2000BASELINE000234,ACB00114,304.03,2024-02-02T09:00:00,Debit,Tucson,Branch,33,Student,1,3773.41,2024-01-29T13:00:00,BASELINE_NORMAL,overall_volume
TRANSACTIONS2000BASELINE000235,ACB00115,40.62,2024-01-11T14:00:00,Credit,Colorado Springs,Branch,50,Doctor,1,8013.46,2024-01-11T08:00:00,BASELINE_NORMAL,overall_volume
TRANSACTIONS2000BASELINE000236,ACB00116,5.00,2024-02-05T08:00:00,Debit,San Antonio,ATM,53,Student,3,4332.93,2024-02-01T15:00:00,BASELINE_NORMAL,overall_volume
TRANSACTIONS2000BASELINE000237,ACB00117,259.11,2024-02-16T23:00:00,Debit,Columbus,ATM,47,Retired,1,3853.79,2024-02-14T20:00:00,BASELINE_NORMAL,overall_volume
TRANSACTIONS2000BASELINE000238,ACB00118,785.13,2024-01-03T14:00:00,Debit,San Diego,Online,51,Engineer,1,8295.04,2024-01-01T13:00:00,BASELINE_NORMAL,overall_volume
TRANSACTIONS2000BASELINE000239,ACB00119,560.68,2024-02-14T17:00:00,Debit,Mesa,ATM,47,Engineer,2,7132.30,2024-02-14T08:00:00,BASELINE_NORMAL,overall_volume
TRANSACTIONS2000BASELINE000240,ACB00120,40.66,2024-01-18T20:00:00,Debit,Columbus,ATM,40,Engineer,1,209.01,2024-01-15T10:00:00,BASELINE_NORMAL,overall_volume
TRANSACTIONS2000BASELINE000241,ACB00001,701.59,2024-01-19T11:00:00,Debit,Jacksonville,Branch,39,Student,1,5061.17,2024-01-15T12:00:00,BASELINE_NORMAL,overall_volume
TRANSACTIONS2000BASELINE000242,ACB00002,415.83,2024-01-23T18:00:00,Debit,El Paso,ATM,44,Student,1,5961.20,2024-01-21T02:00:00,BASELINE_NORMAL,overall_volume
TRANSACTIONS2000BASELINE000243,ACB00003,195.38,2024-01-08T08:00:00,Debit,Oklahoma City,Online,38,Student,2,4733.41,2024-01-05T00:00:00,BASELINE_NORMAL,overall_volume
TRANSACTIONS2000BASELINE000244,ACB00004,5.00,2024-02-05T09:00:00,Debit,Raleigh,Branch,55,Doctor,1,7998.71,2024-02-02T22:00:00,BASELINE_NORMAL,overall_volume
TRANSACTIONS2000BASELINE000245,ACB00005,5.00,2024-01-22T13:00:00,Credit,Columbus,Branch,43,Student,1,1858.00,2024-01-19T19:00:00,BASELINE_NORMAL,overall_volume
TRANSACTIONS2000BASELINE000246,ACB00006,125.79,2024-02-15T04:00:00,Debit,Miami,Online,59,Engineer,2,8556.76,2024-02-14T02:00:00,BASELINE_NORMAL,overall_volume
TRANSACTIONS2000BASELINE000247,ACB00007,685.97,2024-01-17T22:00:00,Debit,San Francisco,ATM,47,Engineer,1,3093.32,2024-01-17T02:00:00,BASELINE_NORMAL,overall_volume
TRANSACTIONS2000BASELINE000248,ACB00008,663.23,2024-02-12T08:00:00,Debit,Austin,ATM,48,Engineer,1,3749.04,2024-02-08T14:00:00,BASELINE_NORMAL,overall_volume
TRANSACTIONS2000BASELINE000249,ACB00009,141.95,2024-01-09T10:00:00,Debit,Philadelphia,ATM,71,Retired,1,7546.21,2024-01-06T15:00:00,BASELINE_NORMAL,overall_volume
TRANSACTIONS2000BASELINE000250,ACB00010,362.97,2024-01-08T16:00:00,Debit,Oklahoma City,ATM,44,Doctor,1,6747.25,2024-01-07T18:00:00,BASELINE_NORMAL,overall_volume
TRANSACTIONS2000BASELINE000251,ACB00011,5.00,2024-01-22T16:00:00,Debit,Phoenix,ATM,59,Retired,1,8447.71,2024-01-21T13:00:00,BASELINE_NORMAL,overall_volume
TRANSACTIONS2000BASELINE000252,ACB00012,1072.65,2024-02-05T17:00:00,Debit,Phoenix,Online,33,Doctor,3,6969.09,2024-02-04T00:00:00,BASELINE_NORMAL,overall_volume
TRANSACTIONS2000BASELINE000253,ACB00013,385.90,2024-01-20T14:00:00,Debit,Charlotte,Online,53,Engineer,1,6950.37,2024-01-17T03:00:00,BASELINE_NORMAL,overall_volume
TRANSACTIONS2000BASELINE000254,ACB00014,336.20,2024-02-06T19:00:00,Credit,Boston,Branch,34,Engineer,1,4659.23,2024-02-04T17:00:00,BASELINE_NORMAL,overall_volume
TRANSACTIONS2000BASELINE000255,ACB00015,421.16,2024-01-09T08:00:00,Credit,El Paso,Online,40,Doctor,1,3812.79,2024-01-07T14:00:00,BASELINE_NORMAL,overall_volume
TRANSACTIONS2000BASELINE000256,ACB00016,141.33,2024-01-16T05:00:00,Debit,Charlotte,Branch,45,Retired,1,3377.11,2024-01-13T09:00:00,BASELINE_NORMAL,overall_volume
TRANSACTIONS2000BASELINE000257,ACB00017,859.37,2024-02-12T00:00:00,Debit,Mesa,ATM,45,Engineer,1,5383.94,2024-02-11T01:00:00,BASELINE_NORMAL,overall_volume
TRANSACTIONS2000BASELINE000258,ACB00018,95.31,2024-02-03T16:00:00,Credit,Colorado Springs,Online,45,Retired,1,3403.19,2024-02-02T23:00:00,BASELINE_NORMAL,overall_volume
TRANSACTIONS2000BASELINE000259,ACB00019,272.17,2024-02-14T21:00:00,Debit,Milwaukee,ATM,68,Retired,2,1693.69,2024-02-12T19:00:00,BASELINE_NORMAL,overall_volume
TRANSACTIONS2000BASELINE000260,ACB00020,82.44,2024-01-10T16:00:00,Debit,Omaha,Online,48,Student,1,6602.12,2024-01-08T07:00:00,BASELINE_NORMAL,overall_volume
TRANSACTIONS2000BASELINE000261,ACB00021,227.35,2024-01-06T20:00:00,Debit,Omaha,Online,48,Engineer,1,5090.91,2024-01-05T08:00:00,BASELINE_NORMAL,overall_volume
TRANSACTIONS2000BASELINE000262,ACB00022,257.79,2024-01-26T02:00:00,Debit,Miami,ATM,46,Retired,1,3419.43,2024-01-25T11:00:00,BASELINE_NORMAL,overall_volume
TRANSACTIONS2000BASELINE000263,ACB00023,74.03,2024-01-22T09:00:00,Debit,Denver,Branch,44,Student,1,8350.73,2024-01-18T11:00:00,BASELINE_NORMAL,overall_volume
TRANSACTIONS2000BASELINE000264,ACB00024,398.00,2024-02-06T06:00:00,Debit,Dallas,Branch,31,Student,2,2740.31,2024-02-04T03:00:00,BASELINE_NORMAL,overall_volume
TRANSACTIONS2000BASELINE000265,ACB00025,643.63,2024-02-16T13:00:00,Credit,Omaha,ATM,65,Retired,1,5950.41,2024-02-14T02:00:00,BASELINE_NORMAL,overall_volume
TRANSACTIONS2000BASELINE000266,ACB00026,358.79,2024-02-06T12:00:00,Debit,Nashville,Branch,43,Student,1,5041.25,2024-02-04T20:00:00,BASELINE_NORMAL,overall_volume
TRANSACTIONS2000BASELINE000267,ACB00027,441.44,2024-01-22T00:00:00,Debit,Baltimore,Online,51,Retired,1,1672.51,2024-01-19T14:00:00,BASELINE_NORMAL,overall_volume
TRANSACTIONS2000BASELINE000268,ACB00028,405.13,2024-01-23T09:00:00,Debit,Louisville,ATM,25,Student,1,4326.16,2024-01-19T16:00:00,BASELINE_NORMAL,overall_volume
TRANSACTIONS2000BASELINE000269,ACB00029,109.41,2024-02-06T17:00:00,Debit,Denver,ATM,58,Doctor,1,5051.17,2024-02-06T01:00:00,BASELINE_NORMAL,overall_volume
TRANSACTIONS2000BASELINE000270,ACB00030,195.04,2024-02-20T15:00:00,Debit,Colorado Springs,Online,46,Doctor,1,6165.20,2024-02-16T23:00:00,BASELINE_NORMAL,overall_volume
TRANSACTIONS2000BASELINE000271,ACB00031,1968.70,2024-01-29T18:00:00,Debit,Columbus,Branch,20,Student,1,2018.70,2024-01-28T04:00:00,BASELINE_NORMAL,overall_volume
TRANSACTIONS2000BASELINE000272,ACB00032,69.89,2024-01-28T00:00:00,Credit,El Paso,Online,39,Student,1,5471.64,2024-01-27T17:00:00,BASELINE_NORMAL,overall_volume
TRANSACTIONS2000BASELINE000273,ACB00033,452.79,2024-01-08T12:00:00,Debit,Chicago,ATM,38,Student,2,2931.29,2024-01-07T14:00:00,BASELINE_NORMAL,overall_volume
TRANSACTIONS2000BASELINE000274,ACB00034,173.90,2024-01-18T11:00:00,Debit,Denver,ATM,38,Engineer,1,581.17,2024-01-17T14:00:00,BASELINE_NORMAL,overall_volume
TRANSACTIONS2000BASELINE000275,ACB00035,197.48,2024-01-08T07:00:00,Debit,Atlanta,ATM,42,Doctor,1,4273.70,2024-01-05T10:00:00,BASELINE_NORMAL,overall_volume
TRANSACTIONS2000BASELINE000276,ACB00036,189.65,2024-02-15T14:00:00,Debit,Los Angeles,ATM,28,Student,2,6783.96,2024-02-12T05:00:00,BASELINE_NORMAL,overall_volume
TRANSACTIONS2000BASELINE000277,ACB00037,273.19,2024-01-19T02:00:00,Debit,Columbus,Branch,51,Retired,1,4863.21,2024-01-17T14:00:00,BASELINE_NORMAL,overall_volume
TRANSACTIONS2000BASELINE000278,ACB00038,81.75,2024-02-15T16:00:00,Debit,Baltimore,Online,44,Student,1,1530.24,2024-02-14T23:00:00,BASELINE_NORMAL,overall_volume
TRANSACTIONS2000BASELINE000279,ACB00039,224.38,2024-02-14T08:00:00,Debit,Sacramento,Branch,35,Student,1,1700.15,2024-02-11T06:00:00,BASELINE_NORMAL,overall_volume
TRANSACTIONS2000BASELINE000280,ACB00040,5.00,2024-02-19T19:00:00,Debit,San Antonio,ATM,53,Student,1,4534.13,2024-02-18T17:00:00,BASELINE_NORMAL,overall_volume
TRANSACTIONS2000BASELINE000281,ACB00041,5.00,2024-02-02T10:00:00,Credit,San Jose,Branch,55,Engineer,1,5790.41,2024-02-01T11:00:00,BASELINE_NORMAL,overall_volume
TRANSACTIONS2000BASELINE000282,ACB00042,282.77,2024-01-15T17:00:00,Debit,Virginia Beach,ATM,46,Student,1,8171.85,2024-01-14T20:00:00,BASELINE_NORMAL,overall_volume
TRANSACTIONS2000BASELINE000283,ACB00043,105.88,2024-02-02T04:00:00,Debit,Phoenix,Branch,48,Doctor,1,9087.02,2024-02-01T19:00:00,BASELINE_NORMAL,overall_volume
TRANSACTIONS2000BASELINE000284,ACB00044,1266.61,2024-02-03T00:00:00,Debit,Nashville,Online,44,Student,1,3146.69,2024-01-30T09:00:00,BASELINE_NORMAL,overall_volume
TRANSACTIONS2000BASELINE000285,ACB00045,434.76,2024-01-18T22:00:00,Credit,Sacramento,Branch,41,Student,1,4341.05,2024-01-17T15:00:00,BASELINE_NORMAL,overall_volume
TRANSACTIONS2000BASELINE000286,ACB00046,770.97,2024-02-13T05:00:00,Debit,Philadelphia,Online,48,Engineer,1,4661.48,2024-02-10T15:00:00,BASELINE_NORMAL,overall_volume
TRANSACTIONS2000BASELINE000287,ACB00047,543.88,2024-01-24T07:00:00,Debit,Tucson,Online,33,Student,1,5844.42,2024-01-22T00:00:00,BASELINE_NORMAL,overall_volume
TRANSACTIONS2000BASELINE000288,ACB00048,131.76,2024-02-09T20:00:00,Debit,Philadelphia,ATM,71,Retired,2,7103.61,2024-02-09T09:00:00,BASELINE_NORMAL,overall_volume
TRANSACTIONS2000BASELINE000289,ACB00049,632.61,2024-02-08T09:00:00,Debit,Virginia Beach,Branch,48,Student,1,5881.57,2024-02-05T17:00:00,BASELINE_NORMAL,overall_volume
TRANSACTIONS2000BASELINE000290,ACB00050,202.63,2024-01-10T10:00:00,Debit,Seattle,Branch,46,Student,1,3170.00,2024-01-08T11:00:00,BASELINE_NORMAL,overall_volume
TRANSACTIONS2000BASELINE000291,ACB00051,5.00,2024-02-09T06:00:00,Debit,El Paso,ATM,42,Doctor,3,5935.59,2024-02-05T08:00:00,BASELINE_NORMAL,overall_volume
TRANSACTIONS2000BASELINE000292,ACB00052,5.00,2024-01-15T12:00:00,Debit,Miami,ATM,40,Student,1,4642.16,2024-01-12T04:00:00,BASELINE_NORMAL,overall_volume
TRANSACTIONS2000BASELINE000293,ACB00053,5.00,2024-01-13T22:00:00,Debit,Portland,ATM,40,Doctor,1,3728.44,2024-01-13T14:00:00,BASELINE_NORMAL,overall_volume
TRANSACTIONS2000BASELINE000294,ACB00054,194.57,2024-02-07T02:00:00,Credit,Colorado Springs,Branch,48,Doctor,1,10676.42,2024-02-03T04:00:00,BASELINE_NORMAL,overall_volume
TRANSACTIONS2000BASELINE000295,ACB00055,653.81,2024-02-06T17:00:00,Debit,Las Vegas,ATM,40,Student,1,3016.56,2024-02-05T22:00:00,BASELINE_NORMAL,overall_volume
TRANSACTIONS2000BASELINE000296,ACB00056,226.50,2024-01-29T17:00:00,Debit,Detroit,ATM,40,Doctor,2,4352.12,2024-01-27T13:00:00,BASELINE_NORMAL,overall_volume
TRANSACTIONS2000BASELINE000297,ACB00057,181.69,2024-01-31T01:00:00,Debit,San Jose,ATM,37,Engineer,1,5732.06,2024-01-27T11:00:00,BASELINE_NORMAL,overall_volume
TRANSACTIONS2000BASELINE000298,ACB00058,329.75,2024-01-04T12:00:00,Debit,Tucson,Online,24,Student,2,976.94,2024-01-03T22:00:00,BASELINE_NORMAL,overall_volume
TRANSACTIONS2000BASELINE000299,ACB00059,74.18,2024-02-10T17:00:00,Debit,Columbus,ATM,40,Engineer,2,275.93,2024-02-10T01:00:00,BASELINE_NORMAL,overall_volume
TRANSACTIONS2000BASELINE000300,ACB00060,74.61,2024-01-20T14:00:00,Debit,Charlotte,Online,62,Engineer,1,4602.24,2024-01-18T19:00:00,BASELINE_NORMAL,overall_volume
TRANSACTIONS2000BASELINE000301,ACB00061,360.74,2024-02-08T10:00:00,Debit,Milwaukee,Branch,53,Retired,2,2905.62,2024-02-06T07:00:00,BASELINE_NORMAL,overall_volume
TRANSACTIONS2000BASELINE000302,ACB00062,768.28,2024-02-21T01:00:00,Debit,Phoenix,Branch,50,Engineer,1,3703.38,2024-02-18T10:00:00,BASELINE_NORMAL,overall_volume
TRANSACTIONS2000BASELINE000303,ACB00063,324.13,2024-01-12T07:00:00,Credit,Chicago,Branch,55,Retired,2,12786.59,2024-01-09T20:00:00,BASELINE_NORMAL,overall_volume
TRANSACTIONS2000BASELINE000304,ACB00064,376.53,2024-02-02T08:00:00,Debit,Columbus,Branch,43,Student,1,1893.82,2024-02-01T06:00:00,BASELINE_NORMAL,overall_volume
TRANSACTIONS2000BASELINE000305,ACB00065,122.30,2024-02-10T17:00:00,Credit,Jacksonville,Branch,47,Doctor,1,10262.49,2024-02-07T08:00:00,BASELINE_NORMAL,overall_volume
TRANSACTIONS2000BASELINE000306,ACB00066,905.95,2024-01-26T11:00:00,Debit,Louisville,ATM,44,Doctor,2,2516.66,2024-01-24T01:00:00,BASELINE_NORMAL,overall_volume
TRANSACTIONS2000BASELINE000307,ACB00067,5.00,2024-01-10T01:00:00,Debit,Jacksonville,ATM,54,Retired,1,9324.05,2024-01-06T08:00:00,BASELINE_NORMAL,overall_volume
TRANSACTIONS2000BASELINE000308,ACB00068,400.49,2024-02-13T15:00:00,Credit,Oklahoma City,Branch,59,Retired,1,3345.52,2024-02-11T08:00:00,BASELINE_NORMAL,overall_volume
TRANSACTIONS2000BASELINE000309,ACB00069,131.50,2024-02-09T20:00:00,Debit,Baltimore,Online,46,Retired,1,5127.14,2024-02-06T17:00:00,BASELINE_NORMAL,overall_volume
TRANSACTIONS2000BASELINE000310,ACB00070,5.00,2024-01-21T11:00:00,Debit,Louisville,ATM,42,Student,1,4619.97,2024-01-21T04:00:00,BASELINE_NORMAL,overall_volume
TRANSACTIONS2000BASELINE000311,ACB00071,165.91,2024-01-28T08:00:00,Debit,Nashville,Branch,56,Retired,2,2931.78,2024-01-27T14:00:00,BASELINE_NORMAL,overall_volume
TRANSACTIONS2000BASELINE000312,ACB00072,727.92,2024-01-20T22:00:00,Debit,Louisville,ATM,37,Student,1,6757.05,2024-01-18T03:00:00,BASELINE_NORMAL,overall_volume
TRANSACTIONS2000BASELINE000313,ACB00073,5.00,2024-01-26T01:00:00,Credit,Fort Worth,Branch,55,Engineer,1,3438.65,2024-01-25T17:00:00,BASELINE_NORMAL,overall_volume
TRANSACTIONS2000BASELINE000314,ACB00074,110.32,2024-01-24T01:00:00,Debit,Milwaukee,Branch,45,Student,1,4719.35,2024-01-23T03:00:00,BASELINE_NORMAL,overall_volume
TRANSACTIONS2000BASELINE000315,ACB00075,5.00,2024-01-30T09:00:00,Credit,San Diego,ATM,46,Engineer,3,7107.40,2024-01-27T07:00:00,BASELINE_NORMAL,overall_volume
TRANSACTIONS2000BASELINE000316,ACB00076,684.99,2024-02-01T19:00:00,Debit,Fort Worth,Online,68,Retired,1,7808.62,2024-01-29T08:00:00,BASELINE_NORMAL,overall_volume
TRANSACTIONS2000BASELINE000317,ACB00077,5.00,2024-02-11T19:00:00,Debit,Philadelphia,Online,68,Retired,1,5905.07,2024-02-08T05:00:00,BASELINE_NORMAL,overall_volume
TRANSACTIONS2000BASELINE000318,ACB00078,291.03,2024-02-09T18:00:00,Debit,Denver,ATM,37,Student,2,2312.19,2024-02-06T23:00:00,BASELINE_NORMAL,overall_volume
TRANSACTIONS2000BASELINE000319,ACB00079,481.34,2024-01-22T18:00:00,Debit,San Francisco,ATM,53,Doctor,2,9612.56,2024-01-21T19:00:00,BASELINE_NORMAL,overall_volume
TRANSACTIONS2000BASELINE000320,ACB00080,76.83,2024-01-17T16:00:00,Debit,Philadelphia,ATM,52,Engineer,1,4628.42,2024-01-15T18:00:00,BASELINE_NORMAL,overall_volume
TRANSACTIONS2000BASELINE000321,ACB00081,429.41,2024-02-14T13:00:00,Debit,Nashville,ATM,48,Student,1,3660.17,2024-02-12T10:00:00,BASELINE_NORMAL,overall_volume
TRANSACTIONS2000BASELINE000322,ACB00082,494.87,2024-01-31T11:00:00,Debit,Kansas City,Branch,52,Doctor,1,7476.56,2024-01-31T05:00:00,BASELINE_NORMAL,overall_volume
TRANSACTIONS2000BASELINE000323,ACB00083,5.00,2024-02-10T07:00:00,Debit,Miami,Branch,35,Student,1,2300.33,2024-02-09T05:00:00,BASELINE_NORMAL,overall_volume
TRANSACTIONS2000BASELINE000324,ACB00084,215.08,2024-01-26T08:00:00,Debit,San Jose,Online,48,Engineer,1,3003.63,2024-01-22T11:00:00,BASELINE_NORMAL,overall_volume
TRANSACTIONS2000BASELINE000325,ACB00085,513.38,2024-01-10T05:00:00,Debit,Houston,ATM,46,Engineer,1,6660.48,2024-01-07T20:00:00,BASELINE_NORMAL,overall_volume
TRANSACTIONS2000BASELINE000326,ACB00086,349.59,2024-01-25T12:00:00,Debit,Baltimore,Online,51,Retired,1,1842.54,2024-01-23T12:00:00,BASELINE_NORMAL,overall_volume
TRANSACTIONS2000BASELINE000327,ACB00087,139.15,2024-01-24T11:00:00,Debit,New York,ATM,49,Doctor,1,6339.93,2024-01-21T09:00:00,BASELINE_NORMAL,overall_volume
TRANSACTIONS2000BASELINE000328,ACB00088,45.93,2024-02-07T13:00:00,Debit,Milwaukee,Online,52,Retired,2,4572.72,2024-02-04T02:00:00,BASELINE_NORMAL,overall_volume
TRANSACTIONS2000BASELINE000329,ACB00089,583.54,2024-02-09T19:00:00,Debit,Miami,ATM,38,Student,2,2824.82,2024-02-05T22:00:00,BASELINE_NORMAL,overall_volume
TRANSACTIONS2000BASELINE000330,ACB00090,42.74,2024-02-18T13:00:00,Debit,El Paso,ATM,57,Retired,1,7693.22,2024-02-15T12:00:00,BASELINE_NORMAL,overall_volume
TRANSACTIONS2000BASELINE000331,ACB00091,710.64,2024-02-04T11:00:00,Debit,Detroit,Online,48,Engineer,1,3779.64,2024-02-01T00:00:00,BASELINE_NORMAL,overall_volume
TRANSACTIONS2000BASELINE000332,ACB00092,5.00,2024-02-14T22:00:00,Debit,Milwaukee,Online,37,Student,3,7622.15,2024-02-13T00:00:00,BASELINE_NORMAL,overall_volume
TRANSACTIONS2000BASELINE000333,ACB00093,23.75,2024-01-27T15:00:00,Debit,El Paso,ATM,30,Engineer,1,1973.50,2024-01-25T00:00:00,BASELINE_NORMAL,overall_volume
TRANSACTIONS2000BASELINE000334,ACB00094,5.00,2024-02-10T10:00:00,Debit,Oklahoma City,ATM,59,Retired,1,3197.94,2024-02-07T17:00:00,BASELINE_NORMAL,overall_volume
TRANSACTIONS2000BASELINE000335,ACB00095,233.82,2024-01-15T03:00:00,Debit,Colorado Springs,Branch,65,Retired,3,5650.99,2024-01-11T16:00:00,BASELINE_NORMAL,overall_volume
TRANSACTIONS2000BASELINE000336,ACB00096,270.44,2024-01-13T13:00:00,Debit,Miami,ATM,38,Student,2,5753.10,2024-01-11T13:00:00,BASELINE_NORMAL,overall_volume
TRANSACTIONS2000BASELINE000337,ACB00097,361.57,2024-02-14T15:00:00,Debit,San Diego,Branch,39,Doctor,1,6249.44,2024-02-13T06:00:00,BASELINE_NORMAL,overall_volume
TRANSACTIONS2000BASELINE000338,ACB00098,364.05,2024-01-13T04:00:00,Debit,Miami,Online,47,Retired,2,2172.79,2024-01-09T08:00:00,BASELINE_NORMAL,overall_volume
TRANSACTIONS2000BASELINE000339,ACB00099,5.00,2024-01-10T23:00:00,Debit,Omaha,Online,44,Student,1,5415.43,2024-01-09T00:00:00,BASELINE_NORMAL,overall_volume
TRANSACTIONS2000BASELINE000340,ACB00100,582.70,2024-01-27T08:00:00,Debit,Phoenix,ATM,36,Doctor,1,4112.59,2024-01-23T22:00:00,BASELINE_NORMAL,overall_volume
TRANSACTIONS2000BASELINE000341,ACB00101,580.38,2024-02-04T21:00:00,Debit,Dallas,Online,28,Student,1,1578.13,2024-02-01T11:00:00,BASELINE_NORMAL,overall_volume
TRANSACTIONS2000BASELINE000342,ACB00102,23.19,2024-01-19T10:00:00,Debit,Fort Worth,Online,28,Student,1,7814.14,2024-01-17T12:00:00,BASELINE_NORMAL,overall_volume
TRANSACTIONS2000BASELINE000343,ACB00103,117.52,2024-02-03T02:00:00,Debit,Milwaukee,ATM,26,Student,1,7719.07,2024-02-02T01:00:00,BASELINE_NORMAL,overall_volume
TRANSACTIONS2000BASELINE000344,ACB00104,289.01,2024-02-01T19:00:00,Debit,Phoenix,Branch,62,Retired,1,4541.97,2024-01-31T10:00:00,BASELINE_NORMAL,overall_volume
TRANSACTIONS2000BASELINE000345,ACB00105,1111.81,2024-02-03T19:00:00,Credit,Las Vegas,ATM,40,Student,1,2166.60,2024-02-01T18:00:00,BASELINE_NORMAL,overall_volume
TRANSACTIONS2000BASELINE000346,ACB00106,5.00,2024-01-24T01:00:00,Credit,Omaha,Branch,50,Engineer,1,3763.40,2024-01-20T23:00:00,BASELINE_NORMAL,overall_volume
TRANSACTIONS2000BASELINE000347,ACB00107,224.84,2024-02-09T10:00:00,Credit,Charlotte,Online,51,Engineer,1,5106.07,2024-02-06T00:00:00,BASELINE_NORMAL,overall_volume
TRANSACTIONS2000BASELINE000348,ACB00108,320.73,2024-01-21T19:00:00,Debit,El Paso,Branch,42,Doctor,1,6978.23,2024-01-19T13:00:00,BASELINE_NORMAL,overall_volume
TRANSACTIONS2000BASELINE000349,ACB00109,135.38,2024-01-12T05:00:00,Debit,Portland,ATM,49,Student,3,7972.31,2024-01-09T09:00:00,BASELINE_NORMAL,overall_volume
TRANSACTIONS2000BASELINE000350,ACB00110,258.89,2024-02-18T23:00:00,Debit,Dallas,Online,61,Engineer,3,8932.38,2024-02-16T12:00:00,BASELINE_NORMAL,overall_volume
TRANSACTIONS2000BASELINE000351,ACB00111,84.00,2024-01-29T18:00:00,Debit,Miami,ATM,46,Retired,1,1224.71,2024-01-29T10:00:00,BASELINE_NORMAL,overall_volume
TRANSACTIONS2000BASELINE000352,ACB00112,251.87,2024-01-18T04:00:00,Credit,Atlanta,Branch,46,Doctor,1,4807.91,2024-01-14T19:00:00,BASELINE_NORMAL,overall_volume
TRANSACTIONS2000BASELINE000353,ACB00113,475.03,2024-02-18T16:00:00,Credit,Memphis,ATM,31,Student,1,3044.47,2024-02-14T19:00:00,BASELINE_NORMAL,overall_volume
TRANSACTIONS2000BASELINE000354,ACB00114,5.00,2024-02-04T23:00:00,Debit,Austin,Online,33,Student,2,2553.19,2024-02-02T09:00:00,BASELINE_NORMAL,overall_volume
TRANSACTIONS2000BASELINE000355,ACB00115,59.21,2024-01-13T09:00:00,Credit,Colorado Springs,Branch,50,Doctor,1,9285.16,2024-01-11T14:00:00,BASELINE_NORMAL,overall_volume
TRANSACTIONS2000BASELINE000356,ACB00116,447.00,2024-02-07T09:00:00,Debit,Indianapolis,ATM,53,Student,1,5449.87,2024-02-05T08:00:00,BASELINE_NORMAL,overall_volume
TRANSACTIONS2000BASELINE000357,ACB00117,5.00,2024-02-20T22:00:00,Debit,Albuquerque,Online,47,Retired,1,5773.12,2024-02-16T23:00:00,BASELINE_NORMAL,overall_volume
TRANSACTIONS2000BASELINE000358,ACB00118,121.19,2024-01-05T14:00:00,Debit,San Diego,Branch,51,Engineer,1,6073.75,2024-01-03T14:00:00,BASELINE_NORMAL,overall_volume
TRANSACTIONS2000BASELINE000359,ACB00119,571.64,2024-02-16T18:00:00,Debit,Jacksonville,ATM,47,Engineer,2,5565.19,2024-02-14T17:00:00,BASELINE_NORMAL,overall_volume
TRANSACTIONS2000BASELINE000360,ACB00120,60.20,2024-01-19T15:00:00,Debit,Columbus,ATM,40,Engineer,1,184.99,2024-01-18T20:00:00,BASELINE_NORMAL,overall_volume
TRANSACTIONS2000BASELINE000361,ACB00001,5.00,2024-01-20T08:00:00,Debit,Columbus,ATM,39,Student,1,4484.76,2024-01-19T11:00:00,BASELINE_NORMAL,overall_volume
TRANSACTIONS2000BASELINE000362,ACB00002,5.00,2024-01-24T20:00:00,Debit,Nashville,Online,44,Student,1,8632.45,2024-01-23T18:00:00,BASELINE_NORMAL,overall_volume
TRANSACTIONS2000BASELINE000363,ACB00003,204.82,2024-01-09T05:00:00,Debit,San Francisco,Online,38,Student,1,4226.29,2024-01-08T08:00:00,BASELINE_NORMAL,overall_volume
TRANSACTIONS2000BASELINE000364,ACB00004,32.07,2024-02-06T07:00:00,Debit,Seattle,Online,55,Doctor,1,6445.02,2024-02-05T09:00:00,BASELINE_NORMAL,overall_volume
TRANSACTIONS2000BASELINE000365,ACB00005,234.76,2024-01-25T20:00:00,Credit,Louisville,Branch,43,Student,1,2607.46,2024-01-22T13:00:00,BASELINE_NORMAL,overall_volume
TRANSACTIONS2000BASELINE000366,ACB00006,96.21,2024-02-18T20:00:00,Debit,Miami,Online,59,Engineer,1,7064.53,2024-02-15T04:00:00,BASELINE_NORMAL,overall_volume
TRANSACTIONS2000BASELINE000367,ACB00007,55.54,2024-01-18T18:00:00,Debit,Indianapolis,ATM,47,Engineer,1,5173.92,2024-01-17T22:00:00,BASELINE_NORMAL,overall_volume
TRANSACTIONS2000BASELINE000368,ACB00008,249.92,2024-02-13T18:00:00,Credit,Memphis,ATM,48,Engineer,1,5702.82,2024-02-12T08:00:00,BASELINE_NORMAL,overall_volume
TRANSACTIONS2000BASELINE000369,ACB00009,121.20,2024-01-13T08:00:00,Debit,Philadelphia,ATM,71,Retired,1,6823.98,2024-01-09T10:00:00,BASELINE_NORMAL,overall_volume
TRANSACTIONS2000BASELINE000370,ACB00010,174.01,2024-01-09T23:00:00,Debit,Oklahoma City,Branch,44,Doctor,1,5441.17,2024-01-08T16:00:00,BASELINE_NORMAL,overall_volume
TRANSACTIONS2000BASELINE000371,ACB00011,929.61,2024-01-26T10:00:00,Debit,Detroit,ATM,59,Retired,1,8941.50,2024-01-22T16:00:00,BASELINE_NORMAL,overall_volume
TRANSACTIONS2000BASELINE000372,ACB00012,1206.60,2024-02-07T13:00:00,Debit,El Paso,Online,33,Doctor,1,6890.42,2024-02-05T17:00:00,BASELINE_NORMAL,overall_volume
TRANSACTIONS2000BASELINE000373,ACB00013,166.65,2024-01-23T18:00:00,Debit,Las Vegas,Online,53,Engineer,1,9704.60,2024-01-20T14:00:00,BASELINE_NORMAL,overall_volume
TRANSACTIONS2000BASELINE000374,ACB00014,682.45,2024-02-08T15:00:00,Credit,Indianapolis,Online,34,Engineer,2,5139.82,2024-02-06T19:00:00,BASELINE_NORMAL,overall_volume
TRANSACTIONS2000BASELINE000375,ACB00015,236.59,2024-01-10T14:00:00,Debit,Dallas,Branch,40,Doctor,1,5752.03,2024-01-09T08:00:00,BASELINE_NORMAL,overall_volume
TRANSACTIONS2000BASELINE000376,ACB00016,237.02,2024-01-18T01:00:00,Debit,Atlanta,Branch,45,Retired,1,2805.57,2024-01-16T05:00:00,BASELINE_NORMAL,overall_volume
TRANSACTIONS2000BASELINE000377,ACB00017,558.92,2024-02-13T12:00:00,Debit,Charlotte,ATM,45,Engineer,2,6630.82,2024-02-12T00:00:00,BASELINE_NORMAL,overall_volume
TRANSACTIONS2000BASELINE000378,ACB00018,105.61,2024-02-07T07:00:00,Debit,Colorado Springs,Online,45,Retired,1,3859.68,2024-02-03T16:00:00,BASELINE_NORMAL,overall_volume
TRANSACTIONS2000BASELINE000379,ACB00019,281.96,2024-02-16T12:00:00,Debit,Milwaukee,ATM,68,Retired,1,4307.63,2024-02-14T21:00:00,BASELINE_NORMAL,overall_volume
TRANSACTIONS2000BASELINE000380,ACB00020,247.91,2024-01-11T19:00:00,Debit,Omaha,Branch,48,Student,1,5517.53,2024-01-10T16:00:00,BASELINE_NORMAL,overall_volume
TRANSACTIONS2000BASELINE000381,ACB00021,152.60,2024-01-07T22:00:00,Credit,Baltimore,Branch,48,Engineer,1,4206.31,2024-01-06T20:00:00,BASELINE_NORMAL,overall_volume
TRANSACTIONS2000BASELINE000382,ACB00022,164.51,2024-01-28T03:00:00,Debit,Boston,ATM,46,Retired,2,1870.39,2024-01-26T02:00:00,BASELINE_NORMAL,overall_volume
TRANSACTIONS2000BASELINE000383,ACB00023,83.59,2024-01-23T21:00:00,Debit,Seattle,Online,44,Student,1,6657.22,2024-01-22T09:00:00,BASELINE_NORMAL,overall_volume
TRANSACTIONS2000BASELINE000384,ACB00024,219.49,2024-02-09T18:00:00,Debit,Virginia Beach,Online,31,Student,1,3851.70,2024-02-06T06:00:00,BASELINE_NORMAL,overall_volume
TRANSACTIONS2000BASELINE000385,ACB00025,503.01,2024-02-19T20:00:00,Debit,Mesa,Branch,65,Retired,2,4566.59,2024-02-16T13:00:00,BASELINE_NORMAL,overall_volume
TRANSACTIONS2000BASELINE000386,ACB00026,179.06,2024-02-08T23:00:00,Debit,Kansas City,Branch,43,Student,1,5182.60,2024-02-06T12:00:00,BASELINE_NORMAL,overall_volume
TRANSACTIONS2000BASELINE000387,ACB00027,123.30,2024-01-25T12:00:00,Debit,Los Angeles,Branch,51,Retired,1,1731.57,2024-01-22T00:00:00,BASELINE_NORMAL,overall_volume
TRANSACTIONS2000BASELINE000388,ACB00028,409.81,2024-01-25T04:00:00,Debit,Boston,Online,25,Student,1,4296.46,2024-01-23T09:00:00,BASELINE_NORMAL,overall_volume
TRANSACTIONS2000BASELINE000389,ACB00029,172.50,2024-02-08T16:00:00,Debit,Denver,ATM,58,Doctor,1,5743.32,2024-02-06T17:00:00,BASELINE_NORMAL,overall_volume
TRANSACTIONS2000BASELINE000390,ACB00030,616.93,2024-02-23T07:00:00,Credit,Colorado Springs,Online,46,Doctor,1,6801.33,2024-02-20T15:00:00,BASELINE_NORMAL,overall_volume
TRANSACTIONS2000BASELINE000391,ACB00031,908.00,2024-01-30T22:00:00,Debit,San Antonio,Branch,20,Student,1,1399.53,2024-01-29T18:00:00,BASELINE_NORMAL,overall_volume
TRANSACTIONS2000BASELINE000392,ACB00032,304.44,2024-01-29T08:00:00,Debit,Louisville,Branch,39,Student,1,5558.29,2024-01-28T00:00:00,BASELINE_NORMAL,overall_volume
TRANSACTIONS2000BASELINE000393,ACB00033,609.24,2024-01-11T00:00:00,Debit,Memphis,ATM,38,Student,1,1544.53,2024-01-08T12:00:00,BASELINE_NORMAL,overall_volume
TRANSACTIONS2000BASELINE000394,ACB00034,182.81,2024-01-19T08:00:00,Debit,Denver,ATM,38,Engineer,1,511.70,2024-01-18T11:00:00,BASELINE_NORMAL,overall_volume
TRANSACTIONS2000BASELINE000395,ACB00035,316.41,2024-01-11T21:00:00,Debit,Atlanta,ATM,42,Doctor,1,3790.49,2024-01-08T07:00:00,BASELINE_NORMAL,overall_volume
TRANSACTIONS2000BASELINE000396,ACB00036,376.20,2024-02-16T05:00:00,Debit,Los Angeles,ATM,28,Student,1,2728.20,2024-02-15T14:00:00,BASELINE_NORMAL,overall_volume
TRANSACTIONS2000BASELINE000397,ACB00037,390.45,2024-01-21T11:00:00,Credit,Milwaukee,ATM,51,Retired,1,4101.45,2024-01-19T02:00:00,BASELINE_NORMAL,overall_volume
TRANSACTIONS2000BASELINE000398,ACB00038,93.92,2024-02-19T01:00:00,Debit,Philadelphia,Online,44,Student,1,3099.35,2024-02-15T16:00:00,BASELINE_NORMAL,overall_volume
TRANSACTIONS2000BASELINE000399,ACB00039,379.41,2024-02-17T08:00:00,Debit,Colorado Springs,ATM,35,Student,1,2853.79,2024-02-14T08:00:00,BASELINE_NORMAL,overall_volume
TRANSACTIONS2000BASELINE000400,ACB00040,5.00,2024-02-22T13:00:00,Debit,Indianapolis,Online,53,Student,1,2602.23,2024-02-19T19:00:00,BASELINE_NORMAL,overall_volume
TRANSACTIONS2000BASELINE000401,ACB00041,541.20,2024-02-05T02:00:00,Debit,San Jose,Branch,55,Engineer,1,4192.44,2024-02-02T10:00:00,BASELINE_NORMAL,overall_volume
TRANSACTIONS2000BASELINE000402,ACB00042,5.00,2024-01-18T22:00:00,Debit,El Paso,ATM,46,Student,1,7797.98,2024-01-15T17:00:00,BASELINE_NORMAL,overall_volume
TRANSACTIONS2000BASELINE000403,ACB00043,147.31,2024-02-05T13:00:00,Debit,Phoenix,Branch,48,Doctor,1,5618.24,2024-02-02T04:00:00,BASELINE_NORMAL,overall_volume
TRANSACTIONS2000BASELINE000404,ACB00044,984.50,2024-02-05T18:00:00,Debit,Portland,ATM,44,Student,2,5183.14,2024-02-03T00:00:00,BASELINE_NORMAL,overall_volume
TRANSACTIONS2000BASELINE000405,ACB00045,449.44,2024-01-22T19:00:00,Credit,Sacramento,Branch,41,Student,1,5814.71,2024-01-18T22:00:00,BASELINE_NORMAL,overall_volume
TRANSACTIONS2000BASELINE000406,ACB00046,683.97,2024-02-15T22:00:00,Debit,Houston,ATM,48,Engineer,1,7334.88,2024-02-13T05:00:00,BASELINE_NORMAL,overall_volume
TRANSACTIONS2000BASELINE000407,ACB00047,514.23,2024-01-26T17:00:00,Debit,Detroit,Online,33,Student,1,6000.05,2024-01-24T07:00:00,BASELINE_NORMAL,overall_volume
TRANSACTIONS2000BASELINE000408,ACB00048,174.33,2024-02-12T19:00:00,Debit,Philadelphia,ATM,71,Retired,3,7360.99,2024-02-09T20:00:00,BASELINE_NORMAL,overall_volume
TRANSACTIONS2000BASELINE000409,ACB00049,376.26,2024-02-09T03:00:00,Debit,Sacramento,Branch,48,Student,2,4920.12,2024-02-08T09:00:00,BASELINE_NORMAL,overall_volume
TRANSACTIONS2000BASELINE000410,ACB00050,276.98,2024-01-12T13:00:00,Debit,Detroit,Online,46,Student,1,3713.50,2024-01-10T10:00:00,BASELINE_NORMAL,overall_volume
TRANSACTIONS2000BASELINE000411,ACB00051,545.26,2024-02-12T11:00:00,Debit,Colorado Springs,ATM,42,Doctor,1,5271.64,2024-02-09T06:00:00,BASELINE_NORMAL,overall_volume
TRANSACTIONS2000BASELINE000412,ACB00052,1071.61,2024-01-18T09:00:00,Credit,Las Vegas,ATM,40,Student,1,6470.99,2024-01-15T12:00:00,BASELINE_NORMAL,overall_volume
TRANSACTIONS2000BASELINE000413,ACB00053,113.43,2024-01-14T17:00:00,Credit,Portland,ATM,40,Doctor,1,2859.71,2024-01-13T22:00:00,BASELINE_NORMAL,overall_volume
TRANSACTIONS2000BASELINE000414,ACB00054,110.54,2024-02-07T21:00:00,Debit,Columbus,Branch,48,Doctor,1,7603.74,2024-02-07T02:00:00,BASELINE_NORMAL,overall_volume
TRANSACTIONS2000BASELINE000415,ACB00055,253.12,2024-02-07T23:00:00,Credit,Mesa,ATM,40,Student,1,4239.91,2024-02-06T17:00:00,BASELINE_NORMAL,overall_volume
TRANSACTIONS2000BASELINE000416,ACB00056,221.17,2024-02-01T13:00:00,Credit,Detroit,Branch,40,Doctor,2,7984.60,2024-01-29T17:00:00,BASELINE_NORMAL,overall_volume
TRANSACTIONS2000BASELINE000417,ACB00057,488.01,2024-02-01T06:00:00,Credit,Miami,Branch,37,Engineer,1,4101.80,2024-01-31T01:00:00,BASELINE_NORMAL,overall_volume
TRANSACTIONS2000BASELINE000418,ACB00058,342.20,2024-01-08T03:00:00,Debit,Tucson,Online,24,Student,1,1862.28,2024-01-04T12:00:00,BASELINE_NORMAL,overall_volume
TRANSACTIONS2000BASELINE000419,ACB00059,32.84,2024-02-11T11:00:00,Debit,Columbus,ATM,40,Engineer,1,287.16,2024-02-10T17:00:00,BASELINE_NORMAL,overall_volume
TRANSACTIONS2000BASELINE000420,ACB00060,53.88,2024-01-21T01:00:00,Debit,San Diego,Online,62,Engineer,1,5632.27,2024-01-20T14:00:00,BASELINE_NORMAL,overall_volume
TRANSACTIONS2000BASELINE000421,ACB00061,5.00,2024-02-09T02:00:00,Debit,Fresno,Online,53,Retired,1,4403.99,2024-02-08T10:00:00,BASELINE_NORMAL,overall_volume
TRANSACTIONS2000BASELINE000422,ACB00062,546.80,2024-02-23T21:00:00,Debit,Atlanta,ATM,50,Engineer,1,5022.00,2024-02-21T01:00:00,BASELINE_NORMAL,overall_volume
TRANSACTIONS2000BASELINE000423,ACB00063,446.13,2024-01-16T06:00:00,Credit,San Diego,Branch,55,Retired,2,7855.22,2024-01-12T07:00:00,BASELINE_NORMAL,overall_volume
TRANSACTIONS2000BASELINE000424,ACB00064,66.52,2024-02-04T14:00:00,Credit,San Jose,Online,43,Student,2,2740.11,2024-02-02T08:00:00,BASELINE_NORMAL,overall_volume
TRANSACTIONS2000BASELINE000425,ACB00065,502.76,2024-02-12T15:00:00,Debit,San Jose,ATM,47,Doctor,1,5633.05,2024-02-10T17:00:00,BASELINE_NORMAL,overall_volume
TRANSACTIONS2000BASELINE000426,ACB00066,416.86,2024-01-27T01:00:00,Debit,Louisville,Branch,44,Doctor,2,2136.78,2024-01-26T11:00:00,BASELINE_NORMAL,overall_volume
TRANSACTIONS2000BASELINE000427,ACB00067,149.84,2024-01-11T22:00:00,Credit,New York,Online,54,Retired,1,6254.24,2024-01-10T01:00:00,BASELINE_NORMAL,overall_volume
TRANSACTIONS2000BASELINE000428,ACB00068,339.15,2024-02-17T13:00:00,Debit,Oklahoma City,Branch,59,Retired,1,3971.88,2024-02-13T15:00:00,BASELINE_NORMAL,overall_volume
TRANSACTIONS2000BASELINE000429,ACB00069,133.94,2024-02-13T16:00:00,Debit,Baltimore,ATM,46,Retired,1,5337.79,2024-02-09T20:00:00,BASELINE_NORMAL,overall_volume
TRANSACTIONS2000BASELINE000430,ACB00070,5.00,2024-01-22T20:00:00,Debit,Jacksonville,Online,42,Student,1,4457.66,2024-01-21T11:00:00,BASELINE_NORMAL,overall_volume
TRANSACTIONS2000BASELINE000431,ACB00071,357.44,2024-01-28T22:00:00,Debit,Austin,Online,56,Retired,1,4240.11,2024-01-28T08:00:00,BASELINE_NORMAL,overall_volume
TRANSACTIONS2000BASELINE000432,ACB00072,450.70,2024-01-23T04:00:00,Debit,Louisville,ATM,37,Student,1,7373.76,2024-01-20T22:00:00,BASELINE_NORMAL,overall_volume
TRANSACTIONS2000BASELINE000433,ACB00073,431.34,2024-01-28T10:00:00,Credit,Chicago,Branch,55,Engineer,1,5551.04,2024-01-26T01:00:00,BASELINE_NORMAL,overall_volume
TRANSACTIONS2000BASELINE000434,ACB00074,271.83,2024-01-25T08:00:00,Debit,Philadelphia,Online,45,Student,1,6132.70,2024-01-24T01:00:00,BASELINE_NORMAL,overall_volume
TRANSACTIONS2000BASELINE000435,ACB00075,698.56,2024-01-30T17:00:00,Credit,Houston,Online,46,Engineer,1,3536.21,2024-01-30T09:00:00,BASELINE_NORMAL,overall_volume
TRANSACTIONS2000BASELINE000436,ACB00076,5.00,2024-02-04T00:00:00,Debit,Philadelphia,Online,68,Retired,1,5612.80,2024-02-01T19:00:00,BASELINE_NORMAL,overall_volume
TRANSACTIONS2000BASELINE000437,ACB00077,137.59,2024-02-15T06:00:00,Debit,Philadelphia,ATM,68,Retired,1,5254.36,2024-02-11T19:00:00,BASELINE_NORMAL,overall_volume
TRANSACTIONS2000BASELINE000438,ACB00078,282.35,2024-02-10T14:00:00,Debit,Charlotte,Branch,37,Student,2,3269.64,2024-02-09T18:00:00,BASELINE_NORMAL,overall_volume
TRANSACTIONS2000BASELINE000439,ACB00079,937.70,2024-01-24T17:00:00,Debit,Chicago,ATM,53,Doctor,1,6783.81,2024-01-22T18:00:00,BASELINE_NORMAL,overall_volume
TRANSACTIONS2000BASELINE000440,ACB00080,381.80,2024-01-19T14:00:00,Debit,Austin,ATM,52,Engineer,1,6058.06,2024-01-17T16:00:00,BASELINE_NORMAL,overall_volume
TRANSACTIONS2000BASELINE000441,ACB00081,36.50,2024-02-15T10:00:00,Debit,Fresno,Branch,48,Student,1,9234.38,2024-02-14T13:00:00,BASELINE_NORMAL,overall_volume
TRANSACTIONS2000BASELINE000442,ACB00082,507.71,2024-02-01T05:00:00,Debit,Kansas City,Branch,52,Doctor,2,6328.08,2024-01-31T11:00:00,BASELINE_NORMAL,overall_volume
TRANSACTIONS2000BASELINE000443,ACB00083,451.57,2024-02-11T04:00:00,Debit,Colorado Springs,ATM,35,Student,1,1594.34,2024-02-10T07:00:00,BASELINE_NORMAL,overall_volume
TRANSACTIONS2000BASELINE000444,ACB00084,269.60,2024-01-30T07:00:00,Debit,Kansas City,ATM,48,Engineer,2,3532.72,2024-01-26T08:00:00,BASELINE_NORMAL,overall_volume
TRANSACTIONS2000BASELINE000445,ACB00085,285.39,2024-01-13T10:00:00,Credit,Nashville,Online,46,Engineer,1,5711.35,2024-01-10T05:00:00,BASELINE_NORMAL,overall_volume
TRANSACTIONS2000BASELINE000446,ACB00086,216.35,2024-01-26T01:00:00,Debit,Baltimore,Online,51,Retired,1,1541.07,2024-01-25T12:00:00,BASELINE_NORMAL,overall_volume
TRANSACTIONS2000BASELINE000447,ACB00087,446.72,2024-01-24T23:00:00,Debit,Fort Worth,Online,49,Doctor,2,5132.10,2024-01-24T11:00:00,BASELINE_NORMAL,overall_volume
TRANSACTIONS2000BASELINE000448,ACB00088,5.00,2024-02-09T14:00:00,Debit,San Diego,Online,52,Retired,1,5107.57,2024-02-07T13:00:00,BASELINE_NORMAL,overall_volume
TRANSACTIONS2000BASELINE000449,ACB00089,600.12,2024-02-11T06:00:00,Debit,Miami,ATM,38,Student,1,1813.30,2024-02-09T19:00:00,BASELINE_NORMAL,overall_volume
TRANSACTIONS2000BASELINE000450,ACB00090,32.26,2024-02-22T12:00:00,Debit,El Paso,ATM,57,Retired,2,6996.14,2024-02-18T13:00:00,BASELINE_NORMAL,overall_volume
TRANSACTIONS2000BASELINE000451,ACB00091,178.27,2024-02-07T07:00:00,Debit,Austin,ATM,48,Engineer,1,5468.94,2024-02-04T11:00:00,BASELINE_NORMAL,overall_volume
TRANSACTIONS2000BASELINE000452,ACB00092,658.74,2024-02-18T00:00:00,Debit,San Antonio,ATM,37,Student,1,7848.95,2024-02-14T22:00:00,BASELINE_NORMAL,overall_volume
TRANSACTIONS2000BASELINE000453,ACB00093,40.07,2024-01-31T00:00:00,Debit,El Paso,ATM,30,Engineer,1,2512.32,2024-01-27T15:00:00,BASELINE_NORMAL,overall_volume
TRANSACTIONS2000BASELINE000454,ACB00094,255.19,2024-02-13T22:00:00,Credit,Denver,ATM,59,Retired,1,3687.27,2024-02-10T10:00:00,BASELINE_NORMAL,overall_volume
TRANSACTIONS2000BASELINE000455,ACB00095,797.09,2024-01-15T15:00:00,Debit,Mesa,Online,65,Retired,1,5562.46,2024-01-15T03:00:00,BASELINE_NORMAL,overall_volume
TRANSACTIONS2000BASELINE000456,ACB00096,22.40,2024-01-16T09:00:00,Debit,Miami,ATM,38,Student,1,2410.67,2024-01-13T13:00:00,BASELINE_NORMAL,overall_volume
TRANSACTIONS2000BASELINE000457,ACB00097,438.77,2024-02-16T20:00:00,Debit,Milwaukee,Branch,39,Doctor,1,5078.86,2024-02-14T15:00:00,BASELINE_NORMAL,overall_volume
TRANSACTIONS2000BASELINE000458,ACB00098,768.46,2024-01-14T03:00:00,Debit,Miami,Online,47,Retired,1,3422.71,2024-01-13T04:00:00,BASELINE_NORMAL,overall_volume
TRANSACTIONS2000BASELINE000459,ACB00099,248.04,2024-01-12T16:00:00,Debit,Fresno,Online,44,Student,1,4548.55,2024-01-10T23:00:00,BASELINE_NORMAL,overall_volume
TRANSACTIONS2000BASELINE000460,ACB00100,493.66,2024-01-29T10:00:00,Credit,Phoenix,Online,36,Doctor,2,6637.61,2024-01-27T08:00:00,BASELINE_NORMAL,overall_volume
TRANSACTIONS2000BASELINE000461,ACB00101,595.89,2024-02-05T16:00:00,Debit,Dallas,Online,28,Student,1,1321.52,2024-02-04T21:00:00,BASELINE_NORMAL,overall_volume
TRANSACTIONS2000BASELINE000462,ACB00102,5.00,2024-01-20T16:00:00,Debit,Fort Worth,Online,28,Student,1,4832.81,2024-01-19T10:00:00,BASELINE_NORMAL,overall_volume
TRANSACTIONS2000BASELINE000463,ACB00103,123.30,2024-02-04T12:00:00,Debit,Milwaukee,ATM,26,Student,1,5510.37,2024-02-03T02:00:00,BASELINE_NORMAL,overall_volume
TRANSACTIONS2000BASELINE000464,ACB00104,730.20,2024-02-03T12:00:00,Debit,Seattle,Online,62,Retired,1,7980.29,2024-02-01T19:00:00,BASELINE_NORMAL,overall_volume
TRANSACTIONS2000BASELINE000465,ACB00105,5.00,2024-02-04T02:00:00,Debit,Mesa,ATM,40,Student,1,3369.66,2024-02-03T19:00:00,BASELINE_NORMAL,overall_volume
TRANSACTIONS2000BASELINE000466,ACB00106,94.03,2024-01-27T11:00:00,Debit,Jacksonville,ATM,50,Engineer,1,3992.74,2024-01-24T01:00:00,BASELINE_NORMAL,overall_volume
TRANSACTIONS2000BASELINE000467,ACB00107,631.98,2024-02-12T04:00:00,Debit,Jacksonville,Branch,51,Engineer,1,5384.99,2024-02-09T10:00:00,BASELINE_NORMAL,overall_volume
TRANSACTIONS2000BASELINE000468,ACB00108,5.00,2024-01-22T10:00:00,Debit,El Paso,ATM,42,Doctor,1,9241.46,2024-01-21T19:00:00,BASELINE_NORMAL,overall_volume
TRANSACTIONS2000BASELINE000469,ACB00109,154.65,2024-01-14T00:00:00,Debit,Philadelphia,ATM,49,Student,1,2933.50,2024-01-12T05:00:00,BASELINE_NORMAL,overall_volume
TRANSACTIONS2000BASELINE000470,ACB00110,319.24,2024-02-20T03:00:00,Debit,Dallas,Online,61,Engineer,1,5006.36,2024-02-18T23:00:00,BASELINE_NORMAL,overall_volume
TRANSACTIONS2000BASELINE000471,ACB00111,22.03,2024-01-31T11:00:00,Debit,Boston,Branch,46,Retired,2,858.00,2024-01-29T18:00:00,BASELINE_NORMAL,overall_volume
TRANSACTIONS2000BASELINE000472,ACB00112,333.00,2024-01-20T15:00:00,Credit,Mesa,Branch,46,Doctor,1,11387.63,2024-01-18T04:00:00,BASELINE_NORMAL,overall_volume
TRANSACTIONS2000BASELINE000473,ACB00113,645.88,2024-02-20T09:00:00,Credit,Detroit,Branch,31,Student,2,5692.91,2024-02-18T16:00:00,BASELINE_NORMAL,overall_volume
TRANSACTIONS2000BASELINE000474,ACB00114,118.29,2024-02-08T16:00:00,Debit,Tucson,Branch,33,Student,1,2606.47,2024-02-04T23:00:00,BASELINE_NORMAL,overall_volume
TRANSACTIONS2000BASELINE000475,ACB00115,20.30,2024-01-15T07:00:00,Credit,Colorado Springs,Branch,50,Doctor,2,9763.54,2024-01-13T09:00:00,BASELINE_NORMAL,overall_volume
TRANSACTIONS2000BASELINE000476,ACB00116,433.84,2024-02-10T18:00:00,Debit,Indianapolis,ATM,53,Student,1,3335.00,2024-02-07T09:00:00,BASELINE_NORMAL,overall_volume
TRANSACTIONS2000BASELINE000477,ACB00117,248.35,2024-02-24T02:00:00,Debit,Albuquerque,Online,47,Retired,2,8722.11,2024-02-20T22:00:00,BASELINE_NORMAL,overall_volume
TRANSACTIONS2000BASELINE000478,ACB00118,408.61,2024-01-05T21:00:00,Debit,Phoenix,Branch,51,Engineer,1,4547.43,2024-01-05T14:00:00,BASELINE_NORMAL,overall_volume
TRANSACTIONS2000BASELINE000479,ACB00119,268.76,2024-02-20T05:00:00,Debit,Austin,Branch,47,Engineer,1,4413.99,2024-02-16T18:00:00,BASELINE_NORMAL,overall_volume
TRANSACTIONS2000BASELINE000480,ACB00120,73.37,2024-01-21T17:00:00,Debit,Columbus,ATM,40,Engineer,1,260.76,2024-01-19T15:00:00,BASELINE_NORMAL,overall_volume
TRANSACTIONS2000BASELINE000481,ACB00001,177.52,2024-01-20T16:00:00,Debit,Colorado Springs,ATM,39,Student,1,6531.17,2024-01-20T08:00:00,BASELINE_NORMAL,overall_volume
TRANSACTIONS2000BASELINE000482,ACB00002,640.03,2024-01-25T11:00:00,Debit,El Paso,ATM,44,Student,1,5416.06,2024-01-24T20:00:00,BASELINE_NORMAL,overall_volume
TRANSACTIONS2000BASELINE000483,ACB00003,359.00,2024-01-11T11:00:00,Debit,Fresno,Online,38,Student,2,7858.75,2024-01-09T05:00:00,BASELINE_NORMAL,overall_volume
TRANSACTIONS2000BASELINE000484,ACB00004,5.00,2024-02-07T09:00:00,Debit,Portland,Online,55,Doctor,1,5049.67,2024-02-06T07:00:00,BASELINE_NORMAL,overall_volume
TRANSACTIONS2000BASELINE000485,ACB00005,73.88,2024-01-26T18:00:00,Debit,Columbus,Online,43,Student,1,2583.80,2024-01-25T20:00:00,BASELINE_NORMAL,overall_volume
TRANSACTIONS2000BASELINE000486,ACB00006,12.50,2024-02-21T15:00:00,Debit,Charlotte,Online,59,Engineer,1,4652.30,2024-02-18T20:00:00,BASELINE_NORMAL,overall_volume
TRANSACTIONS2000BASELINE000487,ACB00007,189.24,2024-01-21T11:00:00,Credit,Louisville,Online,47,Engineer,1,5440.21,2024-01-18T18:00:00,BASELINE_NORMAL,overall_volume
TRANSACTIONS2000BASELINE000488,ACB00008,265.88,2024-02-15T04:00:00,Debit,Houston,Branch,48,Engineer,1,3220.63,2024-02-13T18:00:00,BASELINE_NORMAL,overall_volume
TRANSACTIONS2000BASELINE000489,ACB00009,139.96,2024-01-15T15:00:00,Debit,Philadelphia,ATM,71,Retired,1,5725.90,2024-01-13T08:00:00,BASELINE_NORMAL,overall_volume
TRANSACTIONS2000BASELINE000490,ACB00010,522.09,2024-01-13T16:00:00,Debit,Houston,ATM,44,Doctor,1,5503.78,2024-01-09T23:00:00,BASELINE_NORMAL,overall_volume
TRANSACTIONS2000BASELINE000491,ACB00011,1041.36,2024-01-27T18:00:00,Debit,Fort Worth,ATM,59,Retired,1,8125.01,2024-01-26T10:00:00,BASELINE_NORMAL,overall_volume
TRANSACTIONS2000BASELINE000492,ACB00012,568.81,2024-02-08T04:00:00,Debit,Atlanta,ATM,33,Doctor,1,7761.08,2024-02-07T13:00:00,BASELINE_NORMAL,overall_volume
TRANSACTIONS2000BASELINE000493,ACB00013,5.00,2024-01-27T00:00:00,Debit,Oklahoma City,Online,53,Engineer,1,6596.07,2024-01-23T18:00:00,BASELINE_NORMAL,overall_volume
TRANSACTIONS2000BASELINE000494,ACB00014,332.81,2024-02-09T08:00:00,Credit,Detroit,ATM,34,Engineer,1,3825.18,2024-02-08T15:00:00,BASELINE_NORMAL,overall_volume
TRANSACTIONS2000BASELINE000495,ACB00015,445.88,2024-01-14T00:00:00,Credit,Memphis,Online,40,Doctor,1,4809.27,2024-01-10T14:00:00,BASELINE_NORMAL,overall_volume
TRANSACTIONS2000BASELINE000496,ACB00016,5.00,2024-01-20T21:00:00,Debit,Charlotte,Branch,45,Retired,2,2651.61,2024-01-18T01:00:00,BASELINE_NORMAL,overall_volume
TRANSACTIONS2000BASELINE000497,ACB00017,452.38,2024-02-16T08:00:00,Credit,Kansas City,ATM,45,Engineer,1,5342.50,2024-02-13T12:00:00,BASELINE_NORMAL,overall_volume
TRANSACTIONS2000BASELINE000498,ACB00018,5.00,2024-02-10T03:00:00,Credit,Charlotte,Branch,45,Retired,1,2800.53,2024-02-07T07:00:00,BASELINE_NORMAL,overall_volume
TRANSACTIONS2000BASELINE000499,ACB00019,264.70,2024-02-17T17:00:00,Debit,Milwaukee,ATM,68,Retired,1,3513.06,2024-02-16T12:00:00,BASELINE_NORMAL,overall_volume
TRANSACTIONS2000BASELINE000500,ACB00020,113.55,2024-01-12T12:00:00,Debit,Omaha,Branch,48,Student,1,4146.21,2024-01-11T19:00:00,BASELINE_NORMAL,overall_volume
TRANSACTIONS2000BASELINE000501,ACB00021,158.29,2024-01-10T11:00:00,Debit,San Francisco,Branch,48,Engineer,1,2465.27,2024-01-07T22:00:00,BASELINE_NORMAL,overall_volume
TRANSACTIONS2000BASELINE000502,ACB00022,211.84,2024-01-29T09:00:00,Debit,Boston,Branch,46,Retired,1,5498.63,2024-01-28T03:00:00,BASELINE_NORMAL,overall_volume
TRANSACTIONS2000BASELINE000503,ACB00023,5.00,2024-01-25T15:00:00,Debit,Dallas,ATM,44,Student,1,3001.02,2024-01-23T21:00:00,BASELINE_NORMAL,overall_volume
TRANSACTIONS2000BASELINE000504,ACB00024,5.00,2024-02-10T04:00:00,Debit,Dallas,Online,31,Student,1,3032.12,2024-02-09T18:00:00,BASELINE_NORMAL,overall_volume
TRANSACTIONS2000BASELINE000505,ACB00025,284.25,2024-02-21T16:00:00,Debit,San Jose,ATM,65,Retired,1,4711.65,2024-02-19T20:00:00,BASELINE_NORMAL,overall_volume
TRANSACTIONS2000BASELINE000506,ACB00026,276.71,2024-02-12T21:00:00,Debit,Kansas City,Online,43,Student,1,1773.04,2024-02-08T23:00:00,BASELINE_NORMAL,overall_volume
TRANSACTIONS2000BASELINE000507,ACB00027,236.48,2024-01-28T00:00:00,Debit,Baltimore,Online,51,Retired,1,2749.22,2024-01-25T12:00:00,BASELINE_NORMAL,overall_volume
TRANSACTIONS2000BASELINE000508,ACB00028,411.09,2024-01-27T21:00:00,Debit,San Diego,Online,25,Student,2,2817.67,2024-01-25T04:00:00,BASELINE_NORMAL,overall_volume
TRANSACTIONS2000BASELINE000509,ACB00029,262.26,2024-02-09T18:00:00,Debit,San Diego,ATM,58,Doctor,2,5729.88,2024-02-08T16:00:00,BASELINE_NORMAL,overall_volume
TRANSACTIONS2000BASELINE000510,ACB00030,94.52,2024-02-26T23:00:00,Credit,Mesa,Branch,46,Doctor,1,6982.37,2024-02-23T07:00:00,BASELINE_NORMAL,overall_volume
TRANSACTIONS2000BASELINE000511,ACB00031,415.24,2024-02-03T20:00:00,Debit,Los Angeles,Branch,20,Student,1,2138.97,2024-01-30T22:00:00,BASELINE_NORMAL,overall_volume
TRANSACTIONS2000BASELINE000512,ACB00032,223.39,2024-01-29T16:00:00,Debit,Washington,Online,39,Student,3,5053.96,2024-01-29T08:00:00,BASELINE_NORMAL,overall_volume
TRANSACTIONS2000BASELINE000513,ACB00033,190.68,2024-01-12T19:00:00,Debit,Memphis,ATM,38,Student,1,2459.80,2024-01-11T00:00:00,BASELINE_NORMAL,overall_volume
TRANSACTIONS2000BASELINE000514,ACB00034,196.28,2024-01-22T08:00:00,Debit,Denver,ATM,38,Engineer,1,586.27,2024-01-19T08:00:00,BASELINE_NORMAL,overall_volume
TRANSACTIONS2000BASELINE000515,ACB00035,187.73,2024-01-12T11:00:00,Debit,Atlanta,Branch,42,Doctor,1,4063.14,2024-01-11T21:00:00,BASELINE_NORMAL,overall_volume
TRANSACTIONS2000BASELINE000516,ACB00036,245.54,2024-02-19T14:00:00,Debit,Los Angeles,ATM,28,Student,2,4887.61,2024-02-16T05:00:00,BASELINE_NORMAL,overall_volume
TRANSACTIONS2000BASELINE000517,ACB00037,514.76,2024-01-24T21:00:00,Credit,Las Vegas,ATM,51,Retired,2,3617.20,2024-01-21T11:00:00,BASELINE_NORMAL,overall_volume
TRANSACTIONS2000BASELINE000518,ACB00038,154.38,2024-02-22T00:00:00,Credit,Houston,Online,44,Student,1,3273.00,2024-02-19T01:00:00,BASELINE_NORMAL,overall_volume
TRANSACTIONS2000BASELINE000519,ACB00039,5.00,2024-02-18T22:00:00,Debit,Raleigh,Online,35,Student,1,1940.97,2024-02-17T08:00:00,BASELINE_NORMAL,overall_volume
TRANSACTIONS2000BASELINE000520,ACB00040,361.72,2024-02-23T05:00:00,Debit,Houston,ATM,53,Student,1,2988.17,2024-02-22T13:00:00,BASELINE_NORMAL,overall_volume
TRANSACTIONS2000BASELINE000521,ACB00041,484.35,2024-02-06T16:00:00,Debit,Fort Worth,Branch,55,Engineer,2,4770.53,2024-02-05T02:00:00,BASELINE_NORMAL,overall_volume
TRANSACTIONS2000BASELINE000522,ACB00042,221.45,2024-01-21T02:00:00,Debit,El Paso,Online,46,Student,1,3854.13,2024-01-18T22:00:00,BASELINE_NORMAL,overall_volume
TRANSACTIONS2000BASELINE000523,ACB00043,147.30,2024-02-08T20:00:00,Credit,Phoenix,Online,48,Doctor,1,5710.32,2024-02-05T13:00:00,BASELINE_NORMAL,overall_volume
TRANSACTIONS2000BASELINE000524,ACB00044,1213.03,2024-02-09T06:00:00,Debit,Portland,Online,44,Student,1,3674.26,2024-02-05T18:00:00,BASELINE_NORMAL,overall_volume
TRANSACTIONS2000BASELINE000525,ACB00045,153.38,2024-01-23T10:00:00,Credit,San Francisco,Branch,41,Student,1,3122.91,2024-01-22T19:00:00,BASELINE_NORMAL,overall_volume
TRANSACTIONS2000BASELINE000526,ACB00046,826.48,2024-02-18T21:00:00,Debit,Philadelphia,Online,48,Engineer,1,7689.21,2024-02-15T22:00:00,BASELINE_NORMAL,overall_volume
TRANSACTIONS2000BASELINE000527,ACB00047,84.94,2024-01-30T01:00:00,Debit,Boston,Branch,33,Student,3,7447.72,2024-01-26T17:00:00,BASELINE_NORMAL,overall_volume
TRANSACTIONS2000BASELINE000528,ACB00048,158.72,2024-02-14T12:00:00,Debit,Philadelphia,ATM,71,Retired,1,4941.05,2024-02-12T19:00:00,BASELINE_NORMAL,overall_volume
TRANSACTIONS2000BASELINE000529,ACB00049,611.86,2024-02-09T23:00:00,Credit,Virginia Beach,Branch,48,Student,2,7837.05,2024-02-09T03:00:00,BASELINE_NORMAL,overall_volume
TRANSACTIONS2000BASELINE000530,ACB00050,163.13,2024-01-15T20:00:00,Debit,Dallas,Branch,46,Student,1,3722.22,2024-01-12T13:00:00,BASELINE_NORMAL,overall_volume
TRANSACTIONS2000BASELINE000531,ACB00051,184.37,2024-02-12T19:00:00,Debit,El Paso,Branch,42,Doctor,1,5593.44,2024-02-12T11:00:00,BASELINE_NORMAL,overall_volume
TRANSACTIONS2000BASELINE000532,ACB00052,1052.74,2024-01-21T00:00:00,Debit,Los Angeles,ATM,40,Student,1,7607.42,2024-01-18T09:00:00,BASELINE_NORMAL,overall_volume
TRANSACTIONS2000BASELINE000533,ACB00053,44.27,2024-01-17T10:00:00,Credit,Raleigh,ATM,40,Doctor,2,3102.82,2024-01-14T17:00:00,BASELINE_NORMAL,overall_volume
TRANSACTIONS2000BASELINE000534,ACB00054,522.70,2024-02-08T19:00:00,Debit,Phoenix,Branch,48,Doctor,1,11218.03,2024-02-07T21:00:00,BASELINE_NORMAL,overall_volume
TRANSACTIONS2000BASELINE000535,ACB00055,492.95,2024-02-09T11:00:00,Debit,Las Vegas,Branch,40,Student,1,3982.48,2024-02-07T23:00:00,BASELINE_NORMAL,overall_volume
TRANSACTIONS2000BASELINE000536,ACB00056,616.20,2024-02-05T00:00:00,Debit,Dallas,Online,40,Doctor,1,3429.14,2024-02-01T13:00:00,BASELINE_NORMAL,overall_volume
TRANSACTIONS2000BASELINE000537,ACB00057,761.30,2024-02-03T08:00:00,Debit,Omaha,ATM,37,Engineer,1,5394.01,2024-02-01T06:00:00,BASELINE_NORMAL,overall_volume
TRANSACTIONS2000BASELINE000538,ACB00058,335.67,2024-01-08T15:00:00,Debit,Tucson,Online,24,Student,1,1201.05,2024-01-08T03:00:00,BASELINE_NORMAL,overall_volume
TRANSACTIONS2000BASELINE000539,ACB00059,41.98,2024-02-13T11:00:00,Debit,Columbus,ATM,40,Engineer,2,189.98,2024-02-11T11:00:00,BASELINE_NORMAL,overall_volume
TRANSACTIONS2000BASELINE000540,ACB00060,98.97,2024-01-22T01:00:00,Debit,Colorado Springs,Branch,62,Engineer,2,5152.41,2024-01-21T01:00:00,BASELINE_NORMAL,overall_volume
TRANSACTIONS2000BASELINE000541,ACB00061,5.00,2024-02-12T11:00:00,Debit,Fresno,Branch,53,Retired,3,3574.15,2024-02-09T02:00:00,BASELINE_NORMAL,overall_volume
TRANSACTIONS2000BASELINE000542,ACB00062,471.79,2024-02-25T14:00:00,Debit,Atlanta,ATM,50,Engineer,1,3706.77,2024-02-23T21:00:00,BASELINE_NORMAL,overall_volume
TRANSACTIONS2000BASELINE000543,ACB00063,434.69,2024-01-18T08:00:00,Credit,San Diego,Branch,55,Retired,1,10027.07,2024-01-16T06:00:00,BASELINE_NORMAL,overall_volume
TRANSACTIONS2000BASELINE000544,ACB00064,73.68,2024-02-07T03:00:00,Credit,Columbus,Online,43,Student,1,3109.77,2024-02-04T14:00:00,BASELINE_NORMAL,overall_volume
TRANSACTIONS2000BASELINE000545,ACB00065,807.48,2024-02-15T03:00:00,Debit,Jacksonville,ATM,47,Doctor,1,7132.21,2024-02-12T15:00:00,BASELINE_NORMAL,overall_volume
TRANSACTIONS2000BASELINE000546,ACB00066,1038.99,2024-01-29T21:00:00,Debit,Miami,ATM,44,Doctor,2,3594.94,2024-01-27T01:00:00,BASELINE_NORMAL,overall_volume
TRANSACTIONS2000BASELINE000547,ACB00067,102.58,2024-01-12T16:00:00,Credit,Washington,Online,54,Retired,1,6295.62,2024-01-11T22:00:00,BASELINE_NORMAL,overall_volume
TRANSACTIONS2000BASELINE000548,ACB00068,270.71,2024-02-18T14:00:00,Debit,Tucson,Branch,59,Retired,1,2920.48,2024-02-17T13:00:00,BASELINE_NORMAL,overall_volume
TRANSACTIONS2000BASELINE000549,ACB00069,220.89,2024-02-16T06:00:00,Debit,Philadelphia,Online,46,Retired,1,5190.28,2024-02-13T16:00:00,BASELINE_NORMAL,overall_volume
TRANSACTIONS2000BASELINE000550,ACB00070,204.97,2024-01-23T17:00:00,Debit,Seattle,ATM,42,Student,1,4371.15,2024-01-22T20:00:00,BASELINE_NORMAL,overall_volume
TRANSACTIONS2000BASELINE000551,ACB00071,208.85,2024-01-30T04:00:00,Credit,Austin,ATM,56,Retired,1,3975.48,2024-01-28T22:00:00,BASELINE_NORMAL,overall_volume
TRANSACTIONS2000BASELINE000552,ACB00072,717.37,2024-01-26T10:00:00,Debit,Louisville,Online,37,Student,1,5709.95,2024-01-23T04:00:00,BASELINE_NORMAL,overall_volume
TRANSACTIONS2000BASELINE000553,ACB00073,446.95,2024-01-29T00:00:00,Credit,Fort Worth,ATM,55,Engineer,1,5615.12,2024-01-28T10:00:00,BASELINE_NORMAL,overall_volume
TRANSACTIONS2000BASELINE000554,ACB00074,5.00,2024-01-28T05:00:00,Debit,San Francisco,Branch,45,Student,2,7603.60,2024-01-25T08:00:00,BASELINE_NORMAL,overall_volume
TRANSACTIONS2000BASELINE000555,ACB00075,950.52,2024-02-02T20:00:00,Debit,San Diego,Online,46,Engineer,1,4182.61,2024-01-30T17:00:00,BASELINE_NORMAL,overall_volume
TRANSACTIONS2000BASELINE000556,ACB00076,147.38,2024-02-05T21:00:00,Debit,Fort Worth,Online,68,Retired,1,5444.24,2024-02-04T00:00:00,BASELINE_NORMAL,overall_volume
TRANSACTIONS2000BASELINE000557,ACB00077,198.21,2024-02-18T18:00:00,Debit,Philadelphia,ATM,68,Retired,3,4347.10,2024-02-15T06:00:00,BASELINE_NORMAL,overall_volume
TRANSACTIONS2000BASELINE000558,ACB00078,239.68,2024-02-14T13:00:00,Debit,Denver,Online,37,Student,1,2075.81,2024-02-10T14:00:00,BASELINE_NORMAL,overall_volume
TRANSACTIONS2000BASELINE000559,ACB00079,683.29,2024-01-26T17:00:00,Debit,San Francisco,ATM,53,Doctor,1,6277.68,2024-01-24T17:00:00,BASELINE_NORMAL,overall_volume
TRANSACTIONS2000BASELINE000560,ACB00080,5.00,2024-01-22T22:00:00,Debit,Philadelphia,Online,52,Engineer,1,8642.99,2024-01-19T14:00:00,BASELINE_NORMAL,overall_volume
TRANSACTIONS2000BASELINE000561,ACB00081,127.51,2024-02-18T22:00:00,Debit,Nashville,ATM,48,Student,2,7925.84,2024-02-15T10:00:00,BASELINE_NORMAL,overall_volume
TRANSACTIONS2000BASELINE000562,ACB00082,456.01,2024-02-02T04:00:00,Debit,Kansas City,Branch,52,Doctor,1,5083.59,2024-02-01T05:00:00,BASELINE_NORMAL,overall_volume
TRANSACTIONS2000BASELINE000563,ACB00083,231.46,2024-02-13T02:00:00,Debit,Colorado Springs,Online,35,Student,2,3533.63,2024-02-11T04:00:00,BASELINE_NORMAL,overall_volume
TRANSACTIONS2000BASELINE000564,ACB00084,319.19,2024-01-30T13:00:00,Credit,Baltimore,Online,48,Engineer,2,3248.36,2024-01-30T07:00:00,BASELINE_NORMAL,overall_volume
TRANSACTIONS2000BASELINE000565,ACB00085,210.41,2024-01-15T03:00:00,Debit,San Diego,Online,46,Engineer,3,5214.64,2024-01-13T10:00:00,BASELINE_NORMAL,overall_volume
TRANSACTIONS2000BASELINE000566,ACB00086,99.14,2024-01-29T15:00:00,Debit,San Antonio,Branch,51,Retired,1,2250.73,2024-01-26T01:00:00,BASELINE_NORMAL,overall_volume
TRANSACTIONS2000BASELINE000567,ACB00087,585.23,2024-01-28T05:00:00,Debit,Boston,Branch,49,Doctor,2,2862.99,2024-01-24T23:00:00,BASELINE_NORMAL,overall_volume
TRANSACTIONS2000BASELINE000568,ACB00088,389.45,2024-02-12T03:00:00,Credit,Dallas,Branch,52,Retired,3,4778.26,2024-02-09T14:00:00,BASELINE_NORMAL,overall_volume
TRANSACTIONS2000BASELINE000569,ACB00089,264.36,2024-02-11T16:00:00,Debit,Tucson,Online,38,Student,1,2438.65,2024-02-11T06:00:00,BASELINE_NORMAL,overall_volume
TRANSACTIONS2000BASELINE000570,ACB00090,48.24,2024-02-26T10:00:00,Debit,El Paso,ATM,57,Retired,1,8885.58,2024-02-22T12:00:00,BASELINE_NORMAL,overall_volume
TRANSACTIONS2000BASELINE000571,ACB00091,410.53,2024-02-10T16:00:00,Debit,Fresno,ATM,48,Engineer,3,5411.45,2024-02-07T07:00:00,BASELINE_NORMAL,overall_volume
TRANSACTIONS2000BASELINE000572,ACB00092,145.72,2024-02-19T20:00:00,Debit,Milwaukee,Branch,37,Student,1,8359.67,2024-02-18T00:00:00,BASELINE_NORMAL,overall_volume
TRANSACTIONS2000BASELINE000573,ACB00093,56.75,2024-02-03T01:00:00,Debit,El Paso,Online,30,Engineer,1,1638.10,2024-01-31T00:00:00,BASELINE_NORMAL,overall_volume
TRANSACTIONS2000BASELINE000574,ACB00094,346.76,2024-02-17T22:00:00,Credit,Milwaukee,ATM,59,Retired,2,4491.91,2024-02-13T22:00:00,BASELINE_NORMAL,overall_volume
TRANSACTIONS2000BASELINE000575,ACB00095,551.61,2024-01-17T11:00:00,Debit,Sacramento,Online,65,Retired,1,6075.05,2024-01-15T15:00:00,BASELINE_NORMAL,overall_volume
TRANSACTIONS2000BASELINE000576,ACB00096,465.66,2024-01-17T21:00:00,Debit,Miami,ATM,38,Student,1,2487.69,2024-01-16T09:00:00,BASELINE_NORMAL,overall_volume
TRANSACTIONS2000BASELINE000577,ACB00097,617.85,2024-02-20T05:00:00,Debit,Atlanta,Online,39,Doctor,1,6527.87,2024-02-16T20:00:00,BASELINE_NORMAL,overall_volume
TRANSACTIONS2000BASELINE000578,ACB00098,338.52,2024-01-16T03:00:00,Debit,Raleigh,ATM,47,Retired,2,2892.65,2024-01-14T03:00:00,BASELINE_NORMAL,overall_volume
TRANSACTIONS2000BASELINE000579,ACB00099,154.35,2024-01-15T15:00:00,Debit,Fresno,Online,44,Student,1,5190.40,2024-01-12T16:00:00,BASELINE_NORMAL,overall_volume
TRANSACTIONS2000BASELINE000580,ACB00100,349.52,2024-01-30T05:00:00,Credit,Phoenix,Branch,36,Doctor,2,7320.16,2024-01-29T10:00:00,BASELINE_NORMAL,overall_volume
TRANSACTIONS2000BASELINE000581,ACB00101,628.16,2024-02-07T03:00:00,Debit,Dallas,Online,28,Student,1,1506.22,2024-02-05T16:00:00,BASELINE_NORMAL,overall_volume
TRANSACTIONS2000BASELINE000582,ACB00102,5.00,2024-01-24T01:00:00,Debit,Columbus,ATM,28,Student,1,4741.39,2024-01-20T16:00:00,BASELINE_NORMAL,overall_volume
TRANSACTIONS2000BASELINE000583,ACB00103,71.50,2024-02-04T18:00:00,Debit,Milwaukee,ATM,26,Student,2,8977.38,2024-02-04T12:00:00,BASELINE_NORMAL,overall_volume
TRANSACTIONS2000BASELINE000584,ACB00104,176.18,2024-02-07T12:00:00,Debit,Phoenix,Online,62,Retired,1,6401.50,2024-02-03T12:00:00,BASELINE_NORMAL,overall_volume
TRANSACTIONS2000BASELINE000585,ACB00105,820.03,2024-02-04T16:00:00,Debit,Las Vegas,ATM,40,Student,1,3510.88,2024-02-04T02:00:00,BASELINE_NORMAL,overall_volume
TRANSACTIONS2000BASELINE000586,ACB00106,398.30,2024-01-28T05:00:00,Credit,Jacksonville,Branch,50,Engineer,1,2703.89,2024-01-27T11:00:00,BASELINE_NORMAL,overall_volume
TRANSACTIONS2000BASELINE000587,ACB00107,816.48,2024-02-13T03:00:00,Debit,Nashville,Branch,51,Engineer,1,5149.28,2024-02-12T04:00:00,BASELINE_NORMAL,overall_volume
TRANSACTIONS2000BASELINE000588,ACB00108,427.40,2024-01-26T09:00:00,Debit,San Antonio,ATM,42,Doctor,2,5543.56,2024-01-22T10:00:00,BASELINE_NORMAL,overall_volume
TRANSACTIONS2000BASELINE000589,ACB00109,160.83,2024-01-14T21:00:00,Debit,Portland,Branch,49,Student,2,4634.55,2024-01-14T00:00:00,BASELINE_NORMAL,overall_volume
TRANSACTIONS2000BASELINE000590,ACB00110,366.56,2024-02-21T07:00:00,Debit,Nashville,ATM,61,Engineer,1,8113.68,2024-02-20T03:00:00,BASELINE_NORMAL,overall_volume
TRANSACTIONS2000BASELINE000591,ACB00111,271.34,2024-02-01T11:00:00,Debit,San Diego,ATM,46,Retired,1,4381.22,2024-01-31T11:00:00,BASELINE_NORMAL,overall_volume
TRANSACTIONS2000BASELINE000592,ACB00112,522.93,2024-01-22T00:00:00,Credit,Charlotte,Branch,46,Doctor,2,9233.66,2024-01-20T15:00:00,BASELINE_NORMAL,overall_volume
TRANSACTIONS2000BASELINE000593,ACB00113,210.27,2024-02-21T02:00:00,Debit,Memphis,Branch,31,Student,1,4248.89,2024-02-20T09:00:00,BASELINE_NORMAL,overall_volume
TRANSACTIONS2000BASELINE000594,ACB00114,5.00,2024-02-09T11:00:00,Debit,Sacramento,Branch,33,Student,1,2983.85,2024-02-08T16:00:00,BASELINE_NORMAL,overall_volume
TRANSACTIONS2000BASELINE000595,ACB00115,30.58,2024-01-18T10:00:00,Credit,Colorado Springs,Branch,50,Doctor,2,2550.88,2024-01-15T07:00:00,BASELINE_NORMAL,overall_volume
TRANSACTIONS2000BASELINE000596,ACB00116,105.31,2024-02-12T14:00:00,Debit,Houston,ATM,53,Student,1,989.86,2024-02-10T18:00:00,BASELINE_NORMAL,overall_volume
TRANSACTIONS2000BASELINE000597,ACB00117,218.56,2024-02-25T09:00:00,Debit,Virginia Beach,ATM,47,Retired,3,7603.59,2024-02-24T02:00:00,BASELINE_NORMAL,overall_volume
TRANSACTIONS2000BASELINE000598,ACB00118,479.26,2024-01-09T17:00:00,Credit,San Diego,Online,51,Engineer,1,2488.93,2024-01-05T21:00:00,BASELINE_NORMAL,overall_volume
TRANSACTIONS2000BASELINE000599,ACB00119,72.60,2024-02-22T17:00:00,Debit,Jacksonville,Branch,47,Engineer,2,3777.99,2024-02-20T05:00:00,BASELINE_NORMAL,overall_volume
TRANSACTIONS2000BASELINE000600,ACB00120,35.26,2024-01-22T06:00:00,Debit,Columbus,ATM,40,Engineer,1,218.23,2024-01-21T17:00:00,BASELINE_NORMAL,overall_volume
TRANSACTIONS2000BASELINE000601,ACB00001,5.00,2024-01-23T14:00:00,Debit,Denver,ATM,39,Student,1,7342.84,2024-01-20T16:00:00,BASELINE_NORMAL,overall_volume
TRANSACTIONS2000BASELINE000602,ACB00002,5.00,2024-01-28T06:00:00,Debit,Charlotte,Online,44,Student,1,6042.96,2024-01-25T11:00:00,BASELINE_NORMAL,overall_volume
TRANSACTIONS2000BASELINE000603,ACB00003,232.69,2024-01-12T13:00:00,Debit,San Francisco,Online,38,Student,1,2740.49,2024-01-11T11:00:00,BASELINE_NORMAL,overall_volume
TRANSACTIONS2000BASELINE000604,ACB00004,5.00,2024-02-10T07:00:00,Debit,Boston,Branch,55,Doctor,3,8589.74,2024-02-07T09:00:00,BASELINE_NORMAL,overall_volume
TRANSACTIONS2000BASELINE000605,ACB00005,284.91,2024-01-30T06:00:00,Credit,Columbus,Branch,43,Student,1,1918.19,2024-01-26T18:00:00,BASELINE_NORMAL,overall_volume
TRANSACTIONS2000BASELINE000606,ACB00006,20.87,2024-02-25T11:00:00,Debit,Charlotte,Online,59,Engineer,1,11225.95,2024-02-21T15:00:00,BASELINE_NORMAL,overall_volume
TRANSACTIONS2000BASELINE000607,ACB00007,27.94,2024-01-22T15:00:00,Debit,Phoenix,ATM,47,Engineer,3,6729.00,2024-01-21T11:00:00,BASELINE_NORMAL,overall_volume
TRANSACTIONS2000BASELINE000608,ACB00008,216.57,2024-02-18T21:00:00,Credit,Memphis,Branch,48,Engineer,1,6533.10,2024-02-15T04:00:00,BASELINE_NORMAL,overall_volume
TRANSACTIONS2000BASELINE000609,ACB00009,122.36,2024-01-18T01:00:00,Debit,Philadelphia,ATM,71,Retired,1,7081.00,2024-01-15T15:00:00,BASELINE_NORMAL,overall_volume
TRANSACTIONS2000BASELINE000610,ACB00010,297.72,2024-01-17T02:00:00,Debit,Virginia Beach,Branch,44,Doctor,2,5618.34,2024-01-13T16:00:00,BASELINE_NORMAL,overall_volume
TRANSACTIONS2000BASELINE000611,ACB00011,652.38,2024-01-30T03:00:00,Debit,Detroit,ATM,59,Retired,1,4701.17,2024-01-27T18:00:00,BASELINE_NORMAL,overall_volume
TRANSACTIONS2000BASELINE000612,ACB00012,132.86,2024-02-09T14:00:00,Debit,El Paso,ATM,33,Doctor,1,6900.78,2024-02-08T04:00:00,BASELINE_NORMAL,overall_volume
TRANSACTIONS2000BASELINE000613,ACB00013,286.18,2024-01-28T11:00:00,Debit,Las Vegas,ATM,53,Engineer,1,5691.45,2024-01-27T00:00:00,BASELINE_NORMAL,overall_volume
TRANSACTIONS2000BASELINE000614,ACB00014,171.22,2024-02-10T06:00:00,Debit,Indianapolis,ATM,34,Engineer,1,4059.54,2024-02-09T08:00:00,BASELINE_NORMAL,overall_volume
TRANSACTIONS2000BASELINE000615,ACB00015,558.27,2024-01-16T07:00:00,Credit,Virginia Beach,ATM,40,Doctor,1,6406.88,2024-01-14T00:00:00,BASELINE_NORMAL,overall_volume
TRANSACTIONS2000BASELINE000616,ACB00016,167.23,2024-01-24T15:00:00,Debit,Atlanta,Online,45,Retired,2,1886.53,2024-01-20T21:00:00,BASELINE_NORMAL,overall_volume
TRANSACTIONS2000BASELINE000617,ACB00017,20.26,2024-02-18T07:00:00,Debit,Kansas City,Online,45,Engineer,1,6340.05,2024-02-16T08:00:00,BASELINE_NORMAL,overall_volume
TRANSACTIONS2000BASELINE000618,ACB00018,101.15,2024-02-10T13:00:00,Debit,Charlotte,Branch,45,Retired,3,2828.86,2024-02-10T03:00:00,BASELINE_NORMAL,overall_volume
TRANSACTIONS2000BASELINE000619,ACB00019,268.66,2024-02-20T04:00:00,Debit,Milwaukee,ATM,68,Retired,1,3679.67,2024-02-17T17:00:00,BASELINE_NORMAL,overall_volume
TRANSACTIONS2000BASELINE000620,ACB00020,28.13,2024-01-12T22:00:00,Debit,Omaha,Branch,48,Student,1,4364.21,2024-01-12T12:00:00,BASELINE_NORMAL,overall_volume
TRANSACTIONS2000BASELINE000621,ACB00021,131.07,2024-01-10T18:00:00,Debit,Kansas City,Online,48,Engineer,1,4738.41,2024-01-10T11:00:00,BASELINE_NORMAL,overall_volume
TRANSACTIONS2000BASELINE000622,ACB00022,169.76,2024-02-02T02:00:00,Debit,Miami,ATM,46,Retired,3,3531.71,2024-01-29T09:00:00,BASELINE_NORMAL,overall_volume
TRANSACTIONS2000BASELINE000623,ACB00023,5.00,2024-01-26T10:00:00,Debit,Denver,ATM,44,Student,1,10463.74,2024-01-25T15:00:00,BASELINE_NORMAL,overall_volume
TRANSACTIONS2000BASELINE000624,ACB00024,77.07,2024-02-10T17:00:00,Debit,Dallas,ATM,31,Student,1,2161.31,2024-02-10T04:00:00,BASELINE_NORMAL,overall_volume
TRANSACTIONS2000BASELINE000625,ACB00025,963.17,2024-02-23T20:00:00,Credit,Omaha,Online,65,Retired,1,6014.94,2024-02-21T16:00:00,BASELINE_NORMAL,overall_volume
TRANSACTIONS2000BASELINE000626,ACB00026,111.26,2024-02-13T12:00:00,Debit,Nashville,Branch,43,Student,2,7141.34,2024-02-12T21:00:00,BASELINE_NORMAL,overall_volume
TRANSACTIONS2000BASELINE000627,ACB00027,259.39,2024-01-29T18:00:00,Debit,Los Angeles,Online,51,Retired,1,1897.00,2024-01-28T00:00:00,BASELINE_NORMAL,overall_volume
TRANSACTIONS2000BASELINE000628,ACB00028,279.00,2024-01-30T18:00:00,Debit,San Diego,ATM,25,Student,2,3202.30,2024-01-27T21:00:00,BASELINE_NORMAL,overall_volume
TRANSACTIONS2000BASELINE000629,ACB00029,139.60,2024-02-12T08:00:00,Debit,El Paso,ATM,58,Doctor,2,2813.51,2024-02-09T18:00:00,BASELINE_NORMAL,overall_volume
TRANSACTIONS2000BASELINE000630,ACB00030,168.51,2024-03-01T09:00:00,Debit,Colorado Springs,ATM,46,Doctor,1,8832.77,2024-02-26T23:00:00,BASELINE_NORMAL,overall_volume
TRANSACTIONS2000BASELINE000631,ACB00031,1323.86,2024-02-05T03:00:00,Debit,San Antonio,ATM,20,Student,1,1373.86,2024-02-03T20:00:00,BASELINE_NORMAL,overall_volume
TRANSACTIONS2000BASELINE000632,ACB00032,497.94,2024-01-30T19:00:00,Credit,Washington,Branch,39,Student,1,4981.38,2024-01-29T16:00:00,BASELINE_NORMAL,overall_volume
TRANSACTIONS2000BASELINE000633,ACB00033,592.22,2024-01-13T13:00:00,Debit,Memphis,Online,38,Student,1,2826.91,2024-01-12T19:00:00,BASELINE_NORMAL,overall_volume
TRANSACTIONS2000BASELINE000634,ACB00034,166.09,2024-01-24T23:00:00,Debit,Denver,ATM,38,Engineer,3,544.89,2024-01-22T08:00:00,BASELINE_NORMAL,overall_volume
TRANSACTIONS2000BASELINE000635,ACB00035,140.26,2024-01-14T18:00:00,Debit,Washington,Branch,42,Doctor,1,5252.40,2024-01-12T11:00:00,BASELINE_NORMAL,overall_volume
TRANSACTIONS2000BASELINE000636,ACB00036,491.21,2024-02-22T09:00:00,Debit,Los Angeles,ATM,28,Student,1,7088.22,2024-02-19T14:00:00,BASELINE_NORMAL,overall_volume
TRANSACTIONS2000BASELINE000637,ACB00037,518.00,2024-01-28T02:00:00,Debit,Las Vegas,Branch,51,Retired,1,5116.97,2024-01-24T21:00:00,BASELINE_NORMAL,overall_volume
TRANSACTIONS2000BASELINE000638,ACB00038,377.01,2024-02-24T16:00:00,Debit,Fresno,Online,44,Student,1,4784.99,2024-02-22T00:00:00,BASELINE_NORMAL,overall_volume
TRANSACTIONS2000BASELINE000639,ACB00039,94.34,2024-02-22T02:00:00,Debit,Sacramento,ATM,35,Student,2,1537.52,2024-02-18T22:00:00,BASELINE_NORMAL,overall_volume
TRANSACTIONS2000BASELINE000640,ACB00040,103.89,2024-02-25T20:00:00,Debit,San Antonio,Online,53,Student,1,3027.08,2024-02-23T05:00:00,BASELINE_NORMAL,overall_volume
TRANSACTIONS2000BASELINE000641,ACB00041,464.09,2024-02-10T12:00:00,Credit,San Jose,ATM,55,Engineer,1,3460.50,2024-02-06T16:00:00,BASELINE_NORMAL,overall_volume
TRANSACTIONS2000BASELINE000642,ACB00042,313.24,2024-01-22T10:00:00,Debit,Columbus,ATM,46,Student,1,7599.12,2024-01-21T02:00:00,BASELINE_NORMAL,overall_volume
TRANSACTIONS2000BASELINE000643,ACB00043,209.64,2024-02-10T17:00:00,Credit,Colorado Springs,Branch,48,Doctor,2,10425.41,2024-02-08T20:00:00,BASELINE_NORMAL,overall_volume
TRANSACTIONS2000BASELINE000644,ACB00044,537.54,2024-02-12T01:00:00,Debit,Charlotte,ATM,44,Student,1,6321.20,2024-02-09T06:00:00,BASELINE_NORMAL,overall_volume
TRANSACTIONS2000BASELINE000645,ACB00045,380.43,2024-01-25T16:00:00,Debit,Sacramento,Online,41,Student,1,3871.60,2024-01-23T10:00:00,BASELINE_NORMAL,overall_volume
TRANSACTIONS2000BASELINE000646,ACB00046,290.69,2024-02-21T20:00:00,Debit,Philadelphia,ATM,48,Engineer,2,10624.06,2024-02-18T21:00:00,BASELINE_NORMAL,overall_volume
TRANSACTIONS2000BASELINE000647,ACB00047,682.19,2024-01-31T00:00:00,Debit,Boston,Branch,33,Student,1,3977.61,2024-01-30T01:00:00,BASELINE_NORMAL,overall_volume
TRANSACTIONS2000BASELINE000648,ACB00048,147.22,2024-02-14T19:00:00,Debit,Philadelphia,ATM,71,Retired,1,6358.43,2024-02-14T12:00:00,BASELINE_NORMAL,overall_volume
TRANSACTIONS2000BASELINE000649,ACB00049,864.18,2024-02-11T10:00:00,Debit,Virginia Beach,Branch,48,Student,3,6089.20,2024-02-09T23:00:00,BASELINE_NORMAL,overall_volume
TRANSACTIONS2000BASELINE000650,ACB00050,169.93,2024-01-19T11:00:00,Credit,New York,Online,46,Student,2,4436.75,2024-01-15T20:00:00,BASELINE_NORMAL,overall_volume
TRANSACTIONS2000BASELINE000651,ACB00051,314.85,2024-02-15T18:00:00,Debit,El Paso,Branch,42,Doctor,2,6501.38,2024-02-12T19:00:00,BASELINE_NORMAL,overall_volume
TRANSACTIONS2000BASELINE000652,ACB00052,387.41,2024-01-24T14:00:00,Debit,Miami,Branch,40,Student,1,7702.40,2024-01-21T00:00:00,BASELINE_NORMAL,overall_volume
TRANSACTIONS2000BASELINE000653,ACB00053,5.00,2024-01-19T11:00:00,Debit,Raleigh,Online,40,Doctor,1,5181.66,2024-01-17T10:00:00,BASELINE_NORMAL,overall_volume
TRANSACTIONS2000BASELINE000654,ACB00054,519.07,2024-02-10T02:00:00,Debit,Phoenix,Branch,48,Doctor,1,3866.75,2024-02-08T19:00:00,BASELINE_NORMAL,overall_volume
TRANSACTIONS2000BASELINE000655,ACB00055,462.63,2024-02-12T01:00:00,Credit,San Jose,ATM,40,Student,1,4254.23,2024-02-09T11:00:00,BASELINE_NORMAL,overall_volume
TRANSACTIONS2000BASELINE000656,ACB00056,416.78,2024-02-08T10:00:00,Credit,Virginia Beach,Online,40,Doctor,1,5949.81,2024-02-05T00:00:00,BASELINE_NORMAL,overall_volume
TRANSACTIONS2000BASELINE000657,ACB00057,496.18,2024-02-05T17:00:00,Debit,San Jose,ATM,37,Engineer,1,8766.71,2024-02-03T08:00:00,BASELINE_NORMAL,overall_volume
TRANSACTIONS2000BASELINE000658,ACB00058,324.88,2024-01-12T14:00:00,Debit,Tucson,Online,24,Student,1,2008.35,2024-01-08T15:00:00,BASELINE_NORMAL,overall_volume
TRANSACTIONS2000BASELINE000659,ACB00059,43.76,2024-02-15T10:00:00,Debit,Columbus,ATM,40,Engineer,1,223.39,2024-02-13T11:00:00,BASELINE_NORMAL,overall_volume
TRANSACTIONS2000BASELINE000660,ACB00060,73.11,2024-01-22T13:00:00,Debit,Fresno,Online,62,Engineer,2,3689.90,2024-01-22T01:00:00,BASELINE_NORMAL,overall_volume
TRANSACTIONS2000BASELINE000661,ACB00061,423.19,2024-02-15T22:00:00,Debit,Miami,Online,53,Retired,1,4365.86,2024-02-12T11:00:00,BASELINE_NORMAL,overall_volume
TRANSACTIONS2000BASELINE000662,ACB00062,5.00,2024-02-28T06:00:00,Credit,Las Vegas,Branch,50,Engineer,1,4488.99,2024-02-25T14:00:00,BASELINE_NORMAL,overall_volume
TRANSACTIONS2000BASELINE000663,ACB00063,662.08,2024-01-18T22:00:00,Debit,San Diego,Branch,55,Retired,2,9786.02,2024-01-18T08:00:00,BASELINE_NORMAL,overall_volume
TRANSACTIONS2000BASELINE000664,ACB00064,115.42,2024-02-08T23:00:00,Debit,Columbus,ATM,43,Student,1,2533.87,2024-02-07T03:00:00,BASELINE_NORMAL,overall_volume
TRANSACTIONS2000BASELINE000665,ACB00065,59.40,2024-02-19T02:00:00,Debit,San Jose,ATM,47,Doctor,1,9694.04,2024-02-15T03:00:00,BASELINE_NORMAL,overall_volume
TRANSACTIONS2000BASELINE000666,ACB00066,813.47,2024-01-30T06:00:00,Debit,Jacksonville,ATM,44,Doctor,1,2522.36,2024-01-29T21:00:00,BASELINE_NORMAL,overall_volume
TRANSACTIONS2000BASELINE000667,ACB00067,91.35,2024-01-13T04:00:00,Debit,Washington,Online,54,Retired,1,7808.51,2024-01-12T16:00:00,BASELINE_NORMAL,overall_volume
TRANSACTIONS2000BASELINE000668,ACB00068,28.04,2024-02-20T20:00:00,Debit,Miami,Branch,59,Retired,1,3441.09,2024-02-18T14:00:00,BASELINE_NORMAL,overall_volume
TRANSACTIONS2000BASELINE000669,ACB00069,421.02,2024-02-18T11:00:00,Credit,Indianapolis,ATM,46,Retired,1,3423.31,2024-02-16T06:00:00,BASELINE_NORMAL,overall_volume
TRANSACTIONS2000BASELINE000670,ACB00070,787.48,2024-01-26T14:00:00,Debit,Louisville,Online,42,Student,2,3635.26,2024-01-23T17:00:00,BASELINE_NORMAL,overall_volume
TRANSACTIONS2000BASELINE000671,ACB00071,252.12,2024-02-01T17:00:00,Debit,Austin,Branch,56,Retired,2,5797.58,2024-01-30T04:00:00,BASELINE_NORMAL,overall_volume
TRANSACTIONS2000BASELINE000672,ACB00072,486.05,2024-01-29T09:00:00,Debit,Louisville,Branch,37,Student,1,5436.08,2024-01-26T10:00:00,BASELINE_NORMAL,overall_volume
TRANSACTIONS2000BASELINE000673,ACB00073,261.02,2024-01-30T20:00:00,Credit,Chicago,Branch,55,Engineer,3,2601.48,2024-01-29T00:00:00,BASELINE_NORMAL,overall_volume
TRANSACTIONS2000BASELINE000674,ACB00074,270.78,2024-01-31T05:00:00,Credit,Tucson,Branch,45,Student,1,5231.07,2024-01-28T05:00:00,BASELINE_NORMAL,overall_volume
TRANSACTIONS2000BASELINE000675,ACB00075,668.38,2024-02-05T15:00:00,Debit,Houston,ATM,46,Engineer,1,4669.92,2024-02-02T20:00:00,BASELINE_NORMAL,overall_volume
TRANSACTIONS2000BASELINE000676,ACB00076,202.17,2024-02-09T20:00:00,Debit,Fort Worth,Online,68,Retired,1,7205.08,2024-02-05T21:00:00,BASELINE_NORMAL,overall_volume
TRANSACTIONS2000BASELINE000677,ACB00077,147.56,2024-02-20T08:00:00,Debit,Philadelphia,Online,68,Retired,2,4631.33,2024-02-18T18:00:00,BASELINE_NORMAL,overall_volume
TRANSACTIONS2000BASELINE000678,ACB00078,5.00,2024-02-17T23:00:00,Debit,San Diego,Branch,37,Student,3,2850.70,2024-02-14T13:00:00,BASELINE_NORMAL,overall_volume
TRANSACTIONS2000BASELINE000679,ACB00079,5.00,2024-01-27T08:00:00,Debit,Philadelphia,ATM,53,Doctor,1,6783.22,2024-01-26T17:00:00,BASELINE_NORMAL,overall_volume
TRANSACTIONS2000BASELINE000680,ACB00080,242.82,2024-01-25T22:00:00,Debit,Philadelphia,Branch,52,Engineer,1,6955.70,2024-01-22T22:00:00,BASELINE_NORMAL,overall_volume
TRANSACTIONS2000BASELINE000681,ACB00081,153.22,2024-02-22T18:00:00,Debit,Nashville,ATM,48,Student,1,8556.98,2024-02-18T22:00:00,BASELINE_NORMAL,overall_volume
TRANSACTIONS2000BASELINE000682,ACB00082,474.57,2024-02-04T13:00:00,Debit,Kansas City,Branch,52,Doctor,1,10776.53,2024-02-02T04:00:00,BASELINE_NORMAL,overall_volume
TRANSACTIONS2000BASELINE000683,ACB00083,89.16,2024-02-15T13:00:00,Debit,Colorado Springs,Online,35,Student,1,2443.65,2024-02-13T02:00:00,BASELINE_NORMAL,overall_volume
TRANSACTIONS2000BASELINE000684,ACB00084,269.55,2024-02-02T02:00:00,Credit,San Francisco,ATM,48,Engineer,3,4371.38,2024-01-30T13:00:00,BASELINE_NORMAL,overall_volume
TRANSACTIONS2000BASELINE000685,ACB00085,633.62,2024-01-17T00:00:00,Debit,San Diego,Online,46,Engineer,1,7430.47,2024-01-15T03:00:00,BASELINE_NORMAL,overall_volume
TRANSACTIONS2000BASELINE000686,ACB00086,5.00,2024-02-01T15:00:00,Debit,Baltimore,Online,51,Retired,1,2435.15,2024-01-29T15:00:00,BASELINE_NORMAL,overall_volume
TRANSACTIONS2000BASELINE000687,ACB00087,260.63,2024-01-31T09:00:00,Debit,Las Vegas,Branch,49,Doctor,1,3747.06,2024-01-28T05:00:00,BASELINE_NORMAL,overall_volume
TRANSACTIONS2000BASELINE000688,ACB00088,668.73,2024-02-15T22:00:00,Debit,Los Angeles,ATM,52,Retired,1,3886.67,2024-02-12T03:00:00,BASELINE_NORMAL,overall_volume
TRANSACTIONS2000BASELINE000689,ACB00089,62.06,2024-02-12T15:00:00,Debit,Memphis,Online,38,Student,1,1857.90,2024-02-11T16:00:00,BASELINE_NORMAL,overall_volume
TRANSACTIONS2000BASELINE000690,ACB00090,47.30,2024-02-28T20:00:00,Debit,El Paso,ATM,57,Retired,2,8058.99,2024-02-26T10:00:00,BASELINE_NORMAL,overall_volume
TRANSACTIONS2000BASELINE000691,ACB00091,45.45,2024-02-14T12:00:00,Debit,Omaha,ATM,48,Engineer,1,4503.90,2024-02-10T16:00:00,BASELINE_NORMAL,overall_volume
TRANSACTIONS2000BASELINE000692,ACB00092,208.27,2024-02-23T17:00:00,Debit,Milwaukee,Online,37,Student,1,6254.24,2024-02-19T20:00:00,BASELINE_NORMAL,overall_volume
TRANSACTIONS2000BASELINE000693,ACB00093,70.00,2024-02-06T09:00:00,Debit,El Paso,ATM,30,Engineer,1,2529.19,2024-02-03T01:00:00,BASELINE_NORMAL,overall_volume
TRANSACTIONS2000BASELINE000694,ACB00094,5.00,2024-02-20T13:00:00,Credit,Tucson,Branch,59,Retired,1,2900.86,2024-02-17T22:00:00,BASELINE_NORMAL,overall_volume
TRANSACTIONS2000BASELINE000695,ACB00095,176.38,2024-01-17T19:00:00,Debit,Seattle,Online,65,Retired,2,5128.95,2024-01-17T11:00:00,BASELINE_NORMAL,overall_volume
TRANSACTIONS2000BASELINE000696,ACB00096,362.75,2024-01-19T07:00:00,Debit,Miami,ATM,38,Student,2,5775.06,2024-01-17T21:00:00,BASELINE_NORMAL,overall_volume
TRANSACTIONS2000BASELINE000697,ACB00097,827.03,2024-02-22T18:00:00,Debit,Philadelphia,ATM,39,Doctor,1,4653.71,2024-02-20T05:00:00,BASELINE_NORMAL,overall_volume
TRANSACTIONS2000BASELINE000698,ACB00098,469.72,2024-01-18T08:00:00,Debit,San Francisco,Online,47,Retired,1,3730.48,2024-01-16T03:00:00,BASELINE_NORMAL,overall_volume
TRANSACTIONS2000BASELINE000699,ACB00099,80.27,2024-01-16T01:00:00,Debit,Atlanta,Online,44,Student,1,4562.98,2024-01-15T15:00:00,BASELINE_NORMAL,overall_volume
TRANSACTIONS2000BASELINE000700,ACB00100,341.61,2024-02-01T12:00:00,Debit,Houston,Online,36,Doctor,1,5561.60,2024-01-30T05:00:00,BASELINE_NORMAL,overall_volume
TRANSACTIONS2000BASELINE000701,ACB00101,598.76,2024-02-10T23:00:00,Debit,Dallas,Online,28,Student,1,1652.43,2024-02-07T03:00:00,BASELINE_NORMAL,overall_volume
TRANSACTIONS2000BASELINE000702,ACB00102,72.22,2024-01-27T22:00:00,Debit,Columbus,ATM,28,Student,1,6414.41,2024-01-24T01:00:00,BASELINE_NORMAL,overall_volume
TRANSACTIONS2000BASELINE000703,ACB00103,117.87,2024-02-06T18:00:00,Debit,Milwaukee,ATM,26,Student,1,9646.21,2024-02-04T18:00:00,BASELINE_NORMAL,overall_volume
TRANSACTIONS2000BASELINE000704,ACB00104,372.34,2024-02-07T18:00:00,Debit,Seattle,Branch,62,Retired,1,9557.70,2024-02-07T12:00:00,BASELINE_NORMAL,overall_volume
TRANSACTIONS2000BASELINE000705,ACB00105,459.70,2024-02-05T09:00:00,Credit,Mesa,Online,40,Student,2,3769.82,2024-02-04T16:00:00,BASELINE_NORMAL,overall_volume
TRANSACTIONS2000BASELINE000706,ACB00106,987.76,2024-01-29T10:00:00,Credit,Portland,ATM,50,Engineer,3,4214.03,2024-01-28T05:00:00,BASELINE_NORMAL,overall_volume
TRANSACTIONS2000BASELINE000707,ACB00107,198.65,2024-02-15T00:00:00,Debit,Charlotte,Branch,51,Engineer,1,7004.43,2024-02-13T03:00:00,BASELINE_NORMAL,overall_volume
TRANSACTIONS2000BASELINE000708,ACB00108,5.00,2024-01-26T23:00:00,Debit,El Paso,ATM,42,Doctor,3,7327.16,2024-01-26T09:00:00,BASELINE_NORMAL,overall_volume
TRANSACTIONS2000BASELINE000709,ACB00109,185.30,2024-01-17T16:00:00,Debit,Portland,ATM,49,Student,3,7856.64,2024-01-14T21:00:00,BASELINE_NORMAL,overall_volume
TRANSACTIONS2000BASELINE000710,ACB00110,69.04,2024-02-22T04:00:00,Debit,Philadelphia,Online,61,Engineer,1,5650.14,2024-02-21T07:00:00,BASELINE_NORMAL,overall_volume
TRANSACTIONS2000BASELINE000711,ACB00111,210.96,2024-02-04T03:00:00,Debit,Miami,ATM,46,Retired,1,4349.91,2024-02-01T11:00:00,BASELINE_NORMAL,overall_volume
TRANSACTIONS2000BASELINE000712,ACB00112,296.00,2024-01-24T17:00:00,Debit,Indianapolis,ATM,46,Doctor,1,6937.75,2024-01-22T00:00:00,BASELINE_NORMAL,overall_volume
TRANSACTIONS2000BASELINE000713,ACB00113,30.40,2024-02-23T06:00:00,Debit,Indianapolis,Branch,31,Student,1,2240.03,2024-02-21T02:00:00,BASELINE_NORMAL,overall_volume
TRANSACTIONS2000BASELINE000714,ACB00114,777.89,2024-02-13T05:00:00,Debit,Austin,Branch,33,Student,1,4475.27,2024-02-09T11:00:00,BASELINE_NORMAL,overall_volume
TRANSACTIONS2000BASELINE000715,ACB00115,40.25,2024-01-20T02:00:00,Credit,Colorado Springs,Branch,50,Doctor,1,4853.24,2024-01-18T10:00:00,BASELINE_NORMAL,overall_volume
TRANSACTIONS2000BASELINE000716,ACB00116,146.78,2024-02-16T12:00:00,Debit,Atlanta,ATM,53,Student,2,2760.16,2024-02-12T14:00:00,BASELINE_NORMAL,overall_volume
TRANSACTIONS2000BASELINE000717,ACB00117,70.14,2024-02-27T00:00:00,Debit,Virginia Beach,Online,47,Retired,1,5042.88,2024-02-25T09:00:00,BASELINE_NORMAL,overall_volume
TRANSACTIONS2000BASELINE000718,ACB00118,5.00,2024-01-13T12:00:00,Credit,San Francisco,Online,51,Engineer,1,6596.21,2024-01-09T17:00:00,BASELINE_NORMAL,overall_volume
TRANSACTIONS2000BASELINE000719,ACB00119,269.64,2024-02-23T07:00:00,Debit,Austin,ATM,47,Engineer,1,3712.90,2024-02-22T17:00:00,BASELINE_NORMAL,overall_volume
TRANSACTIONS2000BASELINE000720,ACB00120,71.68,2024-01-23T20:00:00,Debit,Columbus,ATM,40,Engineer,1,224.24,2024-01-22T06:00:00,BASELINE_NORMAL,overall_volume
TRANSACTIONS2000BASELINE000721,ACB00001,402.51,2024-01-26T12:00:00,Debit,Denver,ATM,39,Student,1,943.55,2024-01-23T14:00:00,BASELINE_NORMAL,overall_volume
TRANSACTIONS2000BASELINE000722,ACB00002,234.30,2024-01-30T16:00:00,Debit,Portland,Branch,44,Student,1,7100.01,2024-01-28T06:00:00,BASELINE_NORMAL,overall_volume
TRANSACTIONS2000BASELINE000723,ACB00003,195.78,2024-01-13T02:00:00,Debit,Las Vegas,ATM,38,Student,1,4486.78,2024-01-12T13:00:00,BASELINE_NORMAL,overall_volume
TRANSACTIONS2000BASELINE000724,ACB00004,167.62,2024-02-12T12:00:00,Debit,Portland,ATM,55,Doctor,2,6408.88,2024-02-10T07:00:00,BASELINE_NORMAL,overall_volume
TRANSACTIONS2000BASELINE000725,ACB00005,140.28,2024-02-02T23:00:00,Debit,Louisville,Branch,43,Student,1,1441.14,2024-01-30T06:00:00,BASELINE_NORMAL,overall_volume
TRANSACTIONS2000BASELINE000726,ACB00006,99.47,2024-02-25T22:00:00,Debit,Charlotte,ATM,59,Engineer,2,6970.64,2024-02-25T11:00:00,BASELINE_NORMAL,overall_volume
TRANSACTIONS2000BASELINE000727,ACB00007,428.64,2024-01-26T13:00:00,Credit,Atlanta,Online,47,Engineer,1,6259.20,2024-01-22T15:00:00,BASELINE_NORMAL,overall_volume
TRANSACTIONS2000BASELINE000728,ACB00008,466.15,2024-02-19T10:00:00,Debit,Austin,Branch,48,Engineer,2,3582.89,2024-02-18T21:00:00,BASELINE_NORMAL,overall_volume
TRANSACTIONS2000BASELINE000729,ACB00009,135.49,2024-01-21T09:00:00,Debit,Philadelphia,ATM,71,Retired,2,8205.98,2024-01-18T01:00:00,BASELINE_NORMAL,overall_volume
TRANSACTIONS2000BASELINE000730,ACB00010,201.23,2024-01-19T03:00:00,Debit,San Diego,Online,44,Doctor,2,5367.57,2024-01-17T02:00:00,BASELINE_NORMAL,overall_volume
TRANSACTIONS2000BASELINE000731,ACB00011,562.82,2024-01-31T13:00:00,Debit,Charlotte,ATM,59,Retired,2,5445.46,2024-01-30T03:00:00,BASELINE_NORMAL,overall_volume
TRANSACTIONS2000BASELINE000732,ACB00012,139.78,2024-02-13T05:00:00,Debit,Phoenix,ATM,33,Doctor,1,3574.71,2024-02-09T14:00:00,BASELINE_NORMAL,overall_volume
TRANSACTIONS2000BASELINE000733,ACB00013,238.50,2024-01-29T19:00:00,Debit,Charlotte,ATM,53,Engineer,2,7054.97,2024-01-28T11:00:00,BASELINE_NORMAL,overall_volume
TRANSACTIONS2000BASELINE000734,ACB00014,1198.83,2024-02-10T22:00:00,Credit,Atlanta,ATM,34,Engineer,1,3133.51,2024-02-10T06:00:00,BASELINE_NORMAL,overall_volume
TRANSACTIONS2000BASELINE000735,ACB00015,97.72,2024-01-16T20:00:00,Credit,Detroit,Branch,40,Doctor,1,5783.99,2024-01-16T07:00:00,BASELINE_NORMAL,overall_volume
TRANSACTIONS2000BASELINE000736,ACB00016,236.02,2024-01-25T08:00:00,Debit,Denver,Branch,45,Retired,1,2557.16,2024-01-24T15:00:00,BASELINE_NORMAL,overall_volume
TRANSACTIONS2000BASELINE000737,ACB00017,584.57,2024-02-22T00:00:00,Debit,Kansas City,ATM,45,Engineer,1,7739.28,2024-02-18T07:00:00,BASELINE_NORMAL,overall_volume
TRANSACTIONS2000BASELINE000738,ACB00018,88.68,2024-02-11T06:00:00,Debit,Colorado Springs,Online,45,Retired,1,2266.91,2024-02-10T13:00:00,BASELINE_NORMAL,overall_volume
TRANSACTIONS2000BASELINE000739,ACB00019,277.11,2024-02-22T22:00:00,Debit,Milwaukee,ATM,68,Retired,1,3594.28,2024-02-20T04:00:00,BASELINE_NORMAL,overall_volume
TRANSACTIONS2000BASELINE000740,ACB00020,106.31,2024-01-15T08:00:00,Debit,Omaha,Branch,48,Student,1,6035.94,2024-01-12T22:00:00,BASELINE_NORMAL,overall_volume
TRANSACTIONS2000BASELINE000741,ACB00021,272.30,2024-01-13T15:00:00,Debit,San Francisco,Online,48,Engineer,1,4887.91,2024-01-10T18:00:00,BASELINE_NORMAL,overall_volume
TRANSACTIONS2000BASELINE000742,ACB00022,36.80,2024-02-04T04:00:00,Debit,Fresno,Branch,46,Retired,1,3745.44,2024-02-02T02:00:00,BASELINE_NORMAL,overall_volume
TRANSACTIONS2000BASELINE000743,ACB00023,281.05,2024-01-28T11:00:00,Debit,Denver,Online,44,Student,1,6838.57,2024-01-26T10:00:00,BASELINE_NORMAL,overall_volume
TRANSACTIONS2000BASELINE000744,ACB00024,254.67,2024-02-12T15:00:00,Debit,Dallas,Online,31,Student,1,2110.62,2024-02-10T17:00:00,BASELINE_NORMAL,overall_volume
TRANSACTIONS2000BASELINE000745,ACB00025,314.81,2024-02-26T10:00:00,Debit,Seattle,Branch,65,Retired,1,4179.49,2024-02-23T20:00:00,BASELINE_NORMAL,overall_volume
TRANSACTIONS2000BASELINE000746,ACB00026,104.83,2024-02-14T01:00:00,Debit,San Francisco,Branch,43,Student,3,3730.37,2024-02-13T12:00:00,BASELINE_NORMAL,overall_volume
TRANSACTIONS2000BASELINE000747,ACB00027,5.00,2024-01-30T04:00:00,Debit,Los Angeles,Branch,51,Retired,2,2438.69,2024-01-29T18:00:00,BASELINE_NORMAL,overall_volume
TRANSACTIONS2000BASELINE000748,ACB00028,329.37,2024-02-01T00:00:00,Debit,San Diego,Online,25,Student,1,2856.52,2024-01-30T18:00:00,BASELINE_NORMAL,overall_volume
TRANSACTIONS2000BASELINE000749,ACB00029,741.82,2024-02-15T11:00:00,Debit,El Paso,Online,58,Doctor,1,4274.95,2024-02-12T08:00:00,BASELINE_NORMAL,overall_volume
TRANSACTIONS2000BASELINE000750,ACB00030,245.84,2024-03-04T06:00:00,Debit,Colorado Springs,Online,46,Doctor,2,6693.79,2024-03-01T09:00:00,BASELINE_NORMAL,overall_volume
TRANSACTIONS2000BASELINE000751,ACB00031,1596.95,2024-02-06T08:00:00,Debit,Los Angeles,ATM,20,Student,1,1936.96,2024-02-05T03:00:00,BASELINE_NORMAL,overall_volume
TRANSACTIONS2000BASELINE000752,ACB00032,247.98,2024-01-31T12:00:00,Debit,Louisville,Online,39,Student,1,4951.39,2024-01-30T19:00:00,BASELINE_NORMAL,overall_volume
TRANSACTIONS2000BASELINE000753,ACB00033,243.40,2024-01-17T03:00:00,Debit,Detroit,ATM,38,Student,1,2898.63,2024-01-13T13:00:00,BASELINE_NORMAL,overall_volume
TRANSACTIONS2000BASELINE000754,ACB00034,177.13,2024-01-27T12:00:00,Debit,Denver,ATM,38,Engineer,1,763.03,2024-01-24T23:00:00,BASELINE_NORMAL,overall_volume
TRANSACTIONS2000BASELINE000755,ACB00035,217.16,2024-01-17T01:00:00,Debit,Washington,ATM,42,Doctor,1,6706.88,2024-01-14T18:00:00,BASELINE_NORMAL,overall_volume
TRANSACTIONS2000BASELINE000756,ACB00036,606.76,2024-02-22T22:00:00,Debit,Los Angeles,ATM,28,Student,1,2794.64,2024-02-22T09:00:00,BASELINE_NORMAL,overall_volume
TRANSACTIONS2000BASELINE000757,ACB00037,668.53,2024-01-31T07:00:00,Debit,Columbus,ATM,51,Retired,1,3953.35,2024-01-28T02:00:00,BASELINE_NORMAL,overall_volume
TRANSACTIONS2000BASELINE000758,ACB00038,10.16,2024-02-27T11:00:00,Credit,San Francisco,Branch,44,Student,1,3938.43,2024-02-24T16:00:00,BASELINE_NORMAL,overall_volume
TRANSACTIONS2000BASELINE000759,ACB00039,639.81,2024-02-25T08:00:00,Debit,Fort Worth,Online,35,Student,1,1704.30,2024-02-22T02:00:00,BASELINE_NORMAL,overall_volume
TRANSACTIONS2000BASELINE000760,ACB00040,282.48,2024-02-27T11:00:00,Debit,San Francisco,Online,53,Student,1,3159.21,2024-02-25T20:00:00,BASELINE_NORMAL,overall_volume
TRANSACTIONS2000BASELINE000761,ACB00041,12.75,2024-02-12T11:00:00,Credit,Fort Worth,Branch,55,Engineer,1,3311.81,2024-02-10T12:00:00,BASELINE_NORMAL,overall_volume
TRANSACTIONS2000BASELINE000762,ACB00042,311.51,2024-01-22T21:00:00,Debit,Seattle,ATM,46,Student,2,5339.14,2024-01-22T10:00:00,BASELINE_NORMAL,overall_volume
TRANSACTIONS2000BASELINE000763,ACB00043,102.98,2024-02-11T06:00:00,Debit,Colorado Springs,Online,48,Doctor,1,8897.53,2024-02-10T17:00:00,BASELINE_NORMAL,overall_volume
TRANSACTIONS2000BASELINE000764,ACB00044,461.99,2024-02-14T08:00:00,Debit,El Paso,ATM,44,Student,1,5984.37,2024-02-12T01:00:00,BASELINE_NORMAL,overall_volume
TRANSACTIONS2000BASELINE000765,ACB00045,244.61,2024-01-26T03:00:00,Debit,Raleigh,Branch,41,Student,3,4405.27,2024-01-25T16:00:00,BASELINE_NORMAL,overall_volume
TRANSACTIONS2000BASELINE000766,ACB00046,429.13,2024-02-23T19:00:00,Debit,Philadelphia,Online,48,Engineer,1,10489.34,2024-02-21T20:00:00,BASELINE_NORMAL,overall_volume
TRANSACTIONS2000BASELINE000767,ACB00047,994.38,2024-01-31T19:00:00,Debit,Tucson,Online,33,Student,1,5317.37,2024-01-31T00:00:00,BASELINE_NORMAL,overall_volume
TRANSACTIONS2000BASELINE000768,ACB00048,160.87,2024-02-16T23:00:00,Debit,Philadelphia,ATM,71,Retired,1,5794.02,2024-02-14T19:00:00,BASELINE_NORMAL,overall_volume
TRANSACTIONS2000BASELINE000769,ACB00049,306.83,2024-02-14T05:00:00,Debit,Chicago,Online,48,Student,1,7524.26,2024-02-11T10:00:00,BASELINE_NORMAL,overall_volume
TRANSACTIONS2000BASELINE000770,ACB00050,45.59,2024-01-21T14:00:00,Credit,Sacramento,ATM,46,Student,2,4016.90,2024-01-19T11:00:00,BASELINE_NORMAL,overall_volume
TRANSACTIONS2000BASELINE000771,ACB00051,5.00,2024-02-17T13:00:00,Debit,San Antonio,Branch,42,Doctor,1,6258.83,2024-02-15T18:00:00,BASELINE_NORMAL,overall_volume
TRANSACTIONS2000BASELINE000772,ACB00052,1084.98,2024-01-26T20:00:00,Credit,Las Vegas,ATM,40,Student,2,6114.19,2024-01-24T14:00:00,BASELINE_NORMAL,overall_volume
TRANSACTIONS2000BASELINE000773,ACB00053,5.00,2024-01-21T20:00:00,Credit,Raleigh,Online,40,Doctor,1,3570.69,2024-01-19T11:00:00,BASELINE_NORMAL,overall_volume
TRANSACTIONS2000BASELINE000774,ACB00054,512.71,2024-02-13T13:00:00,Credit,Colorado Springs,Online,48,Doctor,1,7114.53,2024-02-10T02:00:00,BASELINE_NORMAL,overall_volume
TRANSACTIONS2000BASELINE000775,ACB00055,135.67,2024-02-15T14:00:00,Debit,San Jose,Online,40,Student,1,5064.10,2024-02-12T01:00:00,BASELINE_NORMAL,overall_volume
TRANSACTIONS2000BASELINE000776,ACB00056,328.38,2024-02-09T02:00:00,Debit,Memphis,Online,40,Doctor,1,5306.30,2024-02-08T10:00:00,BASELINE_NORMAL,overall_volume
TRANSACTIONS2000BASELINE000777,ACB00057,5.00,2024-02-07T16:00:00,Debit,Miami,Branch,37,Engineer,1,7952.88,2024-02-05T17:00:00,BASELINE_NORMAL,overall_volume
TRANSACTIONS2000BASELINE000778,ACB00058,335.49,2024-01-12T21:00:00,Debit,Tucson,Online,24,Student,1,914.96,2024-01-12T14:00:00,BASELINE_NORMAL,overall_volume
TRANSACTIONS2000BASELINE000779,ACB00059,64.78,2024-02-18T09:00:00,Debit,Columbus,ATM,40,Engineer,1,260.07,2024-02-15T10:00:00,BASELINE_NORMAL,overall_volume
TRANSACTIONS2000BASELINE000780,ACB00060,63.88,2024-01-25T08:00:00,Debit,Colorado Springs,Branch,62,Engineer,1,6232.90,2024-01-22T13:00:00,BASELINE_NORMAL,overall_volume
TRANSACTIONS2000BASELINE000781,ACB00061,402.20,2024-02-17T07:00:00,Debit,Phoenix,Online,53,Retired,1,2975.61,2024-02-15T22:00:00,BASELINE_NORMAL,overall_volume
TRANSACTIONS2000BASELINE000782,ACB00062,125.03,2024-03-01T14:00:00,Debit,Phoenix,Online,50,Engineer,1,5324.12,2024-02-28T06:00:00,BASELINE_NORMAL,overall_volume
TRANSACTIONS2000BASELINE000783,ACB00063,398.93,2024-01-22T03:00:00,Credit,San Diego,Branch,55,Retired,1,9827.93,2024-01-18T22:00:00,BASELINE_NORMAL,overall_volume
TRANSACTIONS2000BASELINE000784,ACB00064,162.78,2024-02-12T09:00:00,Debit,Louisville,Branch,43,Student,1,1630.11,2024-02-08T23:00:00,BASELINE_NORMAL,overall_volume
TRANSACTIONS2000BASELINE000785,ACB00065,493.11,2024-02-21T13:00:00,Debit,Fort Worth,Branch,47,Doctor,1,9278.11,2024-02-19T02:00:00,BASELINE_NORMAL,overall_volume
TRANSACTIONS2000BASELINE000786,ACB00066,1175.74,2024-02-02T21:00:00,Debit,Louisville,Branch,44,Doctor,1,2955.67,2024-01-30T06:00:00,BASELINE_NORMAL,overall_volume
TRANSACTIONS2000BASELINE000787,ACB00067,582.99,2024-01-15T09:00:00,Credit,Atlanta,Online,54,Retired,3,5972.74,2024-01-13T04:00:00,BASELINE_NORMAL,overall_volume
TRANSACTIONS2000BASELINE000788,ACB00068,317.93,2024-02-24T03:00:00,Debit,Tucson,Branch,59,Retired,2,3110.56,2024-02-20T20:00:00,BASELINE_NORMAL,overall_volume
TRANSACTIONS2000BASELINE000789,ACB00069,530.21,2024-02-18T18:00:00,Debit,Philadelphia,Branch,46,Retired,1,4029.22,2024-02-18T11:00:00,BASELINE_NORMAL,overall_volume
TRANSACTIONS2000BASELINE000790,ACB00070,5.00,2024-01-29T09:00:00,Debit,Louisville,Online,42,Student,1,2558.26,2024-01-26T14:00:00,BASELINE_NORMAL,overall_volume
TRANSACTIONS2000BASELINE000791,ACB00071,5.00,2024-02-05T05:00:00,Debit,Nashville,Branch,56,Retired,1,4829.30,2024-02-01T17:00:00,BASELINE_NORMAL,overall_volume
TRANSACTIONS2000BASELINE000792,ACB00072,206.96,2024-02-01T03:00:00,Debit,Louisville,Branch,37,Student,1,8061.38,2024-01-29T09:00:00,BASELINE_NORMAL,overall_volume
TRANSACTIONS2000BASELINE000793,ACB00073,76.36,2024-02-02T22:00:00,Debit,Chicago,ATM,55,Engineer,1,4693.08,2024-01-30T20:00:00,BASELINE_NORMAL,overall_volume
TRANSACTIONS2000BASELINE000794,ACB00074,329.11,2024-02-01T09:00:00,Debit,Tucson,Branch,45,Student,1,3580.17,2024-01-31T05:00:00,BASELINE_NORMAL,overall_volume
TRANSACTIONS2000BASELINE000795,ACB00075,318.63,2024-02-08T07:00:00,Debit,Austin,Online,46,Engineer,1,4044.31,2024-02-05T15:00:00,BASELINE_NORMAL,overall_volume
TRANSACTIONS2000BASELINE000796,ACB00076,9.19,2024-02-12T14:00:00,Debit,Fort Worth,ATM,68,Retired,1,3994.53,2024-02-09T20:00:00,BASELINE_NORMAL,overall_volume
TRANSACTIONS2000BASELINE000797,ACB00077,463.42,2024-02-20T20:00:00,Debit,Fort Worth,ATM,68,Retired,2,5208.61,2024-02-20T08:00:00,BASELINE_NORMAL,overall_volume
TRANSACTIONS2000BASELINE000798,ACB00078,5.00,2024-02-19T05:00:00,Debit,San Diego,Online,37,Student,1,3368.00,2024-02-17T23:00:00,BASELINE_NORMAL,overall_volume
TRANSACTIONS2000BASELINE000799,ACB00079,5.00,2024-01-28T23:00:00,Debit,Philadelphia,ATM,53,Doctor,1,8222.57,2024-01-27T08:00:00,BASELINE_NORMAL,overall_volume
TRANSACTIONS2000BASELINE000800,ACB00080,387.85,2024-01-27T03:00:00,Debit,Houston,Branch,52,Engineer,1,6683.31,2024-01-25T22:00:00,BASELINE_NORMAL,overall_volume
TRANSACTIONS2000BASELINE000801,ACB00081,14.18,2024-02-24T06:00:00,Credit,Omaha,ATM,48,Student,1,8608.48,2024-02-22T18:00:00,BASELINE_NORMAL,overall_volume
TRANSACTIONS2000BASELINE000802,ACB00082,497.24,2024-02-04T21:00:00,Debit,Kansas City,Branch,52,Doctor,1,8507.44,2024-02-04T13:00:00,BASELINE_NORMAL,overall_volume
TRANSACTIONS2000BASELINE000803,ACB00083,104.09,2024-02-16T07:00:00,Debit,Miami,Branch,35,Student,1,2939.64,2024-02-15T13:00:00,BASELINE_NORMAL,overall_volume
TRANSACTIONS2000BASELINE000804,ACB00084,110.07,2024-02-02T13:00:00,Credit,San Francisco,Branch,48,Engineer,1,4158.76,2024-02-02T02:00:00,BASELINE_NORMAL,overall_volume
TRANSACTIONS2000BASELINE000805,ACB00085,689.65,2024-01-17T15:00:00,Debit,San Diego,Online,46,Engineer,2,4940.42,2024-01-17T00:00:00,BASELINE_NORMAL,overall_volume
TRANSACTIONS2000BASELINE000806,ACB00086,490.59,2024-02-02T12:00:00,Debit,Los Angeles,Branch,51,Retired,2,2063.82,2024-02-01T15:00:00,BASELINE_NORMAL,overall_volume
TRANSACTIONS2000BASELINE000807,ACB00087,419.26,2024-02-04T05:00:00,Credit,San Diego,ATM,49,Doctor,1,8522.65,2024-01-31T09:00:00,BASELINE_NORMAL,overall_volume
TRANSACTIONS2000BASELINE000808,ACB00088,445.03,2024-02-19T20:00:00,Debit,Dallas,Online,52,Retired,1,5999.85,2024-02-15T22:00:00,BASELINE_NORMAL,overall_volume
TRANSACTIONS2000BASELINE000809,ACB00089,59.37,2024-02-12T22:00:00,Debit,Memphis,ATM,38,Student,2,3521.97,2024-02-12T15:00:00,BASELINE_NORMAL,overall_volume
TRANSACTIONS2000BASELINE000810,ACB00090,47.33,2024-03-02T06:00:00,Debit,El Paso,ATM,57,Retired,1,9248.67,2024-02-28T20:00:00,BASELINE_NORMAL,overall_volume
TRANSACTIONS2000BASELINE000811,ACB00091,191.56,2024-02-16T11:00:00,Debit,Detroit,ATM,48,Engineer,3,6842.57,2024-02-14T12:00:00,BASELINE_NORMAL,overall_volume
TRANSACTIONS2000BASELINE000812,ACB00092,63.63,2024-02-26T21:00:00,Debit,San Antonio,Online,37,Student,2,8459.38,2024-02-23T17:00:00,BASELINE_NORMAL,overall_volume
TRANSACTIONS2000BASELINE000813,ACB00093,64.76,2024-02-09T02:00:00,Debit,Seattle,ATM,30,Engineer,1,1866.04,2024-02-06T09:00:00,BASELINE_NORMAL,overall_volume
TRANSACTIONS2000BASELINE000814,ACB00094,681.61,2024-02-23T01:00:00,Debit,Tucson,ATM,59,Retired,1,3701.70,2024-02-20T13:00:00,BASELINE_NORMAL,overall_volume
TRANSACTIONS2000BASELINE000815,ACB00095,884.71,2024-01-20T01:00:00,Credit,Colorado Springs,Branch,65,Retired,1,7515.63,2024-01-17T19:00:00,BASELINE_NORMAL,overall_volume
TRANSACTIONS2000BASELINE000816,ACB00096,174.53,2024-01-22T08:00:00,Debit,Miami,ATM,38,Student,1,1837.00,2024-01-19T07:00:00,BASELINE_NORMAL,overall_volume
TRANSACTIONS2000BASELINE000817,ACB00097,806.66,2024-02-24T16:00:00,Credit,Milwaukee,Branch,39,Doctor,3,4101.09,2024-02-22T18:00:00,BASELINE_NORMAL,overall_volume
TRANSACTIONS2000BASELINE000818,ACB00098,113.99,2024-01-20T07:00:00,Debit,San Francisco,ATM,47,Retired,1,3045.05,2024-01-18T08:00:00,BASELINE_NORMAL,overall_volume
TRANSACTIONS2000BASELINE000819,ACB00099,66.29,2024-01-16T08:00:00,Debit,Fresno,Online,44,Student,3,7321.04,2024-01-16T01:00:00,BASELINE_NORMAL,overall_volume
TRANSACTIONS2000BASELINE000820,ACB00100,695.48,2024-02-04T02:00:00,Credit,Houston,ATM,36,Doctor,1,2029.83,2024-02-01T12:00:00,BASELINE_NORMAL,overall_volume
TRANSACTIONS2000BASELINE000821,ACB00101,573.09,2024-02-14T00:00:00,Debit,Dallas,Online,28,Student,1,2194.74,2024-02-10T23:00:00,BASELINE_NORMAL,overall_volume
TRANSACTIONS2000BASELINE000822,ACB00102,935.59,2024-01-31T14:00:00,Debit,Fort Worth,ATM,28,Student,1,7580.09,2024-01-27T22:00:00,BASELINE_NORMAL,overall_volume
TRANSACTIONS2000BASELINE000823,ACB00103,101.34,2024-02-08T15:00:00,Debit,Milwaukee,ATM,26,Student,2,5970.58,2024-02-06T18:00:00,BASELINE_NORMAL,overall_volume
TRANSACTIONS2000BASELINE000824,ACB00104,184.73,2024-02-11T01:00:00,Debit,Phoenix,ATM,62,Retired,3,4694.80,2024-02-07T18:00:00,BASELINE_NORMAL,overall_volume
TRANSACTIONS2000BASELINE000825,ACB00105,221.22,2024-02-08T12:00:00,Debit,Mesa,ATM,40,Student,2,4508.55,2024-02-05T09:00:00,BASELINE_NORMAL,overall_volume
TRANSACTIONS2000BASELINE000826,ACB00106,147.50,2024-01-30T06:00:00,Debit,Baltimore,ATM,50,Engineer,1,5979.23,2024-01-29T10:00:00,BASELINE_NORMAL,overall_volume
TRANSACTIONS2000BASELINE000827,ACB00107,493.08,2024-02-17T21:00:00,Debit,Nashville,Branch,51,Engineer,1,4370.19,2024-02-15T00:00:00,BASELINE_NORMAL,overall_volume
TRANSACTIONS2000BASELINE000828,ACB00108,603.63,2024-01-30T00:00:00,Debit,El Paso,ATM,42,Doctor,1,7294.25,2024-01-26T23:00:00,BASELINE_NORMAL,overall_volume
TRANSACTIONS2000BASELINE000829,ACB00109,134.39,2024-01-19T12:00:00,Debit,Portland,Branch,49,Student,1,8981.21,2024-01-17T16:00:00,BASELINE_NORMAL,overall_volume
TRANSACTIONS2000BASELINE000830,ACB00110,257.73,2024-02-23T15:00:00,Debit,Las Vegas,ATM,61,Engineer,1,6464.97,2024-02-22T04:00:00,BASELINE_NORMAL,overall_volume
TRANSACTIONS2000BASELINE000831,ACB00111,5.00,2024-02-05T10:00:00,Debit,Boston,ATM,46,Retired,1,3730.02,2024-02-04T03:00:00,BASELINE_NORMAL,overall_volume
TRANSACTIONS2000BASELINE000832,ACB00112,108.32,2024-01-28T09:00:00,Debit,Atlanta,Online,46,Doctor,1,7077.47,2024-01-24T17:00:00,BASELINE_NORMAL,overall_volume
TRANSACTIONS2000BASELINE000833,ACB00113,365.65,2024-02-27T02:00:00,Debit,Memphis,Branch,31,Student,1,4830.54,2024-02-23T06:00:00,BASELINE_NORMAL,overall_volume
TRANSACTIONS2000BASELINE000834,ACB00114,444.89,2024-02-15T04:00:00,Debit,Tucson,Online,33,Student,1,4467.55,2024-02-13T05:00:00,BASELINE_NORMAL,overall_volume
TRANSACTIONS2000BASELINE000835,ACB00115,41.58,2024-01-22T13:00:00,Credit,Colorado Springs,Branch,50,Doctor,1,8359.13,2024-01-20T02:00:00,BASELINE_NORMAL,overall_volume
TRANSACTIONS2000BASELINE000836,ACB00116,5.00,2024-02-18T13:00:00,Debit,San Francisco,ATM,53,Student,1,5307.39,2024-02-16T12:00:00,BASELINE_NORMAL,overall_volume
TRANSACTIONS2000BASELINE000837,ACB00117,106.03,2024-02-27T16:00:00,Debit,Albuquerque,ATM,47,Retired,1,6221.76,2024-02-27T00:00:00,BASELINE_NORMAL,overall_volume
TRANSACTIONS2000BASELINE000838,ACB00118,216.92,2024-01-14T20:00:00,Credit,San Antonio,Online,51,Engineer,1,5315.99,2024-01-13T12:00:00,BASELINE_NORMAL,overall_volume
TRANSACTIONS2000BASELINE000839,ACB00119,329.90,2024-02-25T21:00:00,Debit,Jacksonville,ATM,47,Engineer,1,8481.33,2024-02-23T07:00:00,BASELINE_NORMAL,overall_volume
TRANSACTIONS2000BASELINE000840,ACB00120,64.74,2024-01-24T02:00:00,Debit,Columbus,ATM,40,Engineer,1,217.35,2024-01-23T20:00:00,BASELINE_NORMAL,overall_volume
TRANSACTIONS2000BASELINE000841,ACB00001,436.69,2024-01-27T12:00:00,Credit,Oklahoma City,ATM,39,Student,1,6672.99,2024-01-26T12:00:00,BASELINE_NORMAL,overall_volume
TRANSACTIONS2000BASELINE000842,ACB00002,5.00,2024-02-02T21:00:00,Debit,Nashville,ATM,44,Student,1,4400.48,2024-01-30T16:00:00,BASELINE_NORMAL,overall_volume
TRANSACTIONS2000BASELINE000843,ACB00003,250.18,2024-01-14T15:00:00,Debit,San Francisco,Online,38,Student,1,3762.34,2024-01-13T02:00:00,BASELINE_NORMAL,overall_volume
TRANSACTIONS2000BASELINE000844,ACB00004,482.80,2024-02-12T20:00:00,Credit,Kansas City,Branch,55,Doctor,1,5165.67,2024-02-12T12:00:00,BASELINE_NORMAL,overall_volume
TRANSACTIONS2000BASELINE000845,ACB00005,92.06,2024-02-05T17:00:00,Debit,Columbus,ATM,43,Student,1,2039.52,2024-02-02T23:00:00,BASELINE_NORMAL,overall_volume
TRANSACTIONS2000BASELINE000846,ACB00006,78.07,2024-02-29T19:00:00,Debit,Miami,Online,59,Engineer,1,1395.30,2024-02-25T22:00:00,BASELINE_NORMAL,overall_volume
TRANSACTIONS2000BASELINE000847,ACB00007,251.74,2024-01-26T22:00:00,Credit,Indianapolis,Online,47,Engineer,1,3691.30,2024-01-26T13:00:00,BASELINE_NORMAL,overall_volume
TRANSACTIONS2000BASELINE000848,ACB00008,1076.09,2024-02-20T07:00:00,Debit,Portland,Branch,48,Engineer,1,5221.34,2024-02-19T10:00:00,BASELINE_NORMAL,overall_volume
TRANSACTIONS2000BASELINE000849,ACB00009,181.88,2024-01-23T08:00:00,Debit,Philadelphia,ATM,71,Retired,1,3457.63,2024-01-21T09:00:00,BASELINE_NORMAL,overall_volume
TRANSACTIONS2000BASELINE000850,ACB00010,503.67,2024-01-22T04:00:00,Debit,Atlanta,ATM,44,Doctor,1,2746.37,2024-01-19T03:00:00,BASELINE_NORMAL,overall_volume
TRANSACTIONS2000BASELINE000851,ACB00011,835.07,2024-02-02T09:00:00,Debit,Detroit,ATM,59,Retired,2,6899.39,2024-01-31T13:00:00,BASELINE_NORMAL,overall_volume
TRANSACTIONS2000BASELINE000852,ACB00012,435.87,2024-02-15T22:00:00,Debit,El Paso,Online,33,Doctor,1,3499.12,2024-02-13T05:00:00,BASELINE_NORMAL,overall_volume
TRANSACTIONS2000BASELINE000853,ACB00013,46.13,2024-02-02T16:00:00,Credit,Las Vegas,Online,53,Engineer,2,7177.21,2024-01-29T19:00:00,BASELINE_NORMAL,overall_volume
TRANSACTIONS2000BASELINE000854,ACB00014,5.00,2024-02-14T00:00:00,Debit,Los Angeles,ATM,34,Engineer,1,5059.86,2024-02-10T22:00:00,BASELINE_NORMAL,overall_volume
TRANSACTIONS2000BASELINE000855,ACB00015,80.82,2024-01-19T01:00:00,Debit,Portland,Online,40,Doctor,1,7381.08,2024-01-16T20:00:00,BASELINE_NORMAL,overall_volume
TRANSACTIONS2000BASELINE000856,ACB00016,156.10,2024-01-26T05:00:00,Debit,Colorado Springs,Branch,45,Retired,1,3523.80,2024-01-25T08:00:00,BASELINE_NORMAL,overall_volume
TRANSACTIONS2000BASELINE000857,ACB00017,223.07,2024-02-24T20:00:00,Debit,New York,ATM,45,Engineer,3,5742.07,2024-02-22T00:00:00,BASELINE_NORMAL,overall_volume
TRANSACTIONS2000BASELINE000858,ACB00018,181.07,2024-02-14T14:00:00,Credit,Charlotte,Branch,45,Retired,2,2495.81,2024-02-11T06:00:00,BASELINE_NORMAL,overall_volume
TRANSACTIONS2000BASELINE000859,ACB00019,246.61,2024-02-23T21:00:00,Debit,Las Vegas,ATM,68,Retired,1,3573.07,2024-02-22T22:00:00,BASELINE_NORMAL,overall_volume
TRANSACTIONS2000BASELINE000860,ACB00020,167.69,2024-01-15T22:00:00,Debit,Austin,Online,48,Student,1,4306.26,2024-01-15T08:00:00,BASELINE_NORMAL,overall_volume
TRANSACTIONS2000BASELINE000861,ACB00021,235.10,2024-01-15T02:00:00,Credit,San Francisco,Online,48,Engineer,2,2704.71,2024-01-13T15:00:00,BASELINE_NORMAL,overall_volume
TRANSACTIONS2000BASELINE000862,ACB00022,353.25,2024-02-06T10:00:00,Debit,San Antonio,ATM,46,Retired,1,1604.27,2024-02-04T04:00:00,BASELINE_NORMAL,overall_volume
TRANSACTIONS2000BASELINE000863,ACB00023,544.38,2024-01-31T16:00:00,Debit,San Diego,Online,44,Student,1,7793.54,2024-01-28T11:00:00,BASELINE_NORMAL,overall_volume
TRANSACTIONS2000BASELINE000864,ACB00024,376.49,2024-02-14T19:00:00,Debit,New York,Online,31,Student,1,1875.88,2024-02-12T15:00:00,BASELINE_NORMAL,overall_volume
TRANSACTIONS2000BASELINE000865,ACB00025,213.31,2024-02-29T05:00:00,Credit,Sacramento,ATM,65,Retired,1,3109.53,2024-02-26T10:00:00,BASELINE_NORMAL,overall_volume
TRANSACTIONS2000BASELINE000866,ACB00026,242.53,2024-02-14T09:00:00,Debit,Nashville,Branch,43,Student,3,4855.99,2024-02-14T01:00:00,BASELINE_NORMAL,overall_volume
TRANSACTIONS2000BASELINE000867,ACB00027,469.40,2024-02-01T18:00:00,Debit,Los Angeles,Branch,51,Retired,2,1834.36,2024-01-30T04:00:00,BASELINE_NORMAL,overall_volume
TRANSACTIONS2000BASELINE000868,ACB00028,525.36,2024-02-03T00:00:00,Credit,Boston,Online,25,Student,3,3989.97,2024-02-01T00:00:00,BASELINE_NORMAL,overall_volume
TRANSACTIONS2000BASELINE000869,ACB00029,5.00,2024-02-17T03:00:00,Debit,Tucson,ATM,58,Doctor,2,4744.69,2024-02-15T11:00:00,BASELINE_NORMAL,overall_volume
TRANSACTIONS2000BASELINE000870,ACB00030,372.91,2024-03-06T02:00:00,Debit,Colorado Springs,Online,46,Doctor,1,7218.17,2024-03-04T06:00:00,BASELINE_NORMAL,overall_volume
TRANSACTIONS2000BASELINE000871,ACB00031,227.05,2024-02-08T16:00:00,Debit,Los Angeles,ATM,20,Student,1,1636.29,2024-02-06T08:00:00,BASELINE_NORMAL,overall_volume
TRANSACTIONS2000BASELINE000872,ACB00032,300.70,2024-02-03T19:00:00,Debit,Louisville,Online,39,Student,1,7102.74,2024-01-31T12:00:00,BASELINE_NORMAL,overall_volume
TRANSACTIONS2000BASELINE000873,ACB00033,557.77,2024-01-20T16:00:00,Debit,Tucson,ATM,38,Student,1,3813.25,2024-01-17T03:00:00,BASELINE_NORMAL,overall_volume
TRANSACTIONS2000BASELINE000874,ACB00034,173.56,2024-01-30T05:00:00,Debit,Denver,ATM,38,Engineer,2,470.46,2024-01-27T12:00:00,BASELINE_NORMAL,overall_volume
TRANSACTIONS2000BASELINE000875,ACB00035,126.95,2024-01-20T20:00:00,Debit,Atlanta,ATM,42,Doctor,1,5494.58,2024-01-17T01:00:00,BASELINE_NORMAL,overall_volume
TRANSACTIONS2000BASELINE000876,ACB00036,361.26,2024-02-26T07:00:00,Credit,San Francisco,ATM,28,Student,2,3721.97,2024-02-22T22:00:00,BASELINE_NORMAL,overall_volume
TRANSACTIONS2000BASELINE000877,ACB00037,235.52,2024-02-02T13:00:00,Debit,Las Vegas,Online,51,Retired,1,3032.33,2024-01-31T07:00:00,BASELINE_NORMAL,overall_volume
TRANSACTIONS2000BASELINE000878,ACB00038,284.39,2024-03-02T08:00:00,Debit,Baltimore,Branch,44,Student,1,4349.40,2024-02-27T11:00:00,BASELINE_NORMAL,overall_volume
TRANSACTIONS2000BASELINE000879,ACB00039,377.23,2024-02-29T04:00:00,Debit,Colorado Springs,Branch,35,Student,1,2853.97,2024-02-25T08:00:00,BASELINE_NORMAL,overall_volume
TRANSACTIONS2000BASELINE000880,ACB00040,228.82,2024-03-01T05:00:00,Credit,Houston,Online,53,Student,1,4277.21,2024-02-27T11:00:00,BASELINE_NORMAL,overall_volume
TRANSACTIONS2000BASELINE000881,ACB00041,467.25,2024-02-13T08:00:00,Debit,Fort Worth,ATM,55,Engineer,1,4402.23,2024-02-12T11:00:00,BASELINE_NORMAL,overall_volume
TRANSACTIONS2000BASELINE000882,ACB00042,1236.51,2024-01-24T18:00:00,Debit,Columbus,ATM,46,Student,1,7155.34,2024-01-22T21:00:00,BASELINE_NORMAL,overall_volume
TRANSACTIONS2000BASELINE000883,ACB00043,5.00,2024-02-12T04:00:00,Debit,Columbus,Online,48,Doctor,3,6138.69,2024-02-11T06:00:00,BASELINE_NORMAL,overall_volume
TRANSACTIONS2000BASELINE000884,ACB00044,330.91,2024-02-17T02:00:00,Debit,Los Angeles,ATM,44,Student,1,4036.98,2024-02-14T08:00:00,BASELINE_NORMAL,overall_volume
TRANSACTIONS2000BASELINE000885,ACB00045,205.60,2024-01-27T06:00:00,Debit,San Francisco,Branch,41,Student,1,3195.63,2024-01-26T03:00:00,BASELINE_NORMAL,overall_volume
TRANSACTIONS2000BASELINE000886,ACB00046,346.03,2024-02-24T01:00:00,Debit,Houston,ATM,48,Engineer,1,8049.23,2024-02-23T19:00:00,BASELINE_NORMAL,overall_volume
TRANSACTIONS2000BASELINE000887,ACB00047,20.25,2024-02-01T01:00:00,Debit,Tucson,Branch,33,Student,1,4310.29,2024-01-31T19:00:00,BASELINE_NORMAL,overall_volume
TRANSACTIONS2000BASELINE000888,ACB00048,146.77,2024-02-18T05:00:00,Debit,Philadelphia,ATM,71,Retired,1,3274.84,2024-02-16T23:00:00,BASELINE_NORMAL,overall_volume
TRANSACTIONS2000BASELINE000889,ACB00049,931.21,2024-02-16T19:00:00,Debit,Virginia Beach,Online,48,Student,1,7192.04,2024-02-14T05:00:00,BASELINE_NORMAL,overall_volume
TRANSACTIONS2000BASELINE000890,ACB00050,137.04,2024-01-24T06:00:00,Debit,Raleigh,Branch,46,Student,1,5735.96,2024-01-21T14:00:00,BASELINE_NORMAL,overall_volume
TRANSACTIONS2000BASELINE000891,ACB00051,5.00,2024-02-18T14:00:00,Debit,Colorado Springs,Branch,42,Doctor,1,7031.72,2024-02-17T13:00:00,BASELINE_NORMAL,overall_volume
TRANSACTIONS2000BASELINE000892,ACB00052,974.83,2024-01-28T11:00:00,Credit,Miami,ATM,40,Student,1,3704.76,2024-01-26T20:00:00,BASELINE_NORMAL,overall_volume
TRANSACTIONS2000BASELINE000893,ACB00053,70.65,2024-01-25T17:00:00,Debit,Portland,ATM,40,Doctor,1,5624.95,2024-01-21T20:00:00,BASELINE_NORMAL,overall_volume
TRANSACTIONS2000BASELINE000894,ACB00054,5.00,2024-02-16T15:00:00,Debit,Columbus,Branch,48,Doctor,2,11524.73,2024-02-13T13:00:00,BASELINE_NORMAL,overall_volume
TRANSACTIONS2000BASELINE000895,ACB00055,130.14,2024-02-19T08:00:00,Debit,San Francisco,Online,40,Student,2,4185.73,2024-02-15T14:00:00,BASELINE_NORMAL,overall_volume
TRANSACTIONS2000BASELINE000896,ACB00056,632.85,2024-02-11T04:00:00,Debit,Portland,Online,40,Doctor,2,4126.34,2024-02-09T02:00:00,BASELINE_NORMAL,overall_volume
TRANSACTIONS2000BASELINE000897,ACB00057,150.37,2024-02-08T01:00:00,Credit,Colorado Springs,ATM,37,Engineer,1,5651.44,2024-02-07T16:00:00,BASELINE_NORMAL,overall_volume
TRANSACTIONS2000BASELINE000898,ACB00058,317.82,2024-01-14T14:00:00,Debit,Tucson,Online,24,Student,1,905.81,2024-01-12T21:00:00,BASELINE_NORMAL,overall_volume
TRANSACTIONS2000BASELINE000899,ACB00059,47.59,2024-02-20T14:00:00,Debit,Columbus,ATM,40,Engineer,2,251.13,2024-02-18T09:00:00,BASELINE_NORMAL,overall_volume
TRANSACTIONS2000BASELINE000900,ACB00060,67.33,2024-01-29T08:00:00,Debit,San Diego,Branch,62,Engineer,1,3278.09,2024-01-25T08:00:00,BASELINE_NORMAL,overall_volume
TRANSACTIONS2000BASELINE000901,ACB00061,493.00,2024-02-20T06:00:00,Debit,Columbus,Branch,53,Retired,1,2060.88,2024-02-17T07:00:00,BASELINE_NORMAL,overall_volume
TRANSACTIONS2000BASELINE000902,ACB00062,399.84,2024-03-03T05:00:00,Debit,Louisville,Online,50,Engineer,1,5325.09,2024-03-01T14:00:00,BASELINE_NORMAL,overall_volume
TRANSACTIONS2000BASELINE000903,ACB00063,463.13,2024-01-22T17:00:00,Credit,San Diego,ATM,55,Retired,1,7419.55,2024-01-22T03:00:00,BASELINE_NORMAL,overall_volume
TRANSACTIONS2000BASELINE000904,ACB00064,108.32,2024-02-14T05:00:00,Debit,Columbus,Branch,43,Student,1,1136.11,2024-02-12T09:00:00,BASELINE_NORMAL,overall_volume
TRANSACTIONS2000BASELINE000905,ACB00065,117.42,2024-02-23T02:00:00,Credit,Baltimore,ATM,47,Doctor,1,10095.96,2024-02-21T13:00:00,BASELINE_NORMAL,overall_volume
TRANSACTIONS2000BASELINE000906,ACB00066,560.42,2024-02-03T22:00:00,Debit,Philadelphia,Branch,44,Doctor,2,2870.30,2024-02-02T21:00:00,BASELINE_NORMAL,overall_volume
TRANSACTIONS2000BASELINE000907,ACB00067,255.18,2024-01-17T12:00:00,Debit,Jacksonville,Online,54,Retired,3,4596.25,2024-01-15T09:00:00,BASELINE_NORMAL,overall_volume
TRANSACTIONS2000BASELINE000908,ACB00068,631.16,2024-02-25T05:00:00,Debit,Oklahoma City,ATM,59,Retired,1,4224.70,2024-02-24T03:00:00,BASELINE_NORMAL,overall_volume
TRANSACTIONS2000BASELINE000909,ACB00069,246.24,2024-02-19T01:00:00,Credit,San Diego,Online,46,Retired,1,4620.79,2024-02-18T18:00:00,BASELINE_NORMAL,overall_volume
TRANSACTIONS2000BASELINE000910,ACB00070,61.83,2024-01-30T19:00:00,Debit,Seattle,ATM,42,Student,1,3473.61,2024-01-29T09:00:00,BASELINE_NORMAL,overall_volume
TRANSACTIONS2000BASELINE000911,ACB00071,466.87,2024-02-07T08:00:00,Debit,Austin,ATM,56,Retired,1,2816.78,2024-02-05T05:00:00,BASELINE_NORMAL,overall_volume
TRANSACTIONS2000BASELINE000912,ACB00072,5.00,2024-02-03T21:00:00,Debit,Indianapolis,ATM,37,Student,1,9453.33,2024-02-01T03:00:00,BASELINE_NORMAL,overall_volume
TRANSACTIONS2000BASELINE000913,ACB00073,222.97,2024-02-05T09:00:00,Credit,Chicago,Branch,55,Engineer,1,2625.48,2024-02-02T22:00:00,BASELINE_NORMAL,overall_volume
TRANSACTIONS2000BASELINE000914,ACB00074,78.04,2024-02-04T07:00:00,Debit,Tucson,Branch,45,Student,1,4691.48,2024-02-01T09:00:00,BASELINE_NORMAL,overall_volume
TRANSACTIONS2000BASELINE000915,ACB00075,295.42,2024-02-09T06:00:00,Credit,San Diego,Online,46,Engineer,1,6038.78,2024-02-08T07:00:00,BASELINE_NORMAL,overall_volume
TRANSACTIONS2000BASELINE000916,ACB00076,672.19,2024-02-13T21:00:00,Debit,Fort Worth,Online,68,Retired,3,3494.05,2024-02-12T14:00:00,BASELINE_NORMAL,overall_volume
TRANSACTIONS2000BASELINE000917,ACB00077,562.08,2024-02-23T22:00:00,Debit,Fort Worth,ATM,68,Retired,1,5027.25,2024-02-20T20:00:00,BASELINE_NORMAL,overall_volume
TRANSACTIONS2000BASELINE000918,ACB00078,181.02,2024-02-21T23:00:00,Debit,Denver,Online,37,Student,1,1939.96,2024-02-19T05:00:00,BASELINE_NORMAL,overall_volume
TRANSACTIONS2000BASELINE000919,ACB00079,5.00,2024-01-29T21:00:00,Debit,San Francisco,ATM,53,Doctor,1,7426.29,2024-01-28T23:00:00,BASELINE_NORMAL,overall_volume
TRANSACTIONS2000BASELINE000920,ACB00080,919.59,2024-01-27T15:00:00,Debit,Houston,Branch,52,Engineer,1,7856.17,2024-01-27T03:00:00,BASELINE_NORMAL,overall_volume
TRANSACTIONS2000BASELINE000921,ACB00081,13.66,2024-02-26T10:00:00,Debit,Memphis,ATM,48,Student,1,7287.74,2024-02-24T06:00:00,BASELINE_NORMAL,overall_volume
TRANSACTIONS2000BASELINE000922,ACB00082,495.79,2024-02-07T18:00:00,Debit,Kansas City,Branch,52,Doctor,1,9650.27,2024-02-04T21:00:00,BASELINE_NORMAL,overall_volume
TRANSACTIONS2000BASELINE000923,ACB00083,392.69,2024-02-19T17:00:00,Debit,Raleigh,ATM,35,Student,1,1091.19,2024-02-16T07:00:00,BASELINE_NORMAL,overall_volume
TRANSACTIONS2000BASELINE000924,ACB00084,333.14,2024-02-06T05:00:00,Credit,San Francisco,ATM,48,Engineer,1,4254.08,2024-02-02T13:00:00,BASELINE_NORMAL,overall_volume
TRANSACTIONS2000BASELINE000925,ACB00085,5.00,2024-01-18T13:00:00,Debit,Austin,Online,46,Engineer,3,5865.18,2024-01-17T15:00:00,BASELINE_NORMAL,overall_volume
TRANSACTIONS2000BASELINE000926,ACB00086,139.50,2024-02-04T04:00:00,Debit,Baltimore,Online,51,Retired,1,2477.05,2024-02-02T12:00:00,BASELINE_NORMAL,overall_volume
TRANSACTIONS2000BASELINE000927,ACB00087,186.61,2024-02-05T09:00:00,Debit,Seattle,ATM,49,Doctor,1,5143.92,2024-02-04T05:00:00,BASELINE_NORMAL,overall_volume
TRANSACTIONS2000BASELINE000928,ACB00088,450.44,2024-02-22T02:00:00,Debit,Charlotte,Online,52,Retired,1,5110.53,2024-02-19T20:00:00,BASELINE_NORMAL,overall_volume
TRANSACTIONS2000BASELINE000929,ACB00089,658.61,2024-02-15T13:00:00,Debit,Tucson,Online,38,Student,1,1807.44,2024-02-12T22:00:00,BASELINE_NORMAL,overall_volume
TRANSACTIONS2000BASELINE000930,ACB00090,27.44,2024-03-05T22:00:00,Debit,El Paso,ATM,57,Retired,1,9524.29,2024-03-02T06:00:00,BASELINE_NORMAL,overall_volume
TRANSACTIONS2000BASELINE000931,ACB00091,5.00,2024-02-17T16:00:00,Credit,Fresno,ATM,48,Engineer,2,5811.00,2024-02-16T11:00:00,BASELINE_NORMAL,overall_volume
TRANSACTIONS2000BASELINE000932,ACB00092,877.15,2024-03-01T07:00:00,Credit,Albuquerque,ATM,37,Student,1,6065.08,2024-02-26T21:00:00,BASELINE_NORMAL,overall_volume
TRANSACTIONS2000BASELINE000933,ACB00093,24.44,2024-02-11T02:00:00,Debit,Seattle,Online,30,Engineer,2,2416.96,2024-02-09T02:00:00,BASELINE_NORMAL,overall_volume
TRANSACTIONS2000BASELINE000934,ACB00094,804.16,2024-02-25T02:00:00,Debit,Oklahoma City,Branch,59,Retired,1,3155.19,2024-02-23T01:00:00,BASELINE_NORMAL,overall_volume
TRANSACTIONS2000BASELINE000935,ACB00095,382.33,2024-01-21T13:00:00,Debit,Seattle,Online,65,Retired,2,5050.44,2024-01-20T01:00:00,BASELINE_NORMAL,overall_volume
TRANSACTIONS2000BASELINE000936,ACB00096,266.68,2024-01-26T03:00:00,Debit,Nashville,ATM,38,Student,3,1858.42,2024-01-22T08:00:00,BASELINE_NORMAL,overall_volume
TRANSACTIONS2000BASELINE000937,ACB00097,79.56,2024-02-26T13:00:00,Credit,Atlanta,Online,39,Doctor,1,5530.53,2024-02-24T16:00:00,BASELINE_NORMAL,overall_volume
TRANSACTIONS2000BASELINE000938,ACB00098,140.78,2024-01-22T16:00:00,Debit,Miami,ATM,47,Retired,1,3603.84,2024-01-20T07:00:00,BASELINE_NORMAL,overall_volume
TRANSACTIONS2000BASELINE000939,ACB00099,222.93,2024-01-19T13:00:00,Debit,Fresno,ATM,44,Student,1,5275.86,2024-01-16T08:00:00,BASELINE_NORMAL,overall_volume
TRANSACTIONS2000BASELINE000940,ACB00100,670.77,2024-02-07T18:00:00,Debit,Phoenix,ATM,36,Doctor,2,5516.21,2024-02-04T02:00:00,BASELINE_NORMAL,overall_volume
TRANSACTIONS2000BASELINE000941,ACB00101,600.32,2024-02-16T22:00:00,Debit,Dallas,Online,28,Student,2,2227.18,2024-02-14T00:00:00,BASELINE_NORMAL,overall_volume
TRANSACTIONS2000BASELINE000942,ACB00102,5.00,2024-02-02T17:00:00,Debit,Columbus,Online,28,Student,3,9200.98,2024-01-31T14:00:00,BASELINE_NORMAL,overall_volume
TRANSACTIONS2000BASELINE000943,ACB00103,99.35,2024-02-10T15:00:00,Debit,Milwaukee,ATM,26,Student,1,8475.94,2024-02-08T15:00:00,BASELINE_NORMAL,overall_volume
TRANSACTIONS2000BASELINE000944,ACB00104,259.15,2024-02-14T11:00:00,Debit,Phoenix,Branch,62,Retired,1,4004.92,2024-02-11T01:00:00,BASELINE_NORMAL,overall_volume
TRANSACTIONS2000BASELINE000945,ACB00105,49.34,2024-02-08T23:00:00,Debit,San Jose,Online,40,Student,1,3080.15,2024-02-08T12:00:00,BASELINE_NORMAL,overall_volume
TRANSACTIONS2000BASELINE000946,ACB00106,515.40,2024-01-30T13:00:00,Debit,Omaha,Online,50,Engineer,1,3897.68,2024-01-30T06:00:00,BASELINE_NORMAL,overall_volume
TRANSACTIONS2000BASELINE000947,ACB00107,503.90,2024-02-21T05:00:00,Debit,Nashville,Branch,51,Engineer,1,3984.54,2024-02-17T21:00:00,BASELINE_NORMAL,overall_volume
TRANSACTIONS2000BASELINE000948,ACB00108,109.52,2024-01-31T20:00:00,Debit,San Antonio,ATM,42,Doctor,1,8590.45,2024-01-30T00:00:00,BASELINE_NORMAL,overall_volume
TRANSACTIONS2000BASELINE000949,ACB00109,157.04,2024-01-20T22:00:00,Debit,Portland,ATM,49,Student,1,8802.53,2024-01-19T12:00:00,BASELINE_NORMAL,overall_volume
TRANSACTIONS2000BASELINE000950,ACB00110,199.89,2024-02-23T21:00:00,Debit,Nashville,Online,61,Engineer,3,5374.30,2024-02-23T15:00:00,BASELINE_NORMAL,overall_volume
TRANSACTIONS2000BASELINE000951,ACB00111,5.00,2024-02-07T12:00:00,Debit,Boston,Branch,46,Retired,2,4201.56,2024-02-05T10:00:00,BASELINE_NORMAL,overall_volume
TRANSACTIONS2000BASELINE000952,ACB00112,242.47,2024-01-31T07:00:00,Credit,Albuquerque,Branch,46,Doctor,1,7927.83,2024-01-28T09:00:00,BASELINE_NORMAL,overall_volume
TRANSACTIONS2000BASELINE000953,ACB00113,1105.94,2024-02-29T08:00:00,Credit,Detroit,Branch,31,Student,2,3185.42,2024-02-27T02:00:00,BASELINE_NORMAL,overall_volume
TRANSACTIONS2000BASELINE000954,ACB00114,1121.45,2024-02-18T00:00:00,Debit,Sacramento,Branch,33,Student,1,4403.09,2024-02-15T04:00:00,BASELINE_NORMAL,overall_volume
TRANSACTIONS2000BASELINE000955,ACB00115,74.65,2024-01-25T23:00:00,Credit,Colorado Springs,Branch,50,Doctor,1,11828.20,2024-01-22T13:00:00,BASELINE_NORMAL,overall_volume
TRANSACTIONS2000BASELINE000956,ACB00116,250.05,2024-02-19T07:00:00,Debit,San Antonio,ATM,53,Student,2,5438.39,2024-02-18T13:00:00,BASELINE_NORMAL,overall_volume
TRANSACTIONS2000BASELINE000957,ACB00117,97.04,2024-02-28T14:00:00,Debit,Virginia Beach,ATM,47,Retired,1,8877.08,2024-02-27T16:00:00,BASELINE_NORMAL,overall_volume
TRANSACTIONS2000BASELINE000958,ACB00118,273.46,2024-01-18T02:00:00,Debit,Phoenix,Online,51,Engineer,3,7539.31,2024-01-14T20:00:00,BASELINE_NORMAL,overall_volume
TRANSACTIONS2000BASELINE000959,ACB00119,277.73,2024-02-26T22:00:00,Debit,Mesa,ATM,47,Engineer,1,8106.00,2024-02-25T21:00:00,BASELINE_NORMAL,overall_volume
TRANSACTIONS2000BASELINE000960,ACB00120,65.09,2024-01-26T15:00:00,Debit,Columbus,ATM,40,Engineer,1,215.92,2024-01-24T02:00:00,BASELINE_NORMAL,overall_volume
TRANSACTIONS2000BASELINE000961,ACB00001,5.00,2024-01-30T21:00:00,Debit,Las Vegas,ATM,39,Student,1,4237.87,2024-01-27T12:00:00,BASELINE_NORMAL,overall_volume
TRANSACTIONS2000BASELINE000962,ACB00002,709.32,2024-02-04T22:00:00,Debit,Portland,ATM,44,Student,1,3436.65,2024-02-02T21:00:00,BASELINE_NORMAL,overall_volume
TRANSACTIONS2000BASELINE000963,ACB00003,669.53,2024-01-16T10:00:00,Debit,Oklahoma City,Online,38,Student,1,4295.66,2024-01-14T15:00:00,BASELINE_NORMAL,overall_volume
TRANSACTIONS2000BASELINE000964,ACB00004,161.66,2024-02-15T05:00:00,Credit,Boston,Branch,55,Doctor,1,7951.64,2024-02-12T20:00:00,BASELINE_NORMAL,overall_volume
TRANSACTIONS2000BASELINE000965,ACB00005,121.86,2024-02-08T06:00:00,Credit,Columbus,Online,43,Student,1,1631.89,2024-02-05T17:00:00,BASELINE_NORMAL,overall_volume
TRANSACTIONS2000BASELINE000966,ACB00006,97.53,2024-03-02T05:00:00,Debit,Charlotte,Online,59,Engineer,2,5550.15,2024-02-29T19:00:00,BASELINE_NORMAL,overall_volume
TRANSACTIONS2000BASELINE000967,ACB00007,53.81,2024-01-30T05:00:00,Debit,Phoenix,ATM,47,Engineer,1,3666.01,2024-01-26T22:00:00,BASELINE_NORMAL,overall_volume
TRANSACTIONS2000BASELINE000968,ACB00008,710.94,2024-02-22T00:00:00,Debit,Memphis,Online,48,Engineer,2,7450.43,2024-02-20T07:00:00,BASELINE_NORMAL,overall_volume
TRANSACTIONS2000BASELINE000969,ACB00009,141.47,2024-01-26T10:00:00,Debit,Philadelphia,ATM,71,Retired,1,2914.63,2024-01-23T08:00:00,BASELINE_NORMAL,overall_volume
TRANSACTIONS2000BASELINE000970,ACB00010,1030.30,2024-01-25T18:00:00,Debit,Los Angeles,ATM,44,Doctor,2,4612.10,2024-01-22T04:00:00,BASELINE_NORMAL,overall_volume
TRANSACTIONS2000BASELINE000971,ACB00011,932.31,2024-02-03T12:00:00,Debit,Phoenix,ATM,59,Retired,1,6688.75,2024-02-02T09:00:00,BASELINE_NORMAL,overall_volume
TRANSACTIONS2000BASELINE000972,ACB00012,907.10,2024-02-19T16:00:00,Debit,Phoenix,ATM,33,Doctor,1,3935.20,2024-02-15T22:00:00,BASELINE_NORMAL,overall_volume
TRANSACTIONS2000BASELINE000973,ACB00013,231.40,2024-02-05T09:00:00,Debit,Las Vegas,ATM,53,Engineer,1,4871.58,2024-02-02T16:00:00,BASELINE_NORMAL,overall_volume
TRANSACTIONS2000BASELINE000974,ACB00014,1264.26,2024-02-15T00:00:00,Credit,Indianapolis,ATM,34,Engineer,2,4164.97,2024-02-14T00:00:00,BASELINE_NORMAL,overall_volume
TRANSACTIONS2000BASELINE000975,ACB00015,176.09,2024-01-20T05:00:00,Debit,Dallas,Online,40,Doctor,1,6104.80,2024-01-19T01:00:00,BASELINE_NORMAL,overall_volume
TRANSACTIONS2000BASELINE000976,ACB00016,209.78,2024-01-27T03:00:00,Debit,Atlanta,Online,45,Retired,1,2675.69,2024-01-26T05:00:00,BASELINE_NORMAL,overall_volume
TRANSACTIONS2000BASELINE000977,ACB00017,198.26,2024-02-27T12:00:00,Debit,Kansas City,ATM,45,Engineer,3,5329.42,2024-02-24T20:00:00,BASELINE_NORMAL,overall_volume
TRANSACTIONS2000BASELINE000978,ACB00018,86.05,2024-02-16T13:00:00,Credit,Charlotte,Branch,45,Retired,1,2578.32,2024-02-14T14:00:00,BASELINE_NORMAL,overall_volume
TRANSACTIONS2000BASELINE000979,ACB00019,340.90,2024-02-24T18:00:00,Debit,Milwaukee,ATM,68,Retired,1,3838.19,2024-02-23T21:00:00,BASELINE_NORMAL,overall_volume
TRANSACTIONS2000BASELINE000980,ACB00020,196.61,2024-01-16T11:00:00,Debit,Milwaukee,Branch,48,Student,1,7462.83,2024-01-15T22:00:00,BASELINE_NORMAL,overall_volume
TRANSACTIONS2000BASELINE000981,ACB00021,233.01,2024-01-15T13:00:00,Debit,Baltimore,ATM,48,Engineer,1,4566.29,2024-01-15T02:00:00,BASELINE_NORMAL,overall_volume
TRANSACTIONS2000BASELINE000982,ACB00022,140.33,2024-02-08T20:00:00,Debit,Fresno,Branch,46,Retired,1,2895.81,2024-02-06T10:00:00,BASELINE_NORMAL,overall_volume
TRANSACTIONS2000BASELINE000983,ACB00023,5.00,2024-02-02T19:00:00,Debit,Seattle,ATM,44,Student,1,8304.74,2024-01-31T16:00:00,BASELINE_NORMAL,overall_volume
TRANSACTIONS2000BASELINE000984,ACB00024,183.30,2024-02-18T02:00:00,Credit,Virginia Beach,Online,31,Student,1,4096.66,2024-02-14T19:00:00,BASELINE_NORMAL,overall_volume
TRANSACTIONS2000BASELINE000985,ACB00025,800.80,2024-03-02T09:00:00,Debit,Sacramento,ATM,65,Retired,1,3885.24,2024-02-29T05:00:00,BASELINE_NORMAL,overall_volume
TRANSACTIONS2000BASELINE000986,ACB00026,234.74,2024-02-16T10:00:00,Debit,Kansas City,Branch,43,Student,1,3770.82,2024-02-14T09:00:00,BASELINE_NORMAL,overall_volume
TRANSACTIONS2000BASELINE000987,ACB00027,572.29,2024-02-04T06:00:00,Debit,Denver,Branch,51,Retired,1,2530.82,2024-02-01T18:00:00,BASELINE_NORMAL,overall_volume
TRANSACTIONS2000BASELINE000988,ACB00028,453.94,2024-02-05T23:00:00,Debit,Louisville,Online,25,Student,2,2419.32,2024-02-03T00:00:00,BASELINE_NORMAL,overall_volume
TRANSACTIONS2000BASELINE000989,ACB00029,31.07,2024-02-20T04:00:00,Credit,Denver,ATM,58,Doctor,1,4159.01,2024-02-17T03:00:00,BASELINE_NORMAL,overall_volume
TRANSACTIONS2000BASELINE000990,ACB00030,119.80,2024-03-08T10:00:00,Debit,Nashville,ATM,46,Doctor,1,8396.93,2024-03-06T02:00:00,BASELINE_NORMAL,overall_volume
TRANSACTIONS2000BASELINE000991,ACB00031,458.67,2024-02-11T23:00:00,Debit,Los Angeles,ATM,20,Student,1,837.69,2024-02-08T16:00:00,BASELINE_NORMAL,overall_volume
TRANSACTIONS2000BASELINE000992,ACB00032,118.45,2024-02-06T16:00:00,Credit,El Paso,Branch,39,Student,3,7836.63,2024-02-03T19:00:00,BASELINE_NORMAL,overall_volume
TRANSACTIONS2000BASELINE000993,ACB00033,458.28,2024-01-24T06:00:00,Debit,Detroit,ATM,38,Student,1,1522.50,2024-01-20T16:00:00,BASELINE_NORMAL,overall_volume
TRANSACTIONS2000BASELINE000994,ACB00034,188.90,2024-01-30T21:00:00,Debit,Denver,ATM,38,Engineer,3,431.36,2024-01-30T05:00:00,BASELINE_NORMAL,overall_volume
TRANSACTIONS2000BASELINE000995,ACB00035,185.00,2024-01-23T01:00:00,Debit,San Antonio,Branch,42,Doctor,1,4372.15,2024-01-20T20:00:00,BASELINE_NORMAL,overall_volume
TRANSACTIONS2000BASELINE000996,ACB00036,5.00,2024-02-28T11:00:00,Debit,San Francisco,ATM,28,Student,1,7538.35,2024-02-26T07:00:00,BASELINE_NORMAL,overall_volume
TRANSACTIONS2000BASELINE000997,ACB00037,574.87,2024-02-04T07:00:00,Debit,Columbus,ATM,51,Retired,3,3453.68,2024-02-02T13:00:00,BASELINE_NORMAL,overall_volume
TRANSACTIONS2000BASELINE000998,ACB00038,5.00,2024-03-03T19:00:00,Debit,Charlotte,Online,44,Student,2,2284.82,2024-03-02T08:00:00,BASELINE_NORMAL,overall_volume
TRANSACTIONS2000BASELINE000999,ACB00039,282.29,2024-03-03T18:00:00,Debit,Sacramento,ATM,35,Student,1,2872.33,2024-02-29T04:00:00,BASELINE_NORMAL,overall_volume
TRANSACTIONS2000BASELINE001000,ACB00040,75.43,2024-03-04T05:00:00,Credit,Atlanta,Branch,53,Student,2,4504.60,2024-03-01T05:00:00,BASELINE_NORMAL,overall_volume
TRANSACTIONS2000BASELINE001001,ACB00041,509.47,2024-02-16T08:00:00,Credit,Fort Worth,ATM,55,Engineer,2,3556.36,2024-02-13T08:00:00,BASELINE_NORMAL,overall_volume
TRANSACTIONS2000BASELINE001002,ACB00042,584.36,2024-01-27T21:00:00,Debit,Seattle,ATM,46,Student,1,4484.27,2024-01-24T18:00:00,BASELINE_NORMAL,overall_volume
TRANSACTIONS2000BASELINE001003,ACB00043,259.42,2024-02-16T02:00:00,Debit,Seattle,Online,48,Doctor,1,8747.20,2024-02-12T04:00:00,BASELINE_NORMAL,overall_volume
TRANSACTIONS2000BASELINE001004,ACB00044,1604.50,2024-02-18T19:00:00,Debit,Portland,Online,44,Student,1,5623.25,2024-02-17T02:00:00,BASELINE_NORMAL,overall_volume
TRANSACTIONS2000BASELINE001005,ACB00045,349.15,2024-01-27T19:00:00,Credit,Raleigh,Online,41,Student,1,4797.52,2024-01-27T06:00:00,BASELINE_NORMAL,overall_volume
TRANSACTIONS2000BASELINE001006,ACB00046,72.78,2024-02-25T15:00:00,Debit,Philadelphia,Online,48,Engineer,1,7299.83,2024-02-24T01:00:00,BASELINE_NORMAL,overall_volume
TRANSACTIONS2000BASELINE001007,ACB00047,690.76,2024-02-01T09:00:00,Debit,Detroit,Online,33,Student,1,3650.57,2024-02-01T01:00:00,BASELINE_NORMAL,overall_volume
TRANSACTIONS2000BASELINE001008,ACB00048,146.99,2024-02-19T23:00:00,Debit,Philadelphia,ATM,71,Retired,1,8053.01,2024-02-18T05:00:00,BASELINE_NORMAL,overall_volume
TRANSACTIONS2000BASELINE001009,ACB00049,396.71,2024-02-19T10:00:00,Debit,Chicago,Online,48,Student,1,6060.71,2024-02-16T19:00:00,BASELINE_NORMAL,overall_volume
TRANSACTIONS2000BASELINE001010,ACB00050,259.45,2024-01-25T01:00:00,Debit,Detroit,Branch,46,Student,1,6653.07,2024-01-24T06:00:00,BASELINE_NORMAL,overall_volume
TRANSACTIONS2000BASELINE001011,ACB00051,277.73,2024-02-20T15:00:00,Debit,San Antonio,ATM,42,Doctor,1,4937.68,2024-02-18T14:00:00,BASELINE_NORMAL,overall_volume
TRANSACTIONS2000BASELINE001012,ACB00052,256.61,2024-01-30T13:00:00,Debit,Miami,ATM,40,Student,2,5180.51,2024-01-28T11:00:00,BASELINE_NORMAL,overall_volume
TRANSACTIONS2000BASELINE001013,ACB00053,37.37,2024-01-27T02:00:00,Debit,Portland,ATM,40,Doctor,1,3482.55,2024-01-25T17:00:00,BASELINE_NORMAL,overall_volume
TRANSACTIONS2000BASELINE001014,ACB00054,5.00,2024-02-19T07:00:00,Debit,Seattle,Branch,48,Doctor,1,9839.60,2024-02-16T15:00:00,BASELINE_NORMAL,overall_volume
TRANSACTIONS2000BASELINE001015,ACB00055,780.37,2024-02-21T00:00:00,Credit,San Jose,Branch,40,Student,1,3847.78,2024-02-19T08:00:00,BASELINE_NORMAL,overall_volume
TRANSACTIONS2000BASELINE001016,ACB00056,456.69,2024-02-12T06:00:00,Debit,Memphis,Online,40,Doctor,1,5280.93,2024-02-11T04:00:00,BASELINE_NORMAL,overall_volume
TRANSACTIONS2000BASELINE001017,ACB00057,262.38,2024-02-09T21:00:00,Debit,Omaha,Branch,37,Engineer,1,6159.91,2024-02-08T01:00:00,BASELINE_NORMAL,overall_volume
TRANSACTIONS2000BASELINE001018,ACB00058,339.08,2024-01-18T04:00:00,Debit,Tucson,Online,24,Student,1,727.56,2024-01-14T14:00:00,BASELINE_NORMAL,overall_volume
TRANSACTIONS2000BASELINE001019,ACB00059,55.71,2024-02-23T07:00:00,Debit,Columbus,ATM,40,Engineer,1,291.53,2024-02-20T14:00:00,BASELINE_NORMAL,overall_volume
TRANSACTIONS2000BASELINE001020,ACB00060,18.65,2024-02-02T01:00:00,Debit,Charlotte,Online,62,Engineer,1,5156.79,2024-01-29T08:00:00,BASELINE_NORMAL,overall_volume
TRANSACTIONS2000BASELINE001021,ACB00061,372.29,2024-02-20T16:00:00,Debit,Portland,Branch,53,Retired,1,2748.98,2024-02-20T06:00:00,BASELINE_NORMAL,overall_volume
TRANSACTIONS2000BASELINE001022,ACB00062,415.11,2024-03-05T22:00:00,Debit,San Diego,Branch,50,Engineer,1,5429.24,2024-03-03T05:00:00,BASELINE_NORMAL,overall_volume
TRANSACTIONS2000BASELINE001023,ACB00063,504.36,2024-01-23T21:00:00,Debit,Chicago,ATM,55,Retired,1,6377.95,2024-01-22T17:00:00,BASELINE_NORMAL,overall_volume
TRANSACTIONS2000BASELINE001024,ACB00064,58.34,2024-02-16T05:00:00,Credit,San Jose,Branch,43,Student,1,2193.35,2024-02-14T05:00:00,BASELINE_NORMAL,overall_volume
TRANSACTIONS2000BASELINE001025,ACB00065,389.72,2024-02-24T13:00:00,Debit,Baltimore,Online,47,Doctor,1,7335.92,2024-02-23T02:00:00,BASELINE_NORMAL,overall_volume
TRANSACTIONS2000BASELINE001026,ACB00066,5.00,2024-02-06T15:00:00,Debit,Jacksonville,ATM,44,Doctor,2,3993.35,2024-02-03T22:00:00,BASELINE_NORMAL,overall_volume
TRANSACTIONS2000BASELINE001027,ACB00067,5.00,2024-01-21T07:00:00,Debit,San Jose,Online,54,Retired,1,6260.13,2024-01-17T12:00:00,BASELINE_NORMAL,overall_volume
TRANSACTIONS2000BASELINE001028,ACB00068,320.44,2024-02-25T18:00:00,Debit,Milwaukee,ATM,59,Retired,1,2723.63,2024-02-25T05:00:00,BASELINE_NORMAL,overall_volume
TRANSACTIONS2000BASELINE001029,ACB00069,5.00,2024-02-22T16:00:00,Debit,Baltimore,Online,46,Retired,1,4144.91,2024-02-19T01:00:00,BASELINE_NORMAL,overall_volume
TRANSACTIONS2000BASELINE001030,ACB00070,729.09,2024-02-02T20:00:00,Debit,Seattle,Online,42,Student,1,3370.01,2024-01-30T19:00:00,BASELINE_NORMAL,overall_volume
TRANSACTIONS2000BASELINE001031,ACB00071,222.11,2024-02-10T08:00:00,Debit,Nashville,Branch,56,Retired,1,3571.49,2024-02-07T08:00:00,BASELINE_NORMAL,overall_volume
TRANSACTIONS2000BASELINE001032,ACB00072,5.00,2024-02-07T12:00:00,Debit,Indianapolis,Branch,37,Student,1,3822.21,2024-02-03T21:00:00,BASELINE_NORMAL,overall_volume
TRANSACTIONS2000BASELINE001033,ACB00073,319.54,2024-02-07T12:00:00,Credit,Fort Worth,Branch,55,Engineer,1,4736.08,2024-02-05T09:00:00,BASELINE_NORMAL,overall_volume
TRANSACTIONS2000BASELINE001034,ACB00074,502.76,2024-02-07T23:00:00,Debit,San Francisco,Branch,45,Student,1,5440.71,2024-02-04T07:00:00,BASELINE_NORMAL,overall_volume
TRANSACTIONS2000BASELINE001035,ACB00075,778.86,2024-02-10T12:00:00,Credit,Austin,Online,46,Engineer,1,2722.89,2024-02-09T06:00:00,BASELINE_NORMAL,overall_volume
TRANSACTIONS2000BASELINE001036,ACB00076,659.72,2024-02-17T08:00:00,Debit,Philadelphia,Online,68,Retired,1,3598.23,2024-02-13T21:00:00,BASELINE_NORMAL,overall_volume
TRANSACTIONS2000BASELINE001037,ACB00077,197.40,2024-02-26T10:00:00,Debit,Philadelphia,Online,68,Retired,1,5776.14,2024-02-23T22:00:00,BASELINE_NORMAL,overall_volume
TRANSACTIONS2000BASELINE001038,ACB00078,112.15,2024-02-24T18:00:00,Debit,Milwaukee,Branch,37,Student,1,2532.24,2024-02-21T23:00:00,BASELINE_NORMAL,overall_volume
TRANSACTIONS2000BASELINE001039,ACB00079,5.00,2024-02-02T01:00:00,Debit,Chicago,ATM,53,Doctor,1,8085.21,2024-01-29T21:00:00,BASELINE_NORMAL,overall_volume
TRANSACTIONS2000BASELINE001040,ACB00080,841.93,2024-01-30T05:00:00,Debit,Philadelphia,Online,52,Engineer,2,9267.41,2024-01-27T15:00:00,BASELINE_NORMAL,overall_volume
TRANSACTIONS2000BASELINE001041,ACB00081,301.32,2024-02-26T20:00:00,Debit,Fresno,ATM,48,Student,1,7226.54,2024-02-26T10:00:00,BASELINE_NORMAL,overall_volume
TRANSACTIONS2000BASELINE001042,ACB00082,464.83,2024-02-09T23:00:00,Debit,Kansas City,Branch,52,Doctor,2,9035.08,2024-02-07T18:00:00,BASELINE_NORMAL,overall_volume
TRANSACTIONS2000BASELINE001043,ACB00083,119.10,2024-02-20T23:00:00,Debit,Colorado Springs,ATM,35,Student,1,1918.70,2024-02-19T17:00:00,BASELINE_NORMAL,overall_volume
TRANSACTIONS2000BASELINE001044,ACB00084,181.23,2024-02-08T21:00:00,Credit,San Francisco,Branch,48,Engineer,1,4102.39,2024-02-06T05:00:00,BASELINE_NORMAL,overall_volume
TRANSACTIONS2000BASELINE001045,ACB00085,380.81,2024-01-20T22:00:00,Debit,Austin,Online,46,Engineer,1,4291.78,2024-01-18T13:00:00,BASELINE_NORMAL,overall_volume
TRANSACTIONS2000BASELINE001046,ACB00086,102.36,2024-02-07T23:00:00,Debit,Detroit,Branch,51,Retired,1,2801.37,2024-02-04T04:00:00,BASELINE_NORMAL,overall_volume
TRANSACTIONS2000BASELINE001047,ACB00087,374.64,2024-02-08T01:00:00,Debit,Seattle,Online,49,Doctor,2,6242.19,2024-02-05T09:00:00,BASELINE_NORMAL,overall_volume
TRANSACTIONS2000BASELINE001048,ACB00088,224.63,2024-02-22T13:00:00,Debit,El Paso,ATM,52,Retired,1,4706.76,2024-02-22T02:00:00,BASELINE_NORMAL,overall_volume
TRANSACTIONS2000BASELINE001049,ACB00089,461.20,2024-02-17T01:00:00,Debit,Miami,ATM,38,Student,3,3237.11,2024-02-15T13:00:00,BASELINE_NORMAL,overall_volume
TRANSACTIONS2000BASELINE001050,ACB00090,31.02,2024-03-08T09:00:00,Debit,El Paso,ATM,57,Retired,3,7641.99,2024-03-05T22:00:00,BASELINE_NORMAL,overall_volume
TRANSACTIONS2000BASELINE001051,ACB00091,843.60,2024-02-20T07:00:00,Debit,Detroit,Online,48,Engineer,1,6339.52,2024-02-17T16:00:00,BASELINE_NORMAL,overall_volume
TRANSACTIONS2000BASELINE001052,ACB00092,5.00,2024-03-04T01:00:00,Debit,Memphis,Online,37,Student,1,3904.23,2024-03-01T07:00:00,BASELINE_NORMAL,overall_volume
TRANSACTIONS2000BASELINE001053,ACB00093,45.90,2024-02-13T14:00:00,Debit,El Paso,ATM,30,Engineer,1,2212.84,2024-02-11T02:00:00,BASELINE_NORMAL,overall_volume
TRANSACTIONS2000BASELINE001054,ACB00094,102.11,2024-02-27T10:00:00,Credit,Milwaukee,Branch,59,Retired,2,3512.00,2024-02-25T02:00:00,BASELINE_NORMAL,overall_volume
TRANSACTIONS2000BASELINE001055,ACB00095,476.46,2024-01-22T14:00:00,Debit,San Jose,ATM,65,Retired,1,5904.07,2024-01-21T13:00:00,BASELINE_NORMAL,overall_volume
TRANSACTIONS2000BASELINE001056,ACB00096,28.36,2024-01-27T00:00:00,Debit,Miami,ATM,38,Student,3,5024.08,2024-01-26T03:00:00,BASELINE_NORMAL,overall_volume
TRANSACTIONS2000BASELINE001057,ACB00097,5.00,2024-02-27T10:00:00,Debit,San Diego,ATM,39,Doctor,1,4029.51,2024-02-26T13:00:00,BASELINE_NORMAL,overall_volume
TRANSACTIONS2000BASELINE001058,ACB00098,575.63,2024-01-23T15:00:00,Credit,Miami,ATM,47,Retired,1,3524.47,2024-01-22T16:00:00,BASELINE_NORMAL,overall_volume
TRANSACTIONS2000BASELINE001059,ACB00099,122.89,2024-01-19T23:00:00,Debit,Atlanta,Online,44,Student,1,3939.96,2024-01-19T13:00:00,BASELINE_NORMAL,overall_volume
TRANSACTIONS2000BASELINE001060,ACB00100,322.66,2024-02-10T20:00:00,Debit,Raleigh,ATM,36,Doctor,1,5887.94,2024-02-07T18:00:00,BASELINE_NORMAL,overall_volume
TRANSACTIONS2000BASELINE001061,ACB00101,596.66,2024-02-19T12:00:00,Debit,Dallas,Online,28,Student,1,1850.35,2024-02-16T22:00:00,BASELINE_NORMAL,overall_volume
TRANSACTIONS2000BASELINE001062,ACB00102,5.00,2024-02-03T10:00:00,Debit,Fort Worth,ATM,28,Student,1,7302.08,2024-02-02T17:00:00,BASELINE_NORMAL,overall_volume
TRANSACTIONS2000BASELINE001063,ACB00103,119.81,2024-02-13T20:00:00,Debit,Milwaukee,ATM,26,Student,2,11524.67,2024-02-10T15:00:00,BASELINE_NORMAL,overall_volume
TRANSACTIONS2000BASELINE001064,ACB00104,5.00,2024-02-17T05:00:00,Debit,Nashville,Online,62,Retired,1,5970.11,2024-02-14T11:00:00,BASELINE_NORMAL,overall_volume
TRANSACTIONS2000BASELINE001065,ACB00105,366.77,2024-02-11T12:00:00,Debit,San Jose,Branch,40,Student,1,3729.72,2024-02-08T23:00:00,BASELINE_NORMAL,overall_volume
TRANSACTIONS2000BASELINE001066,ACB00106,231.10,2024-01-31T23:00:00,Credit,Baltimore,ATM,50,Engineer,1,3688.10,2024-01-30T13:00:00,BASELINE_NORMAL,overall_volume
TRANSACTIONS2000BASELINE001067,ACB00107,340.70,2024-02-23T05:00:00,Debit,Nashville,Branch,51,Engineer,1,4422.11,2024-02-21T05:00:00,BASELINE_NORMAL,overall_volume
TRANSACTIONS2000BASELINE001068,ACB00108,5.00,2024-02-01T12:00:00,Debit,San Antonio,ATM,42,Doctor,3,6106.10,2024-01-31T20:00:00,BASELINE_NORMAL,overall_volume
TRANSACTIONS2000BASELINE001069,ACB00109,139.02,2024-01-23T11:00:00,Debit,Portland,ATM,49,Student,1,10434.27,2024-01-20T22:00:00,BASELINE_NORMAL,overall_volume
TRANSACTIONS2000BASELINE001070,ACB00110,177.05,2024-02-26T23:00:00,Debit,Nashville,ATM,61,Engineer,1,4994.82,2024-02-23T21:00:00,BASELINE_NORMAL,overall_volume
TRANSACTIONS2000BASELINE001071,ACB00111,422.63,2024-02-11T02:00:00,Debit,Fresno,ATM,46,Retired,1,3703.70,2024-02-07T12:00:00,BASELINE_NORMAL,overall_volume
TRANSACTIONS2000BASELINE001072,ACB00112,188.08,2024-02-03T02:00:00,Credit,Atlanta,ATM,46,Doctor,1,8352.99,2024-01-31T07:00:00,BASELINE_NORMAL,overall_volume
TRANSACTIONS2000BASELINE001073,ACB00113,210.58,2024-02-29T20:00:00,Debit,Virginia Beach,Online,31,Student,2,4379.73,2024-02-29T08:00:00,BASELINE_NORMAL,overall_volume
TRANSACTIONS2000BASELINE001074,ACB00114,1424.14,2024-02-19T16:00:00,Debit,Austin,Branch,33,Student,2,5266.25,2024-02-18T00:00:00,BASELINE_NORMAL,overall_volume
TRANSACTIONS2000BASELINE001075,ACB00115,59.38,2024-01-29T08:00:00,Credit,Colorado Springs,Branch,50,Doctor,2,3945.97,2024-01-25T23:00:00,BASELINE_NORMAL,overall_volume
TRANSACTIONS2000BASELINE001076,ACB00116,5.00,2024-02-22T18:00:00,Credit,Atlanta,Online,53,Student,1,4109.30,2024-02-19T07:00:00,BASELINE_NORMAL,overall_volume
TRANSACTIONS2000BASELINE001077,ACB00117,5.00,2024-03-02T16:00:00,Debit,Albuquerque,Online,47,Retired,1,7703.27,2024-02-28T14:00:00,BASELINE_NORMAL,overall_volume
TRANSACTIONS2000BASELINE001078,ACB00118,100.91,2024-01-20T13:00:00,Debit,San Francisco,ATM,51,Engineer,1,5550.05,2024-01-18T02:00:00,BASELINE_NORMAL,overall_volume
TRANSACTIONS2000BASELINE001079,ACB00119,5.00,2024-02-27T21:00:00,Debit,Austin,ATM,47,Engineer,1,5880.52,2024-02-26T22:00:00,BASELINE_NORMAL,overall_volume
TRANSACTIONS2000BASELINE001080,ACB00120,24.28,2024-01-29T00:00:00,Debit,Columbus,ATM,40,Engineer,1,131.29,2024-01-26T15:00:00,BASELINE_NORMAL,overall_volume
TRANSACTIONS2000BASELINE001081,ACB00001,1369.17,2024-02-02T00:00:00,Debit,Miami,Branch,39,Student,2,5289.98,2024-01-30T21:00:00,BASELINE_NORMAL,overall_volume
TRANSACTIONS2000BASELINE001082,ACB00002,1610.63,2024-02-07T11:00:00,Debit,Nashville,ATM,44,Student,3,7222.73,2024-02-04T22:00:00,BASELINE_NORMAL,overall_volume
TRANSACTIONS2000BASELINE001083,ACB00003,302.09,2024-01-18T14:00:00,Debit,Memphis,Online,38,Student,1,2966.09,2024-01-16T10:00:00,BASELINE_NORMAL,overall_volume
TRANSACTIONS2000BASELINE001084,ACB00004,278.49,2024-02-17T15:00:00,Debit,Seattle,Branch,55,Doctor,1,8390.75,2024-02-15T05:00:00,BASELINE_NORMAL,overall_volume
TRANSACTIONS2000BASELINE001085,ACB00005,30.43,2024-02-09T13:00:00,Credit,San Jose,Online,43,Student,1,2024.57,2024-02-08T06:00:00,BASELINE_NORMAL,overall_volume
TRANSACTIONS2000BASELINE001086,ACB00006,64.51,2024-03-04T09:00:00,Debit,Miami,ATM,59,Engineer,1,4831.45,2024-03-02T05:00:00,BASELINE_NORMAL,overall_volume
TRANSACTIONS2000BASELINE001087,ACB00007,104.15,2024-02-02T05:00:00,Debit,San Antonio,Online,47,Engineer,1,4386.31,2024-01-30T05:00:00,BASELINE_NORMAL,overall_volume
TRANSACTIONS2000BASELINE001088,ACB00008,941.23,2024-02-23T09:00:00,Credit,Mesa,ATM,48,Engineer,2,5991.65,2024-02-22T00:00:00,BASELINE_NORMAL,overall_volume
TRANSACTIONS2000BASELINE001089,ACB00009,145.63,2024-01-27T21:00:00,Debit,Philadelphia,ATM,71,Retired,1,5240.71,2024-01-26T10:00:00,BASELINE_NORMAL,overall_volume
TRANSACTIONS2000BASELINE001090,ACB00010,508.67,2024-01-27T05:00:00,Debit,Oklahoma City,ATM,44,Doctor,1,5372.15,2024-01-25T18:00:00,BASELINE_NORMAL,overall_volume
TRANSACTIONS2000BASELINE001091,ACB00011,584.86,2024-02-05T20:00:00,Debit,Phoenix,ATM,59,Retired,2,6029.61,2024-02-03T12:00:00,BASELINE_NORMAL,overall_volume
TRANSACTIONS2000BASELINE001092,ACB00012,1449.34,2024-02-23T14:00:00,Debit,Atlanta,Branch,33,Doctor,1,6713.31,2024-02-19T16:00:00,BASELINE_NORMAL,overall_volume
TRANSACTIONS2000BASELINE001093,ACB00013,162.09,2024-02-07T20:00:00,Credit,Las Vegas,Online,53,Engineer,1,8577.46,2024-02-05T09:00:00,BASELINE_NORMAL,overall_volume
TRANSACTIONS2000BASELINE001094,ACB00014,224.78,2024-02-16T20:00:00,Credit,Indianapolis,Online,34,Engineer,1,3747.37,2024-02-15T00:00:00,BASELINE_NORMAL,overall_volume
TRANSACTIONS2000BASELINE001095,ACB00015,246.02,2024-01-22T18:00:00,Debit,Detroit,Online,40,Doctor,1,6408.56,2024-01-20T05:00:00,BASELINE_NORMAL,overall_volume
TRANSACTIONS2000BASELINE001096,ACB00016,169.35,2024-01-29T22:00:00,Credit,Atlanta,Branch,45,Retired,1,4044.40,2024-01-27T03:00:00,BASELINE_NORMAL,overall_volume
TRANSACTIONS2000BASELINE001097,ACB00017,5.00,2024-03-01T05:00:00,Debit,Raleigh,Online,45,Engineer,1,7621.81,2024-02-27T12:00:00,BASELINE_NORMAL,overall_volume
TRANSACTIONS2000BASELINE001098,ACB00018,5.00,2024-02-18T16:00:00,Debit,Charlotte,Branch,45,Retired,1,3384.53,2024-02-16T13:00:00,BASELINE_NORMAL,overall_volume
TRANSACTIONS2000BASELINE001099,ACB00019,280.13,2024-02-25T13:00:00,Debit,Las Vegas,ATM,68,Retired,1,3055.93,2024-02-24T18:00:00,BASELINE_NORMAL,overall_volume
TRANSACTIONS2000BASELINE001100,ACB00020,106.13,2024-01-17T02:00:00,Debit,Louisville,Branch,48,Student,2,3800.34,2024-01-16T11:00:00,BASELINE_NORMAL,overall_volume
TRANSACTIONS2000BASELINE001101,ACB00021,52.06,2024-01-18T06:00:00,Credit,Kansas City,Online,48,Engineer,1,4208.07,2024-01-15T13:00:00,BASELINE_NORMAL,overall_volume
TRANSACTIONS2000BASELINE001102,ACB00022,84.25,2024-02-11T06:00:00,Debit,San Diego,Branch,46,Retired,1,3440.36,2024-02-08T20:00:00,BASELINE_NORMAL,overall_volume
TRANSACTIONS2000BASELINE001103,ACB00023,136.23,2024-02-04T17:00:00,Debit,San Jose,ATM,44,Student,1,6656.95,2024-02-02T19:00:00,BASELINE_NORMAL,overall_volume
TRANSACTIONS2000BASELINE001104,ACB00024,235.63,2024-02-20T23:00:00,Debit,New York,Online,31,Student,1,2510.85,2024-02-18T02:00:00,BASELINE_NORMAL,overall_volume
TRANSACTIONS2000BASELINE001105,ACB00025,352.41,2024-03-03T12:00:00,Debit,Seattle,Branch,65,Retired,3,5304.27,2024-03-02T09:00:00,BASELINE_NORMAL,overall_volume
TRANSACTIONS2000BASELINE001106,ACB00026,232.31,2024-02-17T05:00:00,Debit,San Francisco,Online,43,Student,1,2276.31,2024-02-16T10:00:00,BASELINE_NORMAL,overall_volume
TRANSACTIONS2000BASELINE001107,ACB00027,305.96,2024-02-06T01:00:00,Debit,Denver,Branch,51,Retired,2,2143.34,2024-02-04T06:00:00,BASELINE_NORMAL,overall_volume
TRANSACTIONS2000BASELINE001108,ACB00028,774.93,2024-02-07T10:00:00,Debit,Boston,ATM,25,Student,1,4058.95,2024-02-05T23:00:00,BASELINE_NORMAL,overall_volume
TRANSACTIONS2000BASELINE001109,ACB00029,5.00,2024-02-23T14:00:00,Debit,San Diego,ATM,58,Doctor,1,4084.18,2024-02-20T04:00:00,BASELINE_NORMAL,overall_volume
TRANSACTIONS2000BASELINE001110,ACB00030,724.04,2024-03-09T18:00:00,Debit,Los Angeles,Branch,46,Doctor,1,6397.44,2024-03-08T10:00:00,BASELINE_NORMAL,overall_volume
TRANSACTIONS2000BASELINE001111,ACB00031,2630.12,2024-02-14T13:00:00,Debit,Los Angeles,Branch,20,Student,1,2680.12,2024-02-11T23:00:00,BASELINE_NORMAL,overall_volume
TRANSACTIONS2000BASELINE001112,ACB00032,5.00,2024-02-08T19:00:00,Debit,Louisville,Online,39,Student,2,6080.46,2024-02-06T16:00:00,BASELINE_NORMAL,overall_volume
TRANSACTIONS2000BASELINE001113,ACB00033,356.45,2024-01-25T11:00:00,Debit,Miami,Online,38,Student,1,3337.89,2024-01-24T06:00:00,BASELINE_NORMAL,overall_volume
TRANSACTIONS2000BASELINE001114,ACB00034,184.96,2024-02-02T20:00:00,Debit,Denver,ATM,38,Engineer,1,508.56,2024-01-30T21:00:00,BASELINE_NORMAL,overall_volume
TRANSACTIONS2000BASELINE001115,ACB00035,194.12,2024-01-26T21:00:00,Debit,San Antonio,Branch,42,Doctor,1,3733.11,2024-01-23T01:00:00,BASELINE_NORMAL,overall_volume
TRANSACTIONS2000BASELINE001116,ACB00036,373.42,2024-03-01T14:00:00,Debit,Los Angeles,ATM,28,Student,1,8240.88,2024-02-28T11:00:00,BASELINE_NORMAL,overall_volume
TRANSACTIONS2000BASELINE001117,ACB00037,5.00,2024-02-05T10:00:00,Debit,Milwaukee,ATM,51,Retired,1,4329.79,2024-02-04T07:00:00,BASELINE_NORMAL,overall_volume
TRANSACTIONS2000BASELINE001118,ACB00038,321.93,2024-03-07T08:00:00,Debit,Baltimore,Online,44,Student,2,2976.47,2024-03-03T19:00:00,BASELINE_NORMAL,overall_volume
TRANSACTIONS2000BASELINE001119,ACB00039,549.29,2024-03-05T03:00:00,Debit,Fort Worth,Branch,35,Student,1,4798.21,2024-03-03T18:00:00,BASELINE_NORMAL,overall_volume
TRANSACTIONS2000BASELINE001120,ACB00040,515.76,2024-03-04T16:00:00,Credit,San Francisco,Online,53,Student,2,5611.41,2024-03-04T05:00:00,BASELINE_NORMAL,overall_volume
TRANSACTIONS2000BASELINE001121,ACB00041,332.95,2024-02-18T04:00:00,Credit,Chicago,ATM,55,Engineer,1,5109.10,2024-02-16T08:00:00,BASELINE_NORMAL,overall_volume
TRANSACTIONS2000BASELINE001122,ACB00042,348.28,2024-01-30T20:00:00,Debit,El Paso,ATM,46,Student,1,6342.82,2024-01-27T21:00:00,BASELINE_NORMAL,overall_volume
TRANSACTIONS2000BASELINE001123,ACB00043,139.43,2024-02-17T20:00:00,Debit,Phoenix,Branch,48,Doctor,3,8939.78,2024-02-16T02:00:00,BASELINE_NORMAL,overall_volume
TRANSACTIONS2000BASELINE001124,ACB00044,161.03,2024-02-20T17:00:00,Debit,Charlotte,ATM,44,Student,1,5691.71,2024-02-18T19:00:00,BASELINE_NORMAL,overall_volume
TRANSACTIONS2000BASELINE001125,ACB00045,250.18,2024-01-29T05:00:00,Debit,San Francisco,Online,41,Student,1,5009.66,2024-01-27T19:00:00,BASELINE_NORMAL,overall_volume
TRANSACTIONS2000BASELINE001126,ACB00046,367.51,2024-02-26T19:00:00,Debit,El Paso,Online,48,Engineer,1,9223.13,2024-02-25T15:00:00,BASELINE_NORMAL,overall_volume
TRANSACTIONS2000BASELINE001127,ACB00047,5.00,2024-02-03T03:00:00,Debit,Detroit,Online,33,Student,1,4864.63,2024-02-01T09:00:00,BASELINE_NORMAL,overall_volume
TRANSACTIONS2000BASELINE001128,ACB00048,159.14,2024-02-21T04:00:00,Debit,Philadelphia,ATM,71,Retired,2,7480.93,2024-02-19T23:00:00,BASELINE_NORMAL,overall_volume
TRANSACTIONS2000BASELINE001129,ACB00049,531.83,2024-02-19T23:00:00,Debit,Virginia Beach,Online,48,Student,2,3874.25,2024-02-19T10:00:00,BASELINE_NORMAL,overall_volume
TRANSACTIONS2000BASELINE001130,ACB00050,164.30,2024-01-27T15:00:00,Debit,Chicago,ATM,46,Student,1,5327.36,2024-01-25T01:00:00,BASELINE_NORMAL,overall_volume
TRANSACTIONS2000BASELINE001131,ACB00051,411.88,2024-02-22T15:00:00,Credit,El Paso,ATM,42,Doctor,1,7875.90,2024-02-20T15:00:00,BASELINE_NORMAL,overall_volume
TRANSACTIONS2000BASELINE001132,ACB00052,162.96,2024-01-31T13:00:00,Debit,Memphis,ATM,40,Student,1,6259.68,2024-01-30T13:00:00,BASELINE_NORMAL,overall_volume
TRANSACTIONS2000BASELINE001133,ACB00053,5.00,2024-01-28T05:00:00,Debit,Los Angeles,Online,40,Doctor,1,6467.71,2024-01-27T02:00:00,BASELINE_NORMAL,overall_volume
TRANSACTIONS2000BASELINE001134,ACB00054,436.44,2024-02-22T12:00:00,Debit,Columbus,Branch,48,Doctor,2,7235.15,2024-02-19T07:00:00,BASELINE_NORMAL,overall_volume
TRANSACTIONS2000BASELINE001135,ACB00055,117.73,2024-02-22T21:00:00,Debit,San Francisco,Branch,40,Student,1,4570.48,2024-02-21T00:00:00,BASELINE_NORMAL,overall_volume
TRANSACTIONS2000BASELINE001136,ACB00056,58.89,2024-02-14T20:00:00,Debit,Dallas,Branch,40,Doctor,3,2788.27,2024-02-12T06:00:00,BASELINE_NORMAL,overall_volume
TRANSACTIONS2000BASELINE001137,ACB00057,92.98,2024-02-10T10:00:00,Debit,San Jose,Online,37,Engineer,2,3648.00,2024-02-09T21:00:00,BASELINE_NORMAL,overall_volume
TRANSACTIONS2000BASELINE001138,ACB00058,368.06,2024-01-19T00:00:00,Debit,Tucson,Online,24,Student,1,1535.71,2024-01-18T04:00:00,BASELINE_NORMAL,overall_volume
TRANSACTIONS2000BASELINE001139,ACB00059,63.84,2024-02-26T09:00:00,Debit,Columbus,ATM,40,Engineer,1,231.53,2024-02-23T07:00:00,BASELINE_NORMAL,overall_volume
TRANSACTIONS2000BASELINE001140,ACB00060,8.47,2024-02-02T09:00:00,Debit,Fresno,Online,62,Engineer,1,4086.15,2024-02-02T01:00:00,BASELINE_NORMAL,overall_volume
TRANSACTIONS2000BASELINE001141,ACB00061,442.56,2024-02-24T16:00:00,Debit,Milwaukee,ATM,53,Retired,1,4884.92,2024-02-20T16:00:00,BASELINE_NORMAL,overall_volume
TRANSACTIONS2000BASELINE001142,ACB00062,392.06,2024-03-07T20:00:00,Debit,Memphis,Branch,50,Engineer,1,3808.01,2024-03-05T22:00:00,BASELINE_NORMAL,overall_volume
TRANSACTIONS2000BASELINE001143,ACB00063,521.33,2024-01-25T17:00:00,Debit,Chicago,ATM,55,Retired,1,7605.56,2024-01-23T21:00:00,BASELINE_NORMAL,overall_volume
TRANSACTIONS2000BASELINE001144,ACB00064,5.00,2024-02-18T22:00:00,Credit,Columbus,Branch,43,Student,1,2459.07,2024-02-16T05:00:00,BASELINE_NORMAL,overall_volume
TRANSACTIONS2000BASELINE001145,ACB00065,5.00,2024-02-26T18:00:00,Credit,Fort Worth,Branch,47,Doctor,1,9993.64,2024-02-24T13:00:00,BASELINE_NORMAL,overall_volume
TRANSACTIONS2000BASELINE001146,ACB00066,836.52,2024-02-08T18:00:00,Debit,Louisville,ATM,44,Doctor,2,4856.38,2024-02-06T15:00:00,BASELINE_NORMAL,overall_volume
TRANSACTIONS2000BASELINE001147,ACB00067,179.78,2024-01-22T12:00:00,Credit,New York,ATM,54,Retired,1,6105.09,2024-01-21T07:00:00,BASELINE_NORMAL,overall_volume
TRANSACTIONS2000BASELINE001148,ACB00068,846.08,2024-02-28T11:00:00,Debit,Tucson,Branch,59,Retired,1,1726.72,2024-02-25T18:00:00,BASELINE_NORMAL,overall_volume
TRANSACTIONS2000BASELINE001149,ACB00069,207.24,2024-02-24T16:00:00,Credit,Indianapolis,Online,46,Retired,2,7079.09,2024-02-22T16:00:00,BASELINE_NORMAL,overall_volume
TRANSACTIONS2000BASELINE001150,ACB00070,57.56,2024-02-06T02:00:00,Debit,Raleigh,ATM,42,Student,1,4226.69,2024-02-02T20:00:00,BASELINE_NORMAL,overall_volume
TRANSACTIONS2000BASELINE001151,ACB00071,286.59,2024-02-13T21:00:00,Debit,Nashville,ATM,56,Retired,1,3253.41,2024-02-10T08:00:00,BASELINE_NORMAL,overall_volume
TRANSACTIONS2000BASELINE001152,ACB00072,5.00,2024-02-11T00:00:00,Debit,Colorado Springs,Branch,37,Student,1,5541.50,2024-02-07T12:00:00,BASELINE_NORMAL,overall_volume
TRANSACTIONS2000BASELINE001153,ACB00073,235.72,2024-02-07T22:00:00,Debit,San Jose,ATM,55,Engineer,1,5782.08,2024-02-07T12:00:00,BASELINE_NORMAL,overall_volume
TRANSACTIONS2000BASELINE001154,ACB00074,282.94,2024-02-09T15:00:00,Debit,San Francisco,Online,45,Student,1,3640.65,2024-02-07T23:00:00,BASELINE_NORMAL,overall_volume
TRANSACTIONS2000BASELINE001155,ACB00075,209.76,2024-02-10T21:00:00,Debit,Houston,Online,46,Engineer,1,5305.32,2024-02-10T12:00:00,BASELINE_NORMAL,overall_volume
TRANSACTIONS2000BASELINE001156,ACB00076,5.00,2024-02-19T07:00:00,Debit,Fort Worth,ATM,68,Retired,1,5899.04,2024-02-17T08:00:00,BASELINE_NORMAL,overall_volume
TRANSACTIONS2000BASELINE001157,ACB00077,779.23,2024-02-27T17:00:00,Debit,Fort Worth,Online,68,Retired,1,5669.87,2024-02-26T10:00:00,BASELINE_NORMAL,overall_volume
TRANSACTIONS2000BASELINE001158,ACB00078,224.61,2024-02-25T19:00:00,Debit,Denver,Branch,37,Student,1,1574.03,2024-02-24T18:00:00,BASELINE_NORMAL,overall_volume
TRANSACTIONS2000BASELINE001159,ACB00079,5.00,2024-02-03T10:00:00,Debit,Chicago,ATM,53,Doctor,1,4823.40,2024-02-02T01:00:00,BASELINE_NORMAL,overall_volume
TRANSACTIONS2000BASELINE001160,ACB00080,834.77,2024-01-31T13:00:00,Debit,Austin,Online,52,Engineer,1,4099.16,2024-01-30T05:00:00,BASELINE_NORMAL,overall_volume
TRANSACTIONS2000BASELINE001161,ACB00081,5.00,2024-03-01T09:00:00,Debit,Memphis,ATM,48,Student,2,9666.87,2024-02-26T20:00:00,BASELINE_NORMAL,overall_volume
TRANSACTIONS2000BASELINE001162,ACB00082,494.08,2024-02-12T07:00:00,Debit,Kansas City,Branch,52,Doctor,1,9797.98,2024-02-09T23:00:00,BASELINE_NORMAL,overall_volume
TRANSACTIONS2000BASELINE001163,ACB00083,268.10,2024-02-21T23:00:00,Debit,Raleigh,Online,35,Student,1,2471.91,2024-02-20T23:00:00,BASELINE_NORMAL,overall_volume
TRANSACTIONS2000BASELINE001164,ACB00084,230.01,2024-02-10T10:00:00,Debit,Kansas City,Branch,48,Engineer,1,3397.85,2024-02-08T21:00:00,BASELINE_NORMAL,overall_volume
TRANSACTIONS2000BASELINE001165,ACB00085,5.00,2024-01-21T15:00:00,Credit,Nashville,ATM,46,Engineer,2,5452.26,2024-01-20T22:00:00,BASELINE_NORMAL,overall_volume
TRANSACTIONS2000BASELINE001166,ACB00086,565.47,2024-02-10T21:00:00,Debit,Denver,Branch,51,Retired,3,3234.58,2024-02-07T23:00:00,BASELINE_NORMAL,overall_volume
TRANSACTIONS2000BASELINE001167,ACB00087,470.48,2024-02-11T23:00:00,Debit,Kansas City,ATM,49,Doctor,1,4409.40,2024-02-08T01:00:00,BASELINE_NORMAL,overall_volume
TRANSACTIONS2000BASELINE001168,ACB00088,85.37,2024-02-25T12:00:00,Debit,Dallas,Online,52,Retired,1,3729.75,2024-02-22T13:00:00,BASELINE_NORMAL,overall_volume
TRANSACTIONS2000BASELINE001169,ACB00089,160.15,2024-02-20T20:00:00,Debit,Miami,ATM,38,Student,2,2471.49,2024-02-17T01:00:00,BASELINE_NORMAL,overall_volume
TRANSACTIONS2000BASELINE001170,ACB00090,33.95,2024-03-11T18:00:00,Debit,El Paso,ATM,57,Retired,2,6473.00,2024-03-08T09:00:00,BASELINE_NORMAL,overall_volume
TRANSACTIONS2000BASELINE001171,ACB00091,587.67,2024-02-21T09:00:00,Credit,Omaha,Branch,48,Engineer,2,5970.02,2024-02-20T07:00:00,BASELINE_NORMAL,overall_volume
TRANSACTIONS2000BASELINE001172,ACB00092,555.29,2024-03-04T12:00:00,Debit,Memphis,Online,37,Student,1,6014.65,2024-03-04T01:00:00,BASELINE_NORMAL,overall_volume
TRANSACTIONS2000BASELINE001173,ACB00093,43.91,2024-02-17T09:00:00,Debit,Seattle,Online,30,Engineer,1,2202.83,2024-02-13T14:00:00,BASELINE_NORMAL,overall_volume
TRANSACTIONS2000BASELINE001174,ACB00094,362.91,2024-03-01T20:00:00,Credit,Tucson,Branch,59,Retired,1,2902.19,2024-02-27T10:00:00,BASELINE_NORMAL,overall_volume
TRANSACTIONS2000BASELINE001175,ACB00095,646.55,2024-01-24T01:00:00,Debit,San Jose,ATM,65,Retired,1,4114.59,2024-01-22T14:00:00,BASELINE_NORMAL,overall_volume
TRANSACTIONS2000BASELINE001176,ACB00096,5.00,2024-01-27T10:00:00,Debit,Nashville,ATM,38,Student,1,3602.79,2024-01-27T00:00:00,BASELINE_NORMAL,overall_volume
TRANSACTIONS2000BASELINE001177,ACB00097,457.63,2024-02-29T06:00:00,Debit,Milwaukee,Branch,39,Doctor,1,5117.05,2024-02-27T10:00:00,BASELINE_NORMAL,overall_volume
TRANSACTIONS2000BASELINE001178,ACB00098,276.46,2024-01-24T06:00:00,Debit,San Francisco,Online,47,Retired,1,3209.23,2024-01-23T15:00:00,BASELINE_NORMAL,overall_volume
TRANSACTIONS2000BASELINE001179,ACB00099,315.61,2024-01-21T07:00:00,Debit,Atlanta,Online,44,Student,1,6855.81,2024-01-19T23:00:00,BASELINE_NORMAL,overall_volume
TRANSACTIONS2000BASELINE001180,ACB00100,345.98,2024-02-13T04:00:00,Debit,Raleigh,Online,36,Doctor,1,4538.72,2024-02-10T20:00:00,BASELINE_NORMAL,overall_volume
TRANSACTIONS2000BASELINE001181,ACB00101,599.55,2024-02-22T02:00:00,Debit,Dallas,Online,28,Student,1,2066.50,2024-02-19T12:00:00,BASELINE_NORMAL,overall_volume
TRANSACTIONS2000BASELINE001182,ACB00102,5.00,2024-02-05T13:00:00,Debit,Columbus,Online,28,Student,1,4465.72,2024-02-03T10:00:00,BASELINE_NORMAL,overall_volume
TRANSACTIONS2000BASELINE001183,ACB00103,121.23,2024-02-15T20:00:00,Debit,Milwaukee,ATM,26,Student,1,9030.40,2024-02-13T20:00:00,BASELINE_NORMAL,overall_volume
TRANSACTIONS2000BASELINE001184,ACB00104,143.33,2024-02-18T07:00:00,Debit,Nashville,Branch,62,Retired,1,10148.05,2024-02-17T05:00:00,BASELINE_NORMAL,overall_volume
TRANSACTIONS2000BASELINE001185,ACB00105,354.26,2024-02-15T09:00:00,Credit,Las Vegas,ATM,40,Student,1,3976.96,2024-02-11T12:00:00,BASELINE_NORMAL,overall_volume
TRANSACTIONS2000BASELINE001186,ACB00106,940.31,2024-02-02T17:00:00,Credit,Portland,ATM,50,Engineer,2,4331.20,2024-01-31T23:00:00,BASELINE_NORMAL,overall_volume
TRANSACTIONS2000BASELINE001187,ACB00107,198.26,2024-02-25T15:00:00,Debit,Detroit,Branch,51,Engineer,2,6110.32,2024-02-23T05:00:00,BASELINE_NORMAL,overall_volume
TRANSACTIONS2000BASELINE001188,ACB00108,790.70,2024-02-05T00:00:00,Debit,El Paso,ATM,42,Doctor,1,4994.35,2024-02-01T12:00:00,BASELINE_NORMAL,overall_volume
TRANSACTIONS2000BASELINE001189,ACB00109,148.42,2024-01-26T01:00:00,Debit,San Francisco,Branch,49,Student,1,11079.59,2024-01-23T11:00:00,BASELINE_NORMAL,overall_volume
TRANSACTIONS2000BASELINE001190,ACB00110,403.01,2024-02-28T06:00:00,Debit,Philadelphia,Online,61,Engineer,1,7017.46,2024-02-26T23:00:00,BASELINE_NORMAL,overall_volume
TRANSACTIONS2000BASELINE001191,ACB00111,70.26,2024-02-14T01:00:00,Debit,Miami,ATM,46,Retired,2,4968.71,2024-02-11T02:00:00,BASELINE_NORMAL,overall_volume
TRANSACTIONS2000BASELINE001192,ACB00112,214.95,2024-02-04T22:00:00,Debit,Albuquerque,Branch,46,Doctor,1,9291.04,2024-02-03T02:00:00,BASELINE_NORMAL,overall_volume
TRANSACTIONS2000BASELINE001193,ACB00113,924.34,2024-03-01T14:00:00,Debit,Indianapolis,Branch,31,Student,1,3290.97,2024-02-29T20:00:00,BASELINE_NORMAL,overall_volume
TRANSACTIONS2000BASELINE001194,ACB00114,769.99,2024-02-22T06:00:00,Debit,Austin,Branch,33,Student,1,2794.86,2024-02-19T16:00:00,BASELINE_NORMAL,overall_volume
TRANSACTIONS2000BASELINE001195,ACB00115,47.75,2024-01-31T15:00:00,Credit,Colorado Springs,Branch,50,Doctor,1,8176.12,2024-01-29T08:00:00,BASELINE_NORMAL,overall_volume
TRANSACTIONS2000BASELINE001196,ACB00116,383.96,2024-02-26T11:00:00,Debit,San Antonio,ATM,53,Student,1,3774.30,2024-02-22T18:00:00,BASELINE_NORMAL,overall_volume
TRANSACTIONS2000BASELINE001197,ACB00117,110.76,2024-03-05T10:00:00,Debit,Albuquerque,Online,47,Retired,1,4032.81,2024-03-02T16:00:00,BASELINE_NORMAL,overall_volume
TRANSACTIONS2000BASELINE001198,ACB00118,556.19,2024-01-22T01:00:00,Credit,Philadelphia,Branch,51,Engineer,1,2480.65,2024-01-20T13:00:00,BASELINE_NORMAL,overall_volume
TRANSACTIONS2000BASELINE001199,ACB00119,232.25,2024-02-29T20:00:00,Debit,Jacksonville,Branch,47,Engineer,1,6861.90,2024-02-27T21:00:00,BASELINE_NORMAL,overall_volume
TRANSACTIONS2000BASELINE001200,ACB00120,33.82,2024-02-01T13:00:00,Debit,Columbus,ATM,40,Engineer,1,240.58,2024-01-29T00:00:00,BASELINE_NORMAL,overall_volume
TRANSACTIONS2000BASELINE001201,ACB00001,389.36,2024-02-03T05:00:00,Debit,Colorado Springs,ATM,39,Student,1,5496.30,2024-02-02T00:00:00,BASELINE_NORMAL,overall_volume
TRANSACTIONS2000BASELINE001202,ACB00002,186.30,2024-02-10T17:00:00,Debit,Los Angeles,Online,44,Student,2,6385.60,2024-02-07T11:00:00,BASELINE_NORMAL,overall_volume
TRANSACTIONS2000BASELINE001203,ACB00003,581.26,2024-01-22T05:00:00,Debit,Oklahoma City,Branch,38,Student,2,4496.64,2024-01-18T14:00:00,BASELINE_NORMAL,overall_volume
TRANSACTIONS2000BASELINE001204,ACB00004,5.00,2024-02-19T17:00:00,Debit,Boston,Online,55,Doctor,1,6301.20,2024-02-17T15:00:00,BASELINE_NORMAL,overall_volume
TRANSACTIONS2000BASELINE001205,ACB00005,46.71,2024-02-11T01:00:00,Debit,Philadelphia,ATM,43,Student,1,2457.24,2024-02-09T13:00:00,BASELINE_NORMAL,overall_volume
TRANSACTIONS2000BASELINE001206,ACB00006,79.16,2024-03-08T01:00:00,Debit,Charlotte,Online,59,Engineer,1,9334.14,2024-03-04T09:00:00,BASELINE_NORMAL,overall_volume
TRANSACTIONS2000BASELINE001207,ACB00007,30.61,2024-02-03T06:00:00,Debit,Atlanta,Online,47,Engineer,1,6691.01,2024-02-02T05:00:00,BASELINE_NORMAL,overall_volume
TRANSACTIONS2000BASELINE001208,ACB00008,740.96,2024-02-26T23:00:00,Debit,Detroit,Branch,48,Engineer,1,5718.33,2024-02-23T09:00:00,BASELINE_NORMAL,overall_volume
TRANSACTIONS2000BASELINE001209,ACB00009,137.68,2024-01-28T04:00:00,Debit,Philadelphia,ATM,71,Retired,1,6206.11,2024-01-27T21:00:00,BASELINE_NORMAL,overall_volume
TRANSACTIONS2000BASELINE001210,ACB00010,5.00,2024-01-30T03:00:00,Debit,San Diego,ATM,44,Doctor,1,3552.93,2024-01-27T05:00:00,BASELINE_NORMAL,overall_volume
TRANSACTIONS2000BASELINE001211,ACB00011,584.24,2024-02-07T00:00:00,Debit,Fort Worth,ATM,59,Retired,1,5296.47,2024-02-05T20:00:00,BASELINE_NORMAL,overall_volume
TRANSACTIONS2000BASELINE001212,ACB00012,41.37,2024-02-26T03:00:00,Debit,San Francisco,Branch,33,Doctor,1,4194.86,2024-02-23T14:00:00,BASELINE_NORMAL,overall_volume
TRANSACTIONS2000BASELINE001213,ACB00013,296.75,2024-02-09T07:00:00,Debit,Washington,Online,53,Engineer,1,7492.93,2024-02-07T20:00:00,BASELINE_NORMAL,overall_volume
TRANSACTIONS2000BASELINE001214,ACB00014,46.23,2024-02-19T05:00:00,Credit,Indianapolis,Online,34,Engineer,1,5433.04,2024-02-16T20:00:00,BASELINE_NORMAL,overall_volume
TRANSACTIONS2000BASELINE001215,ACB00015,27.22,2024-01-26T03:00:00,Credit,Oklahoma City,Branch,40,Doctor,1,3887.75,2024-01-22T18:00:00,BASELINE_NORMAL,overall_volume
TRANSACTIONS2000BASELINE001216,ACB00016,113.07,2024-01-31T14:00:00,Debit,Colorado Springs,Branch,45,Retired,1,3296.80,2024-01-29T22:00:00,BASELINE_NORMAL,overall_volume
TRANSACTIONS2000BASELINE001217,ACB00017,889.97,2024-03-03T06:00:00,Debit,Tucson,Branch,45,Engineer,1,6300.68,2024-03-01T05:00:00,BASELINE_NORMAL,overall_volume
TRANSACTIONS2000BASELINE001218,ACB00018,73.24,2024-02-20T13:00:00,Credit,Denver,Branch,45,Retired,1,3774.19,2024-02-18T16:00:00,BASELINE_NORMAL,overall_volume
TRANSACTIONS2000BASELINE001219,ACB00019,235.64,2024-02-27T10:00:00,Debit,Milwaukee,ATM,68,Retired,1,2996.31,2024-02-25T13:00:00,BASELINE_NORMAL,overall_volume
TRANSACTIONS2000BASELINE001220,ACB00020,223.92,2024-01-18T13:00:00,Credit,Austin,Branch,48,Student,2,6722.19,2024-01-17T02:00:00,BASELINE_NORMAL,overall_volume
TRANSACTIONS2000BASELINE001221,ACB00021,266.36,2024-01-18T21:00:00,Debit,Omaha,Online,48,Engineer,1,4126.27,2024-01-18T06:00:00,BASELINE_NORMAL,overall_volume
TRANSACTIONS2000BASELINE001222,ACB00022,133.27,2024-02-12T18:00:00,Debit,Miami,ATM,46,Retired,1,5088.28,2024-02-11T06:00:00,BASELINE_NORMAL,overall_volume
TRANSACTIONS2000BASELINE001223,ACB00023,5.00,2024-02-08T00:00:00,Debit,Seattle,Branch,44,Student,1,7485.53,2024-02-04T17:00:00,BASELINE_NORMAL,overall_volume
TRANSACTIONS2000BASELINE001224,ACB00024,357.51,2024-02-24T12:00:00,Debit,New York,ATM,31,Student,1,3252.84,2024-02-20T23:00:00,BASELINE_NORMAL,overall_volume
TRANSACTIONS2000BASELINE001225,ACB00025,312.54,2024-03-04T13:00:00,Credit,San Jose,Online,65,Retired,1,4159.24,2024-03-03T12:00:00,BASELINE_NORMAL,overall_volume
TRANSACTIONS2000BASELINE001226,ACB00026,176.74,2024-02-20T12:00:00,Debit,Nashville,Online,43,Student,2,7199.46,2024-02-17T05:00:00,BASELINE_NORMAL,overall_volume
TRANSACTIONS2000BASELINE001227,ACB00027,267.64,2024-02-09T11:00:00,Debit,Denver,Branch,51,Retired,2,1937.42,2024-02-06T01:00:00,BASELINE_NORMAL,overall_volume
TRANSACTIONS2000BASELINE001228,ACB00028,620.56,2024-02-09T05:00:00,Debit,Louisville,Online,25,Student,1,2862.94,2024-02-07T10:00:00,BASELINE_NORMAL,overall_volume
TRANSACTIONS2000BASELINE001229,ACB00029,40.56,2024-02-26T07:00:00,Debit,San Diego,Online,58,Doctor,1,5002.91,2024-02-23T14:00:00,BASELINE_NORMAL,overall_volume
TRANSACTIONS2000BASELINE001230,ACB00030,253.01,2024-03-13T04:00:00,Debit,Mesa,Online,46,Doctor,1,6396.24,2024-03-09T18:00:00,BASELINE_NORMAL,overall_volume
TRANSACTIONS2000BASELINE001231,ACB00031,422.19,2024-02-17T18:00:00,Debit,Los Angeles,Branch,20,Student,1,1532.73,2024-02-14T13:00:00,BASELINE_NORMAL,overall_volume
TRANSACTIONS2000BASELINE001232,ACB00032,5.00,2024-02-09T20:00:00,Credit,Washington,Branch,39,Student,1,7123.53,2024-02-08T19:00:00,BASELINE_NORMAL,overall_volume
TRANSACTIONS2000BASELINE001233,ACB00033,209.17,2024-01-26T20:00:00,Debit,Miami,ATM,38,Student,1,1261.06,2024-01-25T11:00:00,BASELINE_NORMAL,overall_volume
TRANSACTIONS2000BASELINE001234,ACB00034,161.39,2024-02-06T00:00:00,Debit,Denver,ATM,38,Engineer,1,487.27,2024-02-02T20:00:00,BASELINE_NORMAL,overall_volume
TRANSACTIONS2000BASELINE001235,ACB00035,62.93,2024-01-28T17:00:00,Debit,Atlanta,Branch,42,Doctor,1,6255.55,2024-01-26T21:00:00,BASELINE_NORMAL,overall_volume
TRANSACTIONS2000BASELINE001236,ACB00036,320.80,2024-03-03T23:00:00,Debit,Detroit,ATM,28,Student,1,5829.79,2024-03-01T14:00:00,BASELINE_NORMAL,overall_volume
TRANSACTIONS2000BASELINE001237,ACB00037,240.48,2024-02-08T08:00:00,Debit,Fort Worth,ATM,51,Retired,1,2613.18,2024-02-05T10:00:00,BASELINE_NORMAL,overall_volume
TRANSACTIONS2000BASELINE001238,ACB00038,5.00,2024-03-07T22:00:00,Debit,Charlotte,Branch,44,Student,1,4767.35,2024-03-07T08:00:00,BASELINE_NORMAL,overall_volume
TRANSACTIONS2000BASELINE001239,ACB00039,401.19,2024-03-09T00:00:00,Debit,Miami,Branch,35,Student,1,2148.07,2024-03-05T03:00:00,BASELINE_NORMAL,overall_volume
TRANSACTIONS2000BASELINE001240,ACB00040,336.16,2024-03-08T06:00:00,Debit,Houston,ATM,53,Student,1,5481.54,2024-03-04T16:00:00,BASELINE_NORMAL,overall_volume
TRANSACTIONS2000BASELINE001241,ACB00041,243.13,2024-02-18T23:00:00,Debit,Chicago,Branch,55,Engineer,1,3259.53,2024-02-18T04:00:00,BASELINE_NORMAL,overall_volume
TRANSACTIONS2000BASELINE001242,ACB00042,442.54,2024-02-02T11:00:00,Debit,Seattle,Online,46,Student,1,4530.18,2024-01-30T20:00:00,BASELINE_NORMAL,overall_volume
TRANSACTIONS2000BASELINE001243,ACB00043,377.16,2024-02-18T15:00:00,Debit,Phoenix,Branch,48,Doctor,1,4087.12,2024-02-17T20:00:00,BASELINE_NORMAL,overall_volume
TRANSACTIONS2000BASELINE001244,ACB00044,2018.03,2024-02-23T03:00:00,Debit,Charlotte,ATM,44,Student,1,4869.87,2024-02-20T17:00:00,BASELINE_NORMAL,overall_volume
TRANSACTIONS2000BASELINE001245,ACB00045,277.48,2024-02-01T13:00:00,Debit,Sacramento,Online,41,Student,1,5950.99,2024-01-29T05:00:00,BASELINE_NORMAL,overall_volume
TRANSACTIONS2000BASELINE001246,ACB00046,296.08,2024-02-29T05:00:00,Debit,Philadelphia,Online,48,Engineer,1,6509.44,2024-02-26T19:00:00,BASELINE_NORMAL,overall_volume
TRANSACTIONS2000BASELINE001247,ACB00047,5.00,2024-02-04T03:00:00,Debit,Boston,Branch,33,Student,1,4593.99,2024-02-03T03:00:00,BASELINE_NORMAL,overall_volume
TRANSACTIONS2000BASELINE001248,ACB00048,131.84,2024-02-22T23:00:00,Debit,Philadelphia,ATM,71,Retired,1,8566.78,2024-02-21T04:00:00,BASELINE_NORMAL,overall_volume
TRANSACTIONS2000BASELINE001249,ACB00049,290.47,2024-02-23T03:00:00,Debit,Virginia Beach,Branch,48,Student,1,7715.40,2024-02-19T23:00:00,BASELINE_NORMAL,overall_volume
TRANSACTIONS2000BASELINE001250,ACB00050,283.25,2024-01-29T10:00:00,Debit,New York,Online,46,Student,2,5369.52,2024-01-27T15:00:00,BASELINE_NORMAL,overall_volume
TRANSACTIONS2000BASELINE001251,ACB00051,443.72,2024-02-26T14:00:00,Debit,El Paso,ATM,42,Doctor,1,6510.35,2024-02-22T15:00:00,BASELINE_NORMAL,overall_volume
TRANSACTIONS2000BASELINE001252,ACB00052,1093.19,2024-02-02T02:00:00,Credit,Memphis,ATM,40,Student,1,6216.27,2024-01-31T13:00:00,BASELINE_NORMAL,overall_volume
TRANSACTIONS2000BASELINE001253,ACB00053,106.13,2024-02-01T01:00:00,Debit,Phoenix,ATM,40,Doctor,1,4763.37,2024-01-28T05:00:00,BASELINE_NORMAL,overall_volume
TRANSACTIONS2000BASELINE001254,ACB00054,117.18,2024-02-23T01:00:00,Debit,Seattle,Online,48,Doctor,1,6179.24,2024-02-22T12:00:00,BASELINE_NORMAL,overall_volume
TRANSACTIONS2000BASELINE001255,ACB00055,214.20,2024-02-24T05:00:00,Debit,Las Vegas,Branch,40,Student,2,3510.44,2024-02-22T21:00:00,BASELINE_NORMAL,overall_volume
TRANSACTIONS2000BASELINE001256,ACB00056,5.00,2024-02-18T02:00:00,Debit,Portland,Online,40,Doctor,1,5258.88,2024-02-14T20:00:00,BASELINE_NORMAL,overall_volume
TRANSACTIONS2000BASELINE001257,ACB00057,609.74,2024-02-10T23:00:00,Credit,San Jose,Branch,37,Engineer,1,7165.76,2024-02-10T10:00:00,BASELINE_NORMAL,overall_volume
TRANSACTIONS2000BASELINE001258,ACB00058,354.23,2024-01-20T07:00:00,Debit,Tucson,Online,24,Student,1,1465.56,2024-01-19T00:00:00,BASELINE_NORMAL,overall_volume
TRANSACTIONS2000BASELINE001259,ACB00059,46.10,2024-02-29T07:00:00,Debit,Columbus,ATM,40,Engineer,1,294.91,2024-02-26T09:00:00,BASELINE_NORMAL,overall_volume
TRANSACTIONS2000BASELINE001260,ACB00060,127.07,2024-02-04T15:00:00,Debit,Charlotte,Branch,62,Engineer,1,3560.44,2024-02-02T09:00:00,BASELINE_NORMAL,overall_volume
TRANSACTIONS2000BASELINE001261,ACB00061,603.03,2024-02-25T08:00:00,Debit,Phoenix,ATM,53,Retired,1,3828.54,2024-02-24T16:00:00,BASELINE_NORMAL,overall_volume
TRANSACTIONS2000BASELINE001262,ACB00062,5.00,2024-03-08T16:00:00,Debit,Louisville,ATM,50,Engineer,1,5832.45,2024-03-07T20:00:00,BASELINE_NORMAL,overall_volume
TRANSACTIONS2000BASELINE001263,ACB00063,460.70,2024-01-26T16:00:00,Credit,Chicago,Branch,55,Retired,1,4602.03,2024-01-25T17:00:00,BASELINE_NORMAL,overall_volume
TRANSACTIONS2000BASELINE001264,ACB00064,261.22,2024-02-21T00:00:00,Credit,Philadelphia,Branch,43,Student,1,3240.26,2024-02-18T22:00:00,BASELINE_NORMAL,overall_volume
TRANSACTIONS2000BASELINE001265,ACB00065,531.91,2024-02-29T08:00:00,Debit,San Jose,Online,47,Doctor,1,6659.60,2024-02-26T18:00:00,BASELINE_NORMAL,overall_volume
TRANSACTIONS2000BASELINE001266,ACB00066,5.00,2024-02-12T10:00:00,Debit,Miami,ATM,44,Doctor,1,1847.51,2024-02-08T18:00:00,BASELINE_NORMAL,overall_volume
TRANSACTIONS2000BASELINE001267,ACB00067,361.93,2024-01-23T08:00:00,Credit,Jacksonville,Online,54,Retired,1,7040.72,2024-01-22T12:00:00,BASELINE_NORMAL,overall_volume
TRANSACTIONS2000BASELINE001268,ACB00068,371.11,2024-03-02T11:00:00,Debit,Miami,ATM,59,Retired,1,3136.75,2024-02-28T11:00:00,BASELINE_NORMAL,overall_volume
TRANSACTIONS2000BASELINE001269,ACB00069,323.99,2024-02-25T20:00:00,Debit,Baltimore,ATM,46,Retired,2,3356.90,2024-02-24T16:00:00,BASELINE_NORMAL,overall_volume
TRANSACTIONS2000BASELINE001270,ACB00070,5.00,2024-02-08T19:00:00,Debit,Seattle,ATM,42,Student,1,4649.12,2024-02-06T02:00:00,BASELINE_NORMAL,overall_volume
TRANSACTIONS2000BASELINE001271,ACB00071,229.23,2024-02-14T15:00:00,Credit,Nashville,ATM,56,Retired,2,4172.88,2024-02-13T21:00:00,BASELINE_NORMAL,overall_volume
TRANSACTIONS2000BASELINE001272,ACB00072,979.09,2024-02-13T23:00:00,Debit,Louisville,Branch,37,Student,1,6343.84,2024-02-11T00:00:00,BASELINE_NORMAL,overall_volume
TRANSACTIONS2000BASELINE001273,ACB00073,321.28,2024-02-11T05:00:00,Credit,Fort Worth,ATM,55,Engineer,1,4028.95,2024-02-07T22:00:00,BASELINE_NORMAL,overall_volume
TRANSACTIONS2000BASELINE001274,ACB00074,5.00,2024-02-12T16:00:00,Credit,San Francisco,Branch,45,Student,1,5802.58,2024-02-09T15:00:00,BASELINE_NORMAL,overall_volume
TRANSACTIONS2000BASELINE001275,ACB00075,23.86,2024-02-13T20:00:00,Debit,Austin,Online,46,Engineer,1,4858.78,2024-02-10T21:00:00,BASELINE_NORMAL,overall_volume
TRANSACTIONS2000BASELINE001276,ACB00076,311.25,2024-02-20T06:00:00,Debit,Fort Worth,Online,68,Retired,2,5938.35,2024-02-19T07:00:00,BASELINE_NORMAL,overall_volume
TRANSACTIONS2000BASELINE001277,ACB00077,78.42,2024-02-29T14:00:00,Debit,Philadelphia,Online,68,Retired,1,6660.33,2024-02-27T17:00:00,BASELINE_NORMAL,overall_volume
TRANSACTIONS2000BASELINE001278,ACB00078,40.08,2024-02-26T01:00:00,Debit,San Diego,Online,37,Student,1,2612.54,2024-02-25T19:00:00,BASELINE_NORMAL,overall_volume
TRANSACTIONS2000BASELINE001279,ACB00079,394.72,2024-02-07T01:00:00,Debit,Philadelphia,ATM,53,Doctor,1,4091.16,2024-02-03T10:00:00,BASELINE_NORMAL,overall_volume
TRANSACTIONS2000BASELINE001280,ACB00080,5.00,2024-01-31T22:00:00,Debit,Austin,Online,52,Engineer,2,8860.89,2024-01-31T13:00:00,BASELINE_NORMAL,overall_volume
TRANSACTIONS2000BASELINE001281,ACB00081,411.37,2024-03-03T03:00:00,Debit,Fresno,ATM,48,Student,1,6794.96,2024-03-01T09:00:00,BASELINE_NORMAL,overall_volume
TRANSACTIONS2000BASELINE001282,ACB00082,513.74,2024-02-12T22:00:00,Debit,Kansas City,Branch,52,Doctor,1,7978.24,2024-02-12T07:00:00,BASELINE_NORMAL,overall_volume
TRANSACTIONS2000BASELINE001283,ACB00083,308.78,2024-02-23T23:00:00,Debit,Fort Worth,Branch,35,Student,1,3152.80,2024-02-21T23:00:00,BASELINE_NORMAL,overall_volume
TRANSACTIONS2000BASELINE001284,ACB00084,286.94,2024-02-13T23:00:00,Credit,Kansas City,Branch,48,Engineer,1,4554.53,2024-02-10T10:00:00,BASELINE_NORMAL,overall_volume
TRANSACTIONS2000BASELINE001285,ACB00085,5.00,2024-01-24T08:00:00,Debit,Nashville,ATM,46,Engineer,1,5006.06,2024-01-21T15:00:00,BASELINE_NORMAL,overall_volume
TRANSACTIONS2000BASELINE001286,ACB00086,414.65,2024-02-13T01:00:00,Debit,Los Angeles,Branch,51,Retired,2,2876.35,2024-02-10T21:00:00,BASELINE_NORMAL,overall_volume
TRANSACTIONS2000BASELINE001287,ACB00087,343.87,2024-02-12T23:00:00,Debit,New York,Branch,49,Doctor,1,4396.55,2024-02-11T23:00:00,BASELINE_NORMAL,overall_volume
TRANSACTIONS2000BASELINE001288,ACB00088,5.00,2024-02-27T03:00:00,Debit,Dallas,ATM,52,Retired,1,3532.65,2024-02-25T12:00:00,BASELINE_NORMAL,overall_volume
TRANSACTIONS2000BASELINE001289,ACB00089,547.87,2024-02-24T10:00:00,Debit,Albuquerque,ATM,38,Student,1,2688.43,2024-02-20T20:00:00,BASELINE_NORMAL,overall_volume
TRANSACTIONS2000BASELINE001290,ACB00090,27.55,2024-03-15T10:00:00,Debit,El Paso,ATM,57,Retired,3,6995.54,2024-03-11T18:00:00,BASELINE_NORMAL,overall_volume
TRANSACTIONS2000BASELINE001291,ACB00091,523.64,2024-02-23T23:00:00,Credit,Omaha,Branch,48,Engineer,2,3610.78,2024-02-21T09:00:00,BASELINE_NORMAL,overall_volume
TRANSACTIONS2000BASELINE001292,ACB00092,528.09,2024-03-05T09:00:00,Debit,Albuquerque,ATM,37,Student,1,6154.40,2024-03-04T12:00:00,BASELINE_NORMAL,overall_volume
TRANSACTIONS2000BASELINE001293,ACB00093,47.86,2024-02-19T07:00:00,Debit,Seattle,ATM,30,Engineer,3,2959.41,2024-02-17T09:00:00,BASELINE_NORMAL,overall_volume
TRANSACTIONS2000BASELINE001294,ACB00094,5.00,2024-03-04T16:00:00,Debit,Oklahoma City,ATM,59,Retired,1,2618.21,2024-03-01T20:00:00,BASELINE_NORMAL,overall_volume
TRANSACTIONS2000BASELINE001295,ACB00095,616.97,2024-01-24T19:00:00,Debit,Colorado Springs,Online,65,Retired,1,3594.16,2024-01-24T01:00:00,BASELINE_NORMAL,overall_volume
TRANSACTIONS2000BASELINE001296,ACB00096,364.52,2024-01-28T11:00:00,Debit,Miami,ATM,38,Student,1,4303.38,2024-01-27T10:00:00,BASELINE_NORMAL,overall_volume
TRANSACTIONS2000BASELINE001297,ACB00097,5.00,2024-03-04T00:00:00,Debit,Phoenix,Branch,39,Doctor,1,7101.33,2024-02-29T06:00:00,BASELINE_NORMAL,overall_volume
TRANSACTIONS2000BASELINE001298,ACB00098,5.00,2024-01-27T16:00:00,Debit,Miami,Online,47,Retired,1,3676.82,2024-01-24T06:00:00,BASELINE_NORMAL,overall_volume
TRANSACTIONS2000BASELINE001299,ACB00099,210.17,2024-01-22T17:00:00,Debit,Atlanta,Online,44,Student,2,5991.51,2024-01-21T07:00:00,BASELINE_NORMAL,overall_volume
TRANSACTIONS2000BASELINE001300,ACB00100,462.69,2024-02-14T17:00:00,Debit,Houston,Branch,36,Doctor,1,5232.09,2024-02-13T04:00:00,BASELINE_NORMAL,overall_volume
TRANSACTIONS2000BASELINE001301,ACB00101,614.38,2024-02-24T22:00:00,Debit,Dallas,Online,28,Student,1,2328.79,2024-02-22T02:00:00,BASELINE_NORMAL,overall_volume
TRANSACTIONS2000BASELINE001302,ACB00102,48.64,2024-02-06T22:00:00,Debit,Columbus,Online,28,Student,1,7868.83,2024-02-05T13:00:00,BASELINE_NORMAL,overall_volume
TRANSACTIONS2000BASELINE001303,ACB00103,87.55,2024-02-17T08:00:00,Debit,Milwaukee,ATM,26,Student,1,9488.09,2024-02-15T20:00:00,BASELINE_NORMAL,overall_volume
TRANSACTIONS2000BASELINE001304,ACB00104,219.42,2024-02-19T16:00:00,Debit,Phoenix,Online,62,Retired,1,7232.12,2024-02-18T07:00:00,BASELINE_NORMAL,overall_volume
TRANSACTIONS2000BASELINE001305,ACB00105,946.81,2024-02-16T17:00:00,Debit,San Jose,ATM,40,Student,1,2952.29,2024-02-15T09:00:00,BASELINE_NORMAL,overall_volume
TRANSACTIONS2000BASELINE001306,ACB00106,134.89,2024-02-04T23:00:00,Debit,Baltimore,ATM,50,Engineer,2,4615.50,2024-02-02T17:00:00,BASELINE_NORMAL,overall_volume
TRANSACTIONS2000BASELINE001307,ACB00107,302.17,2024-02-29T09:00:00,Debit,Jacksonville,Branch,51,Engineer,1,5559.03,2024-02-25T15:00:00,BASELINE_NORMAL,overall_volume
TRANSACTIONS2000BASELINE001308,ACB00108,777.27,2024-02-08T18:00:00,Debit,El Paso,Branch,42,Doctor,2,4461.31,2024-02-05T00:00:00,BASELINE_NORMAL,overall_volume
TRANSACTIONS2000BASELINE001309,ACB00109,140.18,2024-01-26T15:00:00,Debit,San Francisco,ATM,49,Student,1,5991.62,2024-01-26T01:00:00,BASELINE_NORMAL,overall_volume
TRANSACTIONS2000BASELINE001310,ACB00110,265.46,2024-03-02T01:00:00,Debit,Nashville,Online,61,Engineer,1,5196.38,2024-02-28T06:00:00,BASELINE_NORMAL,overall_volume
TRANSACTIONS2000BASELINE001311,ACB00111,5.00,2024-02-15T02:00:00,Debit,San Diego,ATM,46,Retired,2,4978.45,2024-02-14T01:00:00,BASELINE_NORMAL,overall_volume
TRANSACTIONS2000BASELINE001312,ACB00112,18.87,2024-02-07T01:00:00,Credit,Mesa,Branch,46,Doctor,1,10411.42,2024-02-04T22:00:00,BASELINE_NORMAL,overall_volume
TRANSACTIONS2000BASELINE001313,ACB00113,5.00,2024-03-04T10:00:00,Debit,Indianapolis,Branch,31,Student,2,2642.27,2024-03-01T14:00:00,BASELINE_NORMAL,overall_volume
TRANSACTIONS2000BASELINE001314,ACB00114,192.62,2024-02-23T23:00:00,Debit,Sacramento,Branch,33,Student,1,5272.84,2024-02-22T06:00:00,BASELINE_NORMAL,overall_volume
TRANSACTIONS2000BASELINE001315,ACB00115,49.57,2024-02-04T10:00:00,Credit,Colorado Springs,Branch,50,Doctor,2,11449.78,2024-01-31T15:00:00,BASELINE_NORMAL,overall_volume
TRANSACTIONS2000BASELINE001316,ACB00116,262.51,2024-03-01T09:00:00,Debit,Atlanta,ATM,53,Student,1,4319.18,2024-02-26T11:00:00,BASELINE_NORMAL,overall_volume
TRANSACTIONS2000BASELINE001317,ACB00117,18.20,2024-03-08T23:00:00,Debit,Columbus,Online,47,Retired,1,6195.65,2024-03-05T10:00:00,BASELINE_NORMAL,overall_volume
TRANSACTIONS2000BASELINE001318,ACB00118,305.23,2024-01-25T04:00:00,Debit,Phoenix,Branch,51,Engineer,1,8150.29,2024-01-22T01:00:00,BASELINE_NORMAL,overall_volume
TRANSACTIONS2000BASELINE001319,ACB00119,203.89,2024-03-02T02:00:00,Debit,San Diego,Online,47,Engineer,2,7045.30,2024-02-29T20:00:00,BASELINE_NORMAL,overall_volume
TRANSACTIONS2000BASELINE001320,ACB00120,50.11,2024-02-04T05:00:00,Debit,Columbus,ATM,40,Engineer,1,251.89,2024-02-01T13:00:00,BASELINE_NORMAL,overall_volume
TRANSACTIONS2000BASELINE001321,ACB00001,172.23,2024-02-06T13:00:00,Debit,Jacksonville,ATM,39,Student,3,5561.27,2024-02-03T05:00:00,BASELINE_NORMAL,overall_volume
TRANSACTIONS2000BASELINE001322,ACB00002,572.51,2024-02-12T12:00:00,Debit,Nashville,ATM,44,Student,1,6176.93,2024-02-10T17:00:00,BASELINE_NORMAL,overall_volume
TRANSACTIONS2000BASELINE001323,ACB00003,201.15,2024-01-22T14:00:00,Debit,Nashville,Online,38,Student,1,6513.06,2024-01-22T05:00:00,BASELINE_NORMAL,overall_volume
TRANSACTIONS2000BASELINE001324,ACB00004,412.91,2024-02-22T11:00:00,Debit,Seattle,Branch,55,Doctor,2,7408.90,2024-02-19T17:00:00,BASELINE_NORMAL,overall_volume
TRANSACTIONS2000BASELINE001325,ACB00005,104.73,2024-02-12T19:00:00,Credit,San Jose,Branch,43,Student,1,1603.59,2024-02-11T01:00:00,BASELINE_NORMAL,overall_volume
TRANSACTIONS2000BASELINE001326,ACB00006,76.91,2024-03-09T22:00:00,Debit,Charlotte,Online,59,Engineer,1,9824.72,2024-03-08T01:00:00,BASELINE_NORMAL,overall_volume
TRANSACTIONS2000BASELINE001327,ACB00007,10.20,2024-02-07T02:00:00,Debit,San Antonio,Online,47,Engineer,3,5036.35,2024-02-03T06:00:00,BASELINE_NORMAL,overall_volume
TRANSACTIONS2000BASELINE001328,ACB00008,341.25,2024-02-27T09:00:00,Debit,Austin,ATM,48,Engineer,1,6240.01,2024-02-26T23:00:00,BASELINE_NORMAL,overall_volume
TRANSACTIONS2000BASELINE001329,ACB00009,148.55,2024-01-29T16:00:00,Debit,Philadelphia,ATM,71,Retired,1,3786.37,2024-01-28T04:00:00,BASELINE_NORMAL,overall_volume
TRANSACTIONS2000BASELINE001330,ACB00010,104.55,2024-01-31T13:00:00,Debit,Oklahoma City,Online,44,Doctor,1,6129.61,2024-01-30T03:00:00,BASELINE_NORMAL,overall_volume
TRANSACTIONS2000BASELINE001331,ACB00011,204.99,2024-02-08T20:00:00,Debit,Detroit,ATM,59,Retired,1,10938.06,2024-02-07T00:00:00,BASELINE_NORMAL,overall_volume
TRANSACTIONS2000BASELINE001332,ACB00012,644.31,2024-02-29T15:00:00,Debit,Atlanta,Online,33,Doctor,2,3880.22,2024-02-26T03:00:00,BASELINE_NORMAL,overall_volume
TRANSACTIONS2000BASELINE001333,ACB00013,5.00,2024-02-09T15:00:00,Debit,Washington,ATM,53,Engineer,1,11050.65,2024-02-09T07:00:00,BASELINE_NORMAL,overall_volume
TRANSACTIONS2000BASELINE001334,ACB00014,5.00,2024-02-21T22:00:00,Credit,Boston,ATM,34,Engineer,1,6548.13,2024-02-19T05:00:00,BASELINE_NORMAL,overall_volume
TRANSACTIONS2000BASELINE001335,ACB00015,421.65,2024-01-28T21:00:00,Debit,Oklahoma City,Branch,40,Doctor,1,4742.56,2024-01-26T03:00:00,BASELINE_NORMAL,overall_volume
TRANSACTIONS2000BASELINE001336,ACB00016,105.27,2024-02-04T02:00:00,Debit,Denver,Branch,45,Retired,1,3208.71,2024-01-31T14:00:00,BASELINE_NORMAL,overall_volume
TRANSACTIONS2000BASELINE001337,ACB00017,502.87,2024-03-04T10:00:00,Credit,Nashville,ATM,45,Engineer,1,6292.25,2024-03-03T06:00:00,BASELINE_NORMAL,overall_volume
TRANSACTIONS2000BASELINE001338,ACB00018,44.82,2024-02-21T01:00:00,Credit,Atlanta,Branch,45,Retired,1,2337.44,2024-02-20T13:00:00,BASELINE_NORMAL,overall_volume
TRANSACTIONS2000BASELINE001339,ACB00019,217.51,2024-03-01T13:00:00,Debit,Milwaukee,ATM,68,Retired,1,3676.81,2024-02-27T10:00:00,BASELINE_NORMAL,overall_volume
TRANSACTIONS2000BASELINE001340,ACB00020,120.46,2024-01-18T20:00:00,Debit,Austin,Branch,48,Student,1,6244.42,2024-01-18T13:00:00,BASELINE_NORMAL,overall_volume
TRANSACTIONS2000BASELINE001341,ACB00021,171.54,2024-01-22T17:00:00,Debit,Kansas City,Branch,48,Engineer,1,3041.25,2024-01-18T21:00:00,BASELINE_NORMAL,overall_volume
TRANSACTIONS2000BASELINE001342,ACB00022,193.10,2024-02-15T13:00:00,Debit,San Antonio,ATM,46,Retired,1,3402.48,2024-02-12T18:00:00,BASELINE_NORMAL,overall_volume
TRANSACTIONS2000BASELINE001343,ACB00023,166.80,2024-02-10T09:00:00,Debit,San Jose,ATM,44,Student,1,7019.36,2024-02-08T00:00:00,BASELINE_NORMAL,overall_volume
TRANSACTIONS2000BASELINE001344,ACB00024,17.43,2024-02-27T00:00:00,Debit,New York,Branch,31,Student,1,3716.84,2024-02-24T12:00:00,BASELINE_NORMAL,overall_volume
TRANSACTIONS2000BASELINE001345,ACB00025,702.75,2024-03-08T02:00:00,Credit,Colorado Springs,Online,65,Retired,1,4902.90,2024-03-04T13:00:00,BASELINE_NORMAL,overall_volume
TRANSACTIONS2000BASELINE001346,ACB00026,236.97,2024-02-23T11:00:00,Debit,Kansas City,Online,43,Student,2,7878.38,2024-02-20T12:00:00,BASELINE_NORMAL,overall_volume
TRANSACTIONS2000BASELINE001347,ACB00027,249.91,2024-02-10T22:00:00,Debit,San Antonio,Branch,51,Retired,1,1778.14,2024-02-09T11:00:00,BASELINE_NORMAL,overall_volume
TRANSACTIONS2000BASELINE001348,ACB00028,34.87,2024-02-12T11:00:00,Debit,San Diego,Online,25,Student,1,3924.33,2024-02-09T05:00:00,BASELINE_NORMAL,overall_volume
TRANSACTIONS2000BASELINE001349,ACB00029,338.77,2024-02-27T15:00:00,Debit,El Paso,ATM,58,Doctor,2,2775.24,2024-02-26T07:00:00,BASELINE_NORMAL,overall_volume
TRANSACTIONS2000BASELINE001350,ACB00030,461.92,2024-03-16T06:00:00,Credit,Los Angeles,Online,46,Doctor,1,5594.51,2024-03-13T04:00:00,BASELINE_NORMAL,overall_volume
TRANSACTIONS2000BASELINE001351,ACB00031,829.77,2024-02-20T14:00:00,Debit,San Antonio,Branch,20,Student,1,1886.49,2024-02-17T18:00:00,BASELINE_NORMAL,overall_volume
TRANSACTIONS2000BASELINE001352,ACB00032,128.89,2024-02-13T11:00:00,Debit,Washington,Branch,39,Student,1,5234.16,2024-02-09T20:00:00,BASELINE_NORMAL,overall_volume
TRANSACTIONS2000BASELINE001353,ACB00033,605.19,2024-01-28T10:00:00,Debit,Chicago,ATM,38,Student,2,2545.69,2024-01-26T20:00:00,BASELINE_NORMAL,overall_volume
TRANSACTIONS2000BASELINE001354,ACB00034,201.50,2024-02-09T18:00:00,Debit,Denver,ATM,38,Engineer,1,723.61,2024-02-06T00:00:00,BASELINE_NORMAL,overall_volume
TRANSACTIONS2000BASELINE001355,ACB00035,219.46,2024-01-29T11:00:00,Debit,San Antonio,Branch,42,Doctor,3,6169.29,2024-01-28T17:00:00,BASELINE_NORMAL,overall_volume
TRANSACTIONS2000BASELINE001356,ACB00036,328.28,2024-03-05T10:00:00,Credit,Los Angeles,ATM,28,Student,1,5959.99,2024-03-03T23:00:00,BASELINE_NORMAL,overall_volume
TRANSACTIONS2000BASELINE001357,ACB00037,451.96,2024-02-10T16:00:00,Credit,Las Vegas,ATM,51,Retired,1,4916.73,2024-02-08T08:00:00,BASELINE_NORMAL,overall_volume
TRANSACTIONS2000BASELINE001358,ACB00038,31.70,2024-03-11T00:00:00,Debit,Oklahoma City,Online,44,Student,3,2970.33,2024-03-07T22:00:00,BASELINE_NORMAL,overall_volume
TRANSACTIONS2000BASELINE001359,ACB00039,100.65,2024-03-11T06:00:00,Debit,Colorado Springs,Online,35,Student,1,2611.10,2024-03-09T00:00:00,BASELINE_NORMAL,overall_volume
TRANSACTIONS2000BASELINE001360,ACB00040,371.13,2024-03-10T23:00:00,Debit,Indianapolis,Branch,53,Student,1,4122.95,2024-03-08T06:00:00,BASELINE_NORMAL,overall_volume
TRANSACTIONS2000BASELINE001361,ACB00041,408.56,2024-02-20T10:00:00,Credit,San Jose,Branch,55,Engineer,1,2745.45,2024-02-18T23:00:00,BASELINE_NORMAL,overall_volume
TRANSACTIONS2000BASELINE001362,ACB00042,677.24,2024-02-04T15:00:00,Debit,Virginia Beach,ATM,46,Student,1,7265.37,2024-02-02T11:00:00,BASELINE_NORMAL,overall_volume
TRANSACTIONS2000BASELINE001363,ACB00043,198.15,2024-02-21T15:00:00,Credit,Seattle,Branch,48,Doctor,1,7003.59,2024-02-18T15:00:00,BASELINE_NORMAL,overall_volume
TRANSACTIONS2000BASELINE001364,ACB00044,164.51,2024-02-26T01:00:00,Debit,Los Angeles,Branch,44,Student,1,4894.61,2024-02-23T03:00:00,BASELINE_NORMAL,overall_volume
TRANSACTIONS2000BASELINE001365,ACB00045,296.00,2024-02-04T04:00:00,Credit,Dallas,Online,41,Student,1,5188.11,2024-02-01T13:00:00,BASELINE_NORMAL,overall_volume
TRANSACTIONS2000BASELINE001366,ACB00046,95.49,2024-03-03T12:00:00,Debit,Philadelphia,ATM,48,Engineer,1,7065.87,2024-02-29T05:00:00,BASELINE_NORMAL,overall_volume
TRANSACTIONS2000BASELINE001367,ACB00047,5.00,2024-02-08T03:00:00,Debit,Detroit,Branch,33,Student,1,4548.62,2024-02-04T03:00:00,BASELINE_NORMAL,overall_volume
TRANSACTIONS2000BASELINE001368,ACB00048,160.58,2024-02-25T05:00:00,Debit,Philadelphia,ATM,71,Retired,1,6715.30,2024-02-22T23:00:00,BASELINE_NORMAL,overall_volume
TRANSACTIONS2000BASELINE001369,ACB00049,236.89,2024-02-23T13:00:00,Debit,Virginia Beach,Online,48,Student,1,6385.77,2024-02-23T03:00:00,BASELINE_NORMAL,overall_volume
TRANSACTIONS2000BASELINE001370,ACB00050,7.71,2024-01-30T06:00:00,Debit,Sacramento,Branch,46,Student,1,4268.25,2024-01-29T10:00:00,BASELINE_NORMAL,overall_volume
TRANSACTIONS2000BASELINE001371,ACB00051,657.62,2024-02-27T15:00:00,Debit,El Paso,ATM,42,Doctor,3,7225.18,2024-02-26T14:00:00,BASELINE_NORMAL,overall_volume
TRANSACTIONS2000BASELINE001372,ACB00052,2025.02,2024-02-04T16:00:00,Debit,Miami,ATM,40,Student,1,8312.25,2024-02-02T02:00:00,BASELINE_NORMAL,overall_volume
TRANSACTIONS2000BASELINE001373,ACB00053,118.68,2024-02-02T23:00:00,Credit,Portland,ATM,40,Doctor,1,6083.36,2024-02-01T01:00:00,BASELINE_NORMAL,overall_volume
TRANSACTIONS2000BASELINE001374,ACB00054,5.00,2024-02-26T07:00:00,Debit,Colorado Springs,Branch,48,Doctor,1,10558.68,2024-02-23T01:00:00,BASELINE_NORMAL,overall_volume
TRANSACTIONS2000BASELINE001375,ACB00055,130.69,2024-02-25T15:00:00,Credit,Mesa,ATM,40,Student,1,1652.50,2024-02-24T05:00:00,BASELINE_NORMAL,overall_volume
TRANSACTIONS2000BASELINE001376,ACB00056,546.32,2024-02-19T23:00:00,Credit,Houston,Branch,40,Doctor,1,5153.81,2024-02-18T02:00:00,BASELINE_NORMAL,overall_volume
TRANSACTIONS2000BASELINE001377,ACB00057,5.00,2024-02-13T18:00:00,Debit,Oklahoma City,ATM,37,Engineer,1,6010.95,2024-02-10T23:00:00,BASELINE_NORMAL,overall_volume
TRANSACTIONS2000BASELINE001378,ACB00058,361.92,2024-01-23T06:00:00,Debit,Tucson,Online,24,Student,1,1707.19,2024-01-20T07:00:00,BASELINE_NORMAL,overall_volume
TRANSACTIONS2000BASELINE001379,ACB00059,50.91,2024-03-01T09:00:00,Debit,Columbus,ATM,40,Engineer,2,260.51,2024-02-29T07:00:00,BASELINE_NORMAL,overall_volume
TRANSACTIONS2000BASELINE001380,ACB00060,85.74,2024-02-05T01:00:00,Debit,Charlotte,Branch,62,Engineer,1,5399.40,2024-02-04T15:00:00,BASELINE_NORMAL,overall_volume
TRANSACTIONS2000BASELINE001381,ACB00061,198.29,2024-02-28T14:00:00,Debit,Mesa,Online,53,Retired,1,2695.00,2024-02-25T08:00:00,BASELINE_NORMAL,overall_volume
TRANSACTIONS2000BASELINE001382,ACB00062,497.18,2024-03-10T16:00:00,Debit,Kansas City,ATM,50,Engineer,1,4402.83,2024-03-08T16:00:00,BASELINE_NORMAL,overall_volume
TRANSACTIONS2000BASELINE001383,ACB00063,430.22,2024-01-30T01:00:00,Debit,Chicago,Branch,55,Retired,1,6577.14,2024-01-26T16:00:00,BASELINE_NORMAL,overall_volume
TRANSACTIONS2000BASELINE001384,ACB00064,308.14,2024-02-22T19:00:00,Debit,Columbus,Branch,43,Student,1,2456.40,2024-02-21T00:00:00,BASELINE_NORMAL,overall_volume
TRANSACTIONS2000BASELINE001385,ACB00065,470.81,2024-02-29T20:00:00,Debit,San Jose,Online,47,Doctor,1,6139.38,2024-02-29T08:00:00,BASELINE_NORMAL,overall_volume
TRANSACTIONS2000BASELINE001386,ACB00066,706.74,2024-02-13T21:00:00,Debit,Philadelphia,ATM,44,Doctor,1,2184.68,2024-02-12T10:00:00,BASELINE_NORMAL,overall_volume
TRANSACTIONS2000BASELINE001387,ACB00067,207.56,2024-01-25T13:00:00,Credit,Jacksonville,Online,54,Retired,2,7838.25,2024-01-23T08:00:00,BASELINE_NORMAL,overall_volume
TRANSACTIONS2000BASELINE001388,ACB00068,187.37,2024-03-03T07:00:00,Debit,Oklahoma City,ATM,59,Retired,1,2421.35,2024-03-02T11:00:00,BASELINE_NORMAL,overall_volume
TRANSACTIONS2000BASELINE001389,ACB00069,900.52,2024-02-28T01:00:00,Debit,Louisville,ATM,46,Retired,1,2094.63,2024-02-25T20:00:00,BASELINE_NORMAL,overall_volume
TRANSACTIONS2000BASELINE001390,ACB00070,219.44,2024-02-12T03:00:00,Debit,Jacksonville,Online,42,Student,1,2851.28,2024-02-08T19:00:00,BASELINE_NORMAL,overall_volume
TRANSACTIONS2000BASELINE001391,ACB00071,266.87,2024-02-16T14:00:00,Debit,Nashville,Branch,56,Retired,1,3276.03,2024-02-14T15:00:00,BASELINE_NORMAL,overall_volume
TRANSACTIONS2000BASELINE001392,ACB00072,5.00,2024-02-17T13:00:00,Debit,Colorado Springs,ATM,37,Student,1,2349.46,2024-02-13T23:00:00,BASELINE_NORMAL,overall_volume
TRANSACTIONS2000BASELINE001393,ACB00073,361.05,2024-02-13T23:00:00,Credit,Fort Worth,Branch,55,Engineer,1,4200.07,2024-02-11T05:00:00,BASELINE_NORMAL,overall_volume
TRANSACTIONS2000BASELINE001394,ACB00074,150.78,2024-02-13T07:00:00,Debit,Milwaukee,Branch,45,Student,1,3760.36,2024-02-12T16:00:00,BASELINE_NORMAL,overall_volume
TRANSACTIONS2000BASELINE001395,ACB00075,881.76,2024-02-15T09:00:00,Credit,San Diego,Online,46,Engineer,2,5831.92,2024-02-13T20:00:00,BASELINE_NORMAL,overall_volume
TRANSACTIONS2000BASELINE001396,ACB00076,652.64,2024-02-21T04:00:00,Debit,Fort Worth,Online,68,Retired,2,5377.27,2024-02-20T06:00:00,BASELINE_NORMAL,overall_volume
TRANSACTIONS2000BASELINE001397,ACB00077,569.14,2024-03-02T07:00:00,Debit,Fort Worth,Online,68,Retired,1,7154.16,2024-02-29T14:00:00,BASELINE_NORMAL,overall_volume
TRANSACTIONS2000BASELINE001398,ACB00078,5.00,2024-02-29T20:00:00,Debit,Denver,ATM,37,Student,1,2788.75,2024-02-26T01:00:00,BASELINE_NORMAL,overall_volume
TRANSACTIONS2000BASELINE001399,ACB00079,5.00,2024-02-10T12:00:00,Debit,Philadelphia,ATM,53,Doctor,1,7020.66,2024-02-07T01:00:00,BASELINE_NORMAL,overall_volume
TRANSACTIONS2000BASELINE001400,ACB00080,625.29,2024-02-04T19:00:00,Debit,Austin,Online,52,Engineer,1,7886.63,2024-01-31T22:00:00,BASELINE_NORMAL,overall_volume
TRANSACTIONS2000BASELINE001401,ACB00081,52.58,2024-03-03T15:00:00,Debit,San Francisco,ATM,48,Student,1,8558.86,2024-03-03T03:00:00,BASELINE_NORMAL,overall_volume
TRANSACTIONS2000BASELINE001402,ACB00082,474.67,2024-02-15T08:00:00,Debit,Kansas City,Branch,52,Doctor,1,7509.89,2024-02-12T22:00:00,BASELINE_NORMAL,overall_volume
TRANSACTIONS2000BASELINE001403,ACB00083,494.13,2024-02-26T09:00:00,Debit,Colorado Springs,Branch,35,Student,2,2913.30,2024-02-23T23:00:00,BASELINE_NORMAL,overall_volume
TRANSACTIONS2000BASELINE001404,ACB00084,86.04,2024-02-17T18:00:00,Credit,San Jose,Branch,48,Engineer,1,4221.77,2024-02-13T23:00:00,BASELINE_NORMAL,overall_volume
TRANSACTIONS2000BASELINE001405,ACB00085,209.37,2024-01-27T15:00:00,Credit,Houston,ATM,46,Engineer,1,5694.74,2024-01-24T08:00:00,BASELINE_NORMAL,overall_volume
TRANSACTIONS2000BASELINE001406,ACB00086,155.84,2024-02-16T00:00:00,Debit,San Antonio,Branch,51,Retired,1,2035.20,2024-02-13T01:00:00,BASELINE_NORMAL,overall_volume
TRANSACTIONS2000BASELINE001407,ACB00087,136.42,2024-02-13T21:00:00,Debit,San Diego,Branch,49,Doctor,2,5224.96,2024-02-12T23:00:00,BASELINE_NORMAL,overall_volume
TRANSACTIONS2000BASELINE001408,ACB00088,181.09,2024-02-28T07:00:00,Debit,Dallas,ATM,52,Retired,2,6087.55,2024-02-27T03:00:00,BASELINE_NORMAL,overall_volume
TRANSACTIONS2000BASELINE001409,ACB00089,787.06,2024-02-26T05:00:00,Debit,Tucson,ATM,38,Student,1,1790.70,2024-02-24T10:00:00,BASELINE_NORMAL,overall_volume
TRANSACTIONS2000BASELINE001410,ACB00090,39.98,2024-03-18T21:00:00,Debit,El Paso,ATM,57,Retired,1,7217.91,2024-03-15T10:00:00,BASELINE_NORMAL,overall_volume
TRANSACTIONS2000BASELINE001411,ACB00091,5.00,2024-02-26T14:00:00,Debit,Austin,ATM,48,Engineer,1,5397.57,2024-02-23T23:00:00,BASELINE_NORMAL,overall_volume
TRANSACTIONS2000BASELINE001412,ACB00092,5.00,2024-03-06T03:00:00,Debit,Memphis,ATM,37,Student,1,3136.45,2024-03-05T09:00:00,BASELINE_NORMAL,overall_volume
TRANSACTIONS2000BASELINE001413,ACB00093,19.96,2024-02-20T23:00:00,Debit,Seattle,ATM,30,Engineer,1,2782.44,2024-02-19T07:00:00,BASELINE_NORMAL,overall_volume
TRANSACTIONS2000BASELINE001414,ACB00094,830.41,2024-03-06T20:00:00,Debit,Oklahoma City,Branch,59,Retired,1,3076.07,2024-03-04T16:00:00,BASELINE_NORMAL,overall_volume
TRANSACTIONS2000BASELINE001415,ACB00095,312.24,2024-01-27T15:00:00,Debit,Omaha,ATM,65,Retired,1,4105.60,2024-01-24T19:00:00,BASELINE_NORMAL,overall_volume
TRANSACTIONS2000BASELINE001416,ACB00096,395.17,2024-01-29T13:00:00,Debit,Nashville,ATM,38,Student,1,5091.99,2024-01-28T11:00:00,BASELINE_NORMAL,overall_volume
TRANSACTIONS2000BASELINE001417,ACB00097,290.03,2024-03-06T20:00:00,Debit,Philadelphia,Branch,39,Doctor,1,4861.88,2024-03-04T00:00:00,BASELINE_NORMAL,overall_volume
TRANSACTIONS2000BASELINE001418,ACB00098,268.37,2024-01-27T22:00:00,Debit,Denver,Online,47,Retired,1,2345.23,2024-01-27T16:00:00,BASELINE_NORMAL,overall_volume
TRANSACTIONS2000BASELINE001419,ACB00099,113.77,2024-01-25T20:00:00,Debit,Atlanta,Online,44,Student,2,7303.02,2024-01-22T17:00:00,BASELINE_NORMAL,overall_volume
TRANSACTIONS2000BASELINE001420,ACB00100,500.63,2024-02-15T16:00:00,Debit,Raleigh,Online,36,Doctor,2,5019.88,2024-02-14T17:00:00,BASELINE_NORMAL,overall_volume
TRANSACTIONS2000BASELINE001421,ACB00101,587.27,2024-02-28T11:00:00,Debit,Dallas,Online,28,Student,1,1483.93,2024-02-24T22:00:00,BASELINE_NORMAL,overall_volume
TRANSACTIONS2000BASELINE001422,ACB00102,472.11,2024-02-09T15:00:00,Debit,Columbus,ATM,28,Student,1,6462.66,2024-02-06T22:00:00,BASELINE_NORMAL,overall_volume
TRANSACTIONS2000BASELINE001423,ACB00103,87.40,2024-02-18T01:00:00,Debit,Milwaukee,ATM,26,Student,1,7095.81,2024-02-17T08:00:00,BASELINE_NORMAL,overall_volume
TRANSACTIONS2000BASELINE001424,ACB00104,450.93,2024-02-23T09:00:00,Debit,New York,Branch,62,Retired,3,7604.12,2024-02-19T16:00:00,BASELINE_NORMAL,overall_volume
TRANSACTIONS2000BASELINE001425,ACB00105,837.95,2024-02-20T12:00:00,Debit,San Francisco,Branch,40,Student,1,4250.45,2024-02-16T17:00:00,BASELINE_NORMAL,overall_volume
TRANSACTIONS2000BASELINE001426,ACB00106,5.00,2024-02-05T13:00:00,Debit,Memphis,Online,50,Engineer,2,1888.49,2024-02-04T23:00:00,BASELINE_NORMAL,overall_volume
TRANSACTIONS2000BASELINE001427,ACB00107,618.12,2024-03-02T04:00:00,Debit,Charlotte,Branch,51,Engineer,2,6713.17,2024-02-29T09:00:00,BASELINE_NORMAL,overall_volume
TRANSACTIONS2000BASELINE001428,ACB00108,1044.70,2024-02-10T12:00:00,Debit,San Antonio,ATM,42,Doctor,1,4758.60,2024-02-08T18:00:00,BASELINE_NORMAL,overall_volume
TRANSACTIONS2000BASELINE001429,ACB00109,176.97,2024-01-29T16:00:00,Debit,Philadelphia,ATM,49,Student,1,6097.92,2024-01-26T15:00:00,BASELINE_NORMAL,overall_volume
TRANSACTIONS2000BASELINE001430,ACB00110,170.28,2024-03-03T08:00:00,Debit,Philadelphia,Online,61,Engineer,1,8057.18,2024-03-02T01:00:00,BASELINE_NORMAL,overall_volume
TRANSACTIONS2000BASELINE001431,ACB00111,195.59,2024-02-16T08:00:00,Debit,San Diego,ATM,46,Retired,1,3618.71,2024-02-15T02:00:00,BASELINE_NORMAL,overall_volume
TRANSACTIONS2000BASELINE001432,ACB00112,353.81,2024-02-08T22:00:00,Debit,Albuquerque,Online,46,Doctor,1,5425.18,2024-02-07T01:00:00,BASELINE_NORMAL,overall_volume
TRANSACTIONS2000BASELINE001433,ACB00113,846.15,2024-03-05T00:00:00,Credit,Memphis,Branch,31,Student,2,3895.44,2024-03-04T10:00:00,BASELINE_NORMAL,overall_volume
TRANSACTIONS2000BASELINE001434,ACB00114,5.00,2024-02-24T22:00:00,Debit,Sacramento,Branch,33,Student,1,3202.46,2024-02-23T23:00:00,BASELINE_NORMAL,overall_volume
TRANSACTIONS2000BASELINE001435,ACB00115,43.05,2024-02-05T19:00:00,Credit,Colorado Springs,Branch,50,Doctor,1,8305.83,2024-02-04T10:00:00,BASELINE_NORMAL,overall_volume
TRANSACTIONS2000BASELINE001436,ACB00116,369.03,2024-03-05T02:00:00,Debit,Indianapolis,ATM,53,Student,1,2979.35,2024-03-01T09:00:00,BASELINE_NORMAL,overall_volume
TRANSACTIONS2000BASELINE001437,ACB00117,49.24,2024-03-09T14:00:00,Debit,Virginia Beach,ATM,47,Retired,1,5452.86,2024-03-08T23:00:00,BASELINE_NORMAL,overall_volume
TRANSACTIONS2000BASELINE001438,ACB00118,404.43,2024-01-28T03:00:00,Credit,Philadelphia,ATM,51,Engineer,1,5292.94,2024-01-25T04:00:00,BASELINE_NORMAL,overall_volume
TRANSACTIONS2000BASELINE001439,ACB00119,439.47,2024-03-05T11:00:00,Debit,San Diego,Online,47,Engineer,1,6895.77,2024-03-02T02:00:00,BASELINE_NORMAL,overall_volume
TRANSACTIONS2000BASELINE001440,ACB00120,49.72,2024-02-05T08:00:00,Debit,Columbus,ATM,40,Engineer,1,155.22,2024-02-04T05:00:00,BASELINE_NORMAL,overall_volume
TRANSACTIONS2000BASELINE001441,ACB00001,5.00,2024-02-08T17:00:00,Debit,Colorado Springs,Branch,39,Student,3,6118.99,2024-02-06T13:00:00,BASELINE_NORMAL,overall_volume
TRANSACTIONS2000BASELINE001442,ACB00002,14.17,2024-02-15T16:00:00,Debit,Portland,Online,44,Student,1,5863.46,2024-02-12T12:00:00,BASELINE_NORMAL,overall_volume
TRANSACTIONS2000BASELINE001443,ACB00003,144.56,2024-01-26T00:00:00,Credit,Las Vegas,Online,38,Student,1,5421.14,2024-01-22T14:00:00,BASELINE_NORMAL,overall_volume
TRANSACTIONS2000BASELINE001444,ACB00004,382.31,2024-02-22T18:00:00,Credit,Portland,Branch,55,Doctor,1,5053.26,2024-02-22T11:00:00,BASELINE_NORMAL,overall_volume
TRANSACTIONS2000BASELINE001445,ACB00005,105.92,2024-02-15T06:00:00,Credit,San Jose,Online,43,Student,1,1608.11,2024-02-12T19:00:00,BASELINE_NORMAL,overall_volume
TRANSACTIONS2000BASELINE001446,ACB00006,72.33,2024-03-13T11:00:00,Debit,Miami,ATM,59,Engineer,1,5425.30,2024-03-09T22:00:00,BASELINE_NORMAL,overall_volume
TRANSACTIONS2000BASELINE001447,ACB00007,403.39,2024-02-09T23:00:00,Debit,Jacksonville,ATM,47,Engineer,1,4426.23,2024-02-07T02:00:00,BASELINE_NORMAL,overall_volume
TRANSACTIONS2000BASELINE001448,ACB00008,523.93,2024-03-01T15:00:00,Debit,Portland,ATM,48,Engineer,1,4080.29,2024-02-27T09:00:00,BASELINE_NORMAL,overall_volume
TRANSACTIONS2000BASELINE001449,ACB00009,136.08,2024-01-31T06:00:00,Debit,Philadelphia,ATM,71,Retired,1,5153.20,2024-01-29T16:00:00,BASELINE_NORMAL,overall_volume
TRANSACTIONS2000BASELINE001450,ACB00010,561.21,2024-01-31T19:00:00,Debit,Colorado Springs,Branch,44,Doctor,1,6374.77,2024-01-31T13:00:00,BASELINE_NORMAL,overall_volume
TRANSACTIONS2000BASELINE001451,ACB00011,259.24,2024-02-12T06:00:00,Debit,Detroit,ATM,59,Retired,1,7835.02,2024-02-08T20:00:00,BASELINE_NORMAL,overall_volume
TRANSACTIONS2000BASELINE001452,ACB00012,41.73,2024-03-04T09:00:00,Debit,Atlanta,Online,33,Doctor,2,6224.93,2024-02-29T15:00:00,BASELINE_NORMAL,overall_volume
TRANSACTIONS2000BASELINE001453,ACB00013,136.77,2024-02-12T01:00:00,Debit,Oklahoma City,ATM,53,Engineer,1,7059.44,2024-02-09T15:00:00,BASELINE_NORMAL,overall_volume
TRANSACTIONS2000BASELINE001454,ACB00014,65.59,2024-02-25T21:00:00,Credit,Oklahoma City,ATM,34,Engineer,1,3623.89,2024-02-21T22:00:00,BASELINE_NORMAL,overall_volume
TRANSACTIONS2000BASELINE001455,ACB00015,313.39,2024-01-30T07:00:00,Debit,Detroit,Online,40,Doctor,1,2625.18,2024-01-28T21:00:00,BASELINE_NORMAL,overall_volume
TRANSACTIONS2000BASELINE001456,ACB00016,60.53,2024-02-06T08:00:00,Debit,Atlanta,Branch,45,Retired,1,2468.82,2024-02-04T02:00:00,BASELINE_NORMAL,overall_volume
TRANSACTIONS2000BASELINE001457,ACB00017,5.00,2024-03-05T23:00:00,Debit,Raleigh,Branch,45,Engineer,1,5246.40,2024-03-04T10:00:00,BASELINE_NORMAL,overall_volume
TRANSACTIONS2000BASELINE001458,ACB00018,269.94,2024-02-24T02:00:00,Debit,Denver,Branch,45,Retired,1,4281.67,2024-02-21T01:00:00,BASELINE_NORMAL,overall_volume
TRANSACTIONS2000BASELINE001459,ACB00019,220.05,2024-03-02T14:00:00,Debit,Milwaukee,ATM,68,Retired,1,2912.08,2024-03-01T13:00:00,BASELINE_NORMAL,overall_volume
TRANSACTIONS2000BASELINE001460,ACB00020,36.17,2024-01-20T01:00:00,Debit,Louisville,Branch,48,Student,1,7007.82,2024-01-18T20:00:00,BASELINE_NORMAL,overall_volume
TRANSACTIONS2000BASELINE001461,ACB00021,121.74,2024-01-23T05:00:00,Debit,Kansas City,Online,48,Engineer,1,4504.34,2024-01-22T17:00:00,BASELINE_NORMAL,overall_volume
TRANSACTIONS2000BASELINE001462,ACB00022,109.52,2024-02-17T15:00:00,Debit,Boston,ATM,46,Retired,1,2900.40,2024-02-15T13:00:00,BASELINE_NORMAL,overall_volume
TRANSACTIONS2000BASELINE001463,ACB00023,5.00,2024-02-11T18:00:00,Debit,Denver,Online,44,Student,1,7307.90,2024-02-10T09:00:00,BASELINE_NORMAL,overall_volume
TRANSACTIONS2000BASELINE001464,ACB00024,157.65,2024-03-01T22:00:00,Debit,San Diego,ATM,31,Student,1,1813.00,2024-02-27T00:00:00,BASELINE_NORMAL,overall_volume
TRANSACTIONS2000BASELINE001465,ACB00025,215.26,2024-03-10T13:00:00,Debit,San Jose,Online,65,Retired,1,4471.30,2024-03-08T02:00:00,BASELINE_NORMAL,overall_volume
TRANSACTIONS2000BASELINE001466,ACB00026,190.64,2024-02-27T04:00:00,Debit,San Francisco,Branch,43,Student,1,6856.29,2024-02-23T11:00:00,BASELINE_NORMAL,overall_volume
TRANSACTIONS2000BASELINE001467,ACB00027,433.50,2024-02-12T04:00:00,Debit,Denver,Online,51,Retired,1,2733.91,2024-02-10T22:00:00,BASELINE_NORMAL,overall_volume
TRANSACTIONS2000BASELINE001468,ACB00028,453.25,2024-02-14T23:00:00,Debit,San Diego,Online,25,Student,1,2289.50,2024-02-12T11:00:00,BASELINE_NORMAL,overall_volume
TRANSACTIONS2000BASELINE001469,ACB00029,36.34,2024-02-28T05:00:00,Debit,San Diego,ATM,58,Doctor,1,4935.50,2024-02-27T15:00:00,BASELINE_NORMAL,overall_volume
TRANSACTIONS2000BASELINE001470,ACB00030,362.93,2024-03-17T18:00:00,Debit,Los Angeles,Online,46,Doctor,1,6751.81,2024-03-16T06:00:00,BASELINE_NORMAL,overall_volume
TRANSACTIONS2000BASELINE001471,ACB00031,2016.27,2024-02-23T10:00:00,Debit,San Antonio,ATM,20,Student,2,2066.27,2024-02-20T14:00:00,BASELINE_NORMAL,overall_volume
TRANSACTIONS2000BASELINE001472,ACB00032,320.36,2024-02-15T07:00:00,Debit,Mesa,Branch,39,Student,1,8167.49,2024-02-13T11:00:00,BASELINE_NORMAL,overall_volume
TRANSACTIONS2000BASELINE001473,ACB00033,871.29,2024-02-01T02:00:00,Debit,Miami,ATM,38,Student,1,1709.38,2024-01-28T10:00:00,BASELINE_NORMAL,overall_volume
TRANSACTIONS2000BASELINE001474,ACB00034,194.51,2024-02-12T18:00:00,Debit,Denver,ATM,38,Engineer,1,635.17,2024-02-09T18:00:00,BASELINE_NORMAL,overall_volume
TRANSACTIONS2000BASELINE001475,ACB00035,46.49,2024-02-01T23:00:00,Debit,Washington,Branch,42,Doctor,1,6159.97,2024-01-29T11:00:00,BASELINE_NORMAL,overall_volume
TRANSACTIONS2000BASELINE001476,ACB00036,264.66,2024-03-08T18:00:00,Debit,Los Angeles,ATM,28,Student,1,5664.11,2024-03-05T10:00:00,BASELINE_NORMAL,overall_volume
TRANSACTIONS2000BASELINE001477,ACB00037,332.19,2024-02-11T10:00:00,Debit,Las Vegas,ATM,51,Retired,1,3665.54,2024-02-10T16:00:00,BASELINE_NORMAL,overall_volume
TRANSACTIONS2000BASELINE001478,ACB00038,411.28,2024-03-12T02:00:00,Debit,Philadelphia,Branch,44,Student,2,4323.73,2024-03-11T00:00:00,BASELINE_NORMAL,overall_volume
TRANSACTIONS2000BASELINE001479,ACB00039,81.99,2024-03-13T15:00:00,Debit,Fort Worth,Branch,35,Student,2,2143.13,2024-03-11T06:00:00,BASELINE_NORMAL,overall_volume
TRANSACTIONS2000BASELINE001480,ACB00040,225.14,2024-03-12T06:00:00,Debit,Houston,ATM,53,Student,1,5854.67,2024-03-10T23:00:00,BASELINE_NORMAL,overall_volume
TRANSACTIONS2000BASELINE001481,ACB00041,285.00,2024-02-23T09:00:00,Credit,San Jose,Branch,55,Engineer,1,3930.77,2024-02-20T10:00:00,BASELINE_NORMAL,overall_volume
TRANSACTIONS2000BASELINE001482,ACB00042,14.58,2024-02-07T05:00:00,Debit,El Paso,ATM,46,Student,1,6103.70,2024-02-04T15:00:00,BASELINE_NORMAL,overall_volume
TRANSACTIONS2000BASELINE001483,ACB00043,457.25,2024-02-23T14:00:00,Debit,Colorado Springs,Branch,48,Doctor,1,8082.27,2024-02-21T15:00:00,BASELINE_NORMAL,overall_volume
TRANSACTIONS2000BASELINE001484,ACB00044,1145.72,2024-02-28T21:00:00,Debit,Charlotte,ATM,44,Student,2,4609.42,2024-02-26T01:00:00,BASELINE_NORMAL,overall_volume
TRANSACTIONS2000BASELINE001485,ACB00045,312.54,2024-02-05T18:00:00,Credit,Sacramento,Online,41,Student,1,5229.26,2024-02-04T04:00:00,BASELINE_NORMAL,overall_volume
TRANSACTIONS2000BASELINE001486,ACB00046,499.19,2024-03-06T10:00:00,Debit,Philadelphia,Online,48,Engineer,1,7454.72,2024-03-03T12:00:00,BASELINE_NORMAL,overall_volume
TRANSACTIONS2000BASELINE001487,ACB00047,45.86,2024-02-09T10:00:00,Debit,Tucson,Branch,33,Student,1,3528.00,2024-02-08T03:00:00,BASELINE_NORMAL,overall_volume
TRANSACTIONS2000BASELINE001488,ACB00048,129.36,2024-02-29T00:00:00,Debit,Philadelphia,ATM,71,Retired,2,7673.89,2024-02-25T05:00:00,BASELINE_NORMAL,overall_volume
TRANSACTIONS2000BASELINE001489,ACB00049,259.80,2024-02-26T19:00:00,Credit,Virginia Beach,Online,48,Student,2,6498.20,2024-02-23T13:00:00,BASELINE_NORMAL,overall_volume
TRANSACTIONS2000BASELINE001490,ACB00050,182.15,2024-01-31T10:00:00,Debit,Raleigh,Branch,46,Student,1,5866.63,2024-01-30T06:00:00,BASELINE_NORMAL,overall_volume
TRANSACTIONS2000BASELINE001491,ACB00051,212.27,2024-02-28T07:00:00,Debit,Colorado Springs,Branch,42,Doctor,2,3907.58,2024-02-27T15:00:00,BASELINE_NORMAL,overall_volume
TRANSACTIONS2000BASELINE001492,ACB00052,328.88,2024-02-08T02:00:00,Credit,Las Vegas,Branch,40,Student,1,5785.53,2024-02-04T16:00:00,BASELINE_NORMAL,overall_volume
TRANSACTIONS2000BASELINE001493,ACB00053,66.96,2024-02-04T23:00:00,Debit,Phoenix,ATM,40,Doctor,1,3672.08,2024-02-02T23:00:00,BASELINE_NORMAL,overall_volume
TRANSACTIONS2000BASELINE001494,ACB00054,317.25,2024-02-27T03:00:00,Credit,Seattle,Branch,48,Doctor,1,7799.96,2024-02-26T07:00:00,BASELINE_NORMAL,overall_volume
TRANSACTIONS2000BASELINE001495,ACB00055,496.59,2024-02-27T10:00:00,Credit,Las Vegas,ATM,40,Student,1,3627.99,2024-02-25T15:00:00,BASELINE_NORMAL,overall_volume
TRANSACTIONS2000BASELINE001496,ACB00056,489.31,2024-02-23T14:00:00,Debit,Dallas,Branch,40,Doctor,1,4691.38,2024-02-19T23:00:00,BASELINE_NORMAL,overall_volume
TRANSACTIONS2000BASELINE001497,ACB00057,442.37,2024-02-16T04:00:00,Credit,Oklahoma City,Branch,37,Engineer,1,5975.01,2024-02-13T18:00:00,BASELINE_NORMAL,overall_volume
TRANSACTIONS2000BASELINE001498,ACB00058,319.26,2024-01-23T22:00:00,Debit,Tucson,Online,24,Student,1,1305.80,2024-01-23T06:00:00,BASELINE_NORMAL,overall_volume
TRANSACTIONS2000BASELINE001499,ACB00059,64.30,2024-03-03T04:00:00,Debit,Columbus,ATM,40,Engineer,1,191.00,2024-03-01T09:00:00,BASELINE_NORMAL,overall_volume
TRANSACTIONS2000BASELINE001500,ACB00060,117.65,2024-02-05T21:00:00,Debit,Colorado Springs,Branch,62,Engineer,2,2266.40,2024-02-05T01:00:00,BASELINE_NORMAL,overall_volume
TRANSACTIONS2000BASELINE001501,ACB00061,163.11,2024-03-02T15:00:00,Debit,Mesa,Online,53,Retired,1,3247.35,2024-02-28T14:00:00,BASELINE_NORMAL,overall_volume
TRANSACTIONS2000BASELINE001502,ACB00062,692.39,2024-03-12T22:00:00,Debit,Phoenix,Branch,50,Engineer,1,4524.30,2024-03-10T16:00:00,BASELINE_NORMAL,overall_volume
TRANSACTIONS2000BASELINE001503,ACB00063,443.32,2024-01-30T13:00:00,Debit,Chicago,ATM,55,Retired,1,8074.06,2024-01-30T01:00:00,BASELINE_NORMAL,overall_volume
TRANSACTIONS2000BASELINE001504,ACB00064,103.22,2024-02-25T20:00:00,Credit,Louisville,Branch,43,Student,1,2335.18,2024-02-22T19:00:00,BASELINE_NORMAL,overall_volume
TRANSACTIONS2000BASELINE001505,ACB00065,190.36,2024-03-02T00:00:00,Credit,San Jose,ATM,47,Doctor,1,9856.08,2024-02-29T20:00:00,BASELINE_NORMAL,overall_volume
TRANSACTIONS2000BASELINE001506,ACB00066,273.82,2024-02-16T05:00:00,Debit,Philadelphia,Branch,44,Doctor,1,2667.61,2024-02-13T21:00:00,BASELINE_NORMAL,overall_volume
TRANSACTIONS2000BASELINE001507,ACB00067,5.00,2024-01-29T09:00:00,Credit,Atlanta,Branch,54,Retired,1,8333.06,2024-01-25T13:00:00,BASELINE_NORMAL,overall_volume
TRANSACTIONS2000BASELINE001508,ACB00068,370.43,2024-03-03T15:00:00,Debit,Oklahoma City,Branch,59,Retired,1,2749.99,2024-03-03T07:00:00,BASELINE_NORMAL,overall_volume
TRANSACTIONS2000BASELINE001509,ACB00069,180.91,2024-03-01T14:00:00,Debit,San Diego,ATM,46,Retired,1,3349.32,2024-02-28T01:00:00,BASELINE_NORMAL,overall_volume
TRANSACTIONS2000BASELINE001510,ACB00070,5.00,2024-02-15T02:00:00,Debit,Seattle,ATM,42,Student,2,2799.27,2024-02-12T03:00:00,BASELINE_NORMAL,overall_volume
TRANSACTIONS2000BASELINE001511,ACB00071,5.00,2024-02-16T20:00:00,Debit,Austin,Branch,56,Retired,2,2890.25,2024-02-16T14:00:00,BASELINE_NORMAL,overall_volume
TRANSACTIONS2000BASELINE001512,ACB00072,614.35,2024-02-18T02:00:00,Debit,Colorado Springs,Branch,37,Student,1,6920.57,2024-02-17T13:00:00,BASELINE_NORMAL,overall_volume
TRANSACTIONS2000BASELINE001513,ACB00073,376.55,2024-02-14T21:00:00,Credit,Fort Worth,ATM,55,Engineer,2,3847.28,2024-02-13T23:00:00,BASELINE_NORMAL,overall_volume
TRANSACTIONS2000BASELINE001514,ACB00074,5.00,2024-02-14T06:00:00,Credit,San Francisco,Branch,45,Student,3,4695.34,2024-02-13T07:00:00,BASELINE_NORMAL,overall_volume
TRANSACTIONS2000BASELINE001515,ACB00075,460.83,2024-02-18T18:00:00,Credit,Austin,ATM,46,Engineer,1,3160.17,2024-02-15T09:00:00,BASELINE_NORMAL,overall_volume
TRANSACTIONS2000BASELINE001516,ACB00076,320.64,2024-02-21T16:00:00,Debit,Fort Worth,ATM,68,Retired,1,4398.07,2024-02-21T04:00:00,BASELINE_NORMAL,overall_volume
TRANSACTIONS2000BASELINE001517,ACB00077,418.45,2024-03-04T08:00:00,Debit,Philadelphia,ATM,68,Retired,1,3728.71,2024-03-02T07:00:00,BASELINE_NORMAL,overall_volume
TRANSACTIONS2000BASELINE001518,ACB00078,545.60,2024-03-01T11:00:00,Debit,San Diego,ATM,37,Student,1,2970.62,2024-02-29T20:00:00,BASELINE_NORMAL,overall_volume
TRANSACTIONS2000BASELINE001519,ACB00079,5.00,2024-02-13T09:00:00,Debit,Philadelphia,ATM,53,Doctor,2,9749.86,2024-02-10T12:00:00,BASELINE_NORMAL,overall_volume
TRANSACTIONS2000BASELINE001520,ACB00080,632.17,2024-02-08T03:00:00,Debit,Austin,Branch,52,Engineer,1,6571.67,2024-02-04T19:00:00,BASELINE_NORMAL,overall_volume
TRANSACTIONS2000BASELINE001521,ACB00081,5.00,2024-03-04T23:00:00,Credit,Nashville,ATM,48,Student,1,7075.64,2024-03-03T15:00:00,BASELINE_NORMAL,overall_volume
TRANSACTIONS2000BASELINE001522,ACB00082,503.44,2024-02-18T08:00:00,Debit,Kansas City,Branch,52,Doctor,1,7230.79,2024-02-15T08:00:00,BASELINE_NORMAL,overall_volume
TRANSACTIONS2000BASELINE001523,ACB00083,317.93,2024-02-27T08:00:00,Debit,Colorado Springs,Branch,35,Student,1,3063.58,2024-02-26T09:00:00,BASELINE_NORMAL,overall_volume
TRANSACTIONS2000BASELINE001524,ACB00084,160.39,2024-02-20T06:00:00,Debit,San Francisco,Branch,48,Engineer,1,5680.59,2024-02-17T18:00:00,BASELINE_NORMAL,overall_volume
TRANSACTIONS2000BASELINE001525,ACB00085,5.00,2024-01-30T15:00:00,Debit,Houston,Online,46,Engineer,1,6322.27,2024-01-27T15:00:00,BASELINE_NORMAL,overall_volume
TRANSACTIONS2000BASELINE001526,ACB00086,5.00,2024-02-17T01:00:00,Debit,San Antonio,Branch,51,Retired,1,1827.90,2024-02-16T00:00:00,BASELINE_NORMAL,overall_volume
TRANSACTIONS2000BASELINE001527,ACB00087,512.15,2024-02-16T16:00:00,Debit,Las Vegas,Branch,49,Doctor,1,5891.96,2024-02-13T21:00:00,BASELINE_NORMAL,overall_volume
TRANSACTIONS2000BASELINE001528,ACB00088,262.43,2024-02-29T10:00:00,Debit,El Paso,Online,52,Retired,1,2373.07,2024-02-28T07:00:00,BASELINE_NORMAL,overall_volume
TRANSACTIONS2000BASELINE001529,ACB00089,121.98,2024-02-29T15:00:00,Debit,Chicago,ATM,38,Student,2,2380.61,2024-02-26T05:00:00,BASELINE_NORMAL,overall_volume
TRANSACTIONS2000BASELINE001530,ACB00090,31.67,2024-03-21T18:00:00,Debit,El Paso,ATM,57,Retired,1,8866.71,2024-03-18T21:00:00,BASELINE_NORMAL,overall_volume
TRANSACTIONS2000BASELINE001531,ACB00091,1240.70,2024-02-29T12:00:00,Debit,Fresno,ATM,48,Engineer,1,4957.73,2024-02-26T14:00:00,BASELINE_NORMAL,overall_volume
TRANSACTIONS2000BASELINE001532,ACB00092,626.21,2024-03-09T20:00:00,Debit,Memphis,Online,37,Student,1,5230.31,2024-03-06T03:00:00,BASELINE_NORMAL,overall_volume
TRANSACTIONS2000BASELINE001533,ACB00093,29.92,2024-02-23T06:00:00,Debit,Seattle,ATM,30,Engineer,3,3981.54,2024-02-20T23:00:00,BASELINE_NORMAL,overall_volume
TRANSACTIONS2000BASELINE001534,ACB00094,518.82,2024-03-09T13:00:00,Debit,Tucson,Branch,59,Retired,1,2467.10,2024-03-06T20:00:00,BASELINE_NORMAL,overall_volume
TRANSACTIONS2000BASELINE001535,ACB00095,395.21,2024-01-30T02:00:00,Debit,Colorado Springs,Online,65,Retired,1,4548.62,2024-01-27T15:00:00,BASELINE_NORMAL,overall_volume
TRANSACTIONS2000BASELINE001536,ACB00096,299.84,2024-01-29T22:00:00,Debit,Miami,ATM,38,Student,1,6382.93,2024-01-29T13:00:00,BASELINE_NORMAL,overall_volume
TRANSACTIONS2000BASELINE001537,ACB00097,339.97,2024-03-09T17:00:00,Credit,Mesa,Online,39,Doctor,1,6340.07,2024-03-06T20:00:00,BASELINE_NORMAL,overall_volume
TRANSACTIONS2000BASELINE001538,ACB00098,24.34,2024-01-30T07:00:00,Debit,Miami,Online,47,Retired,2,1046.97,2024-01-27T22:00:00,BASELINE_NORMAL,overall_volume
TRANSACTIONS2000BASELINE001539,ACB00099,214.50,2024-01-29T05:00:00,Debit,Fresno,Online,44,Student,2,5583.51,2024-01-25T20:00:00,BASELINE_NORMAL,overall_volume
TRANSACTIONS2000BASELINE001540,ACB00100,235.82,2024-02-17T20:00:00,Credit,Raleigh,Branch,36,Doctor,1,4044.93,2024-02-15T16:00:00,BASELINE_NORMAL,overall_volume
TRANSACTIONS2000BASELINE001541,ACB00101,592.22,2024-02-28T21:00:00,Debit,Dallas,Online,28,Student,1,1727.12,2024-02-28T11:00:00,BASELINE_NORMAL,overall_volume
TRANSACTIONS2000BASELINE001542,ACB00102,564.57,2024-02-13T09:00:00,Debit,Fort Worth,ATM,28,Student,1,6004.69,2024-02-09T15:00:00,BASELINE_NORMAL,overall_volume
TRANSACTIONS2000BASELINE001543,ACB00103,100.46,2024-02-20T15:00:00,Debit,Milwaukee,ATM,26,Student,2,11138.12,2024-02-18T01:00:00,BASELINE_NORMAL,overall_volume
TRANSACTIONS2000BASELINE001544,ACB00104,157.97,2024-02-25T05:00:00,Debit,Nashville,Branch,62,Retired,1,7340.50,2024-02-23T09:00:00,BASELINE_NORMAL,overall_volume
TRANSACTIONS2000BASELINE001545,ACB00105,5.00,2024-02-21T00:00:00,Debit,Mesa,ATM,40,Student,1,4433.74,2024-02-20T12:00:00,BASELINE_NORMAL,overall_volume
TRANSACTIONS2000BASELINE001546,ACB00106,462.20,2024-02-07T02:00:00,Debit,Jacksonville,Online,50,Engineer,1,3509.03,2024-02-05T13:00:00,BASELINE_NORMAL,overall_volume
TRANSACTIONS2000BASELINE001547,ACB00107,698.28,2024-03-05T00:00:00,Debit,Jacksonville,Branch,51,Engineer,1,4563.57,2024-03-02T04:00:00,BASELINE_NORMAL,overall_volume
TRANSACTIONS2000BASELINE001548,ACB00108,336.95,2024-02-11T17:00:00,Debit,San Antonio,Branch,42,Doctor,2,8961.61,2024-02-10T12:00:00,BASELINE_NORMAL,overall_volume
TRANSACTIONS2000BASELINE001549,ACB00109,154.46,2024-02-02T01:00:00,Debit,Portland,ATM,49,Student,1,9011.14,2024-01-29T16:00:00,BASELINE_NORMAL,overall_volume
TRANSACTIONS2000BASELINE001550,ACB00110,225.55,2024-03-04T18:00:00,Debit,Nashville,ATM,61,Engineer,1,4486.00,2024-03-03T08:00:00,BASELINE_NORMAL,overall_volume
TRANSACTIONS2000BASELINE001551,ACB00111,300.06,2024-02-17T03:00:00,Debit,San Diego,ATM,46,Retired,1,4873.03,2024-02-16T08:00:00,BASELINE_NORMAL,overall_volume
TRANSACTIONS2000BASELINE001552,ACB00112,348.20,2024-02-10T07:00:00,Debit,Charlotte,Online,46,Doctor,1,7957.43,2024-02-08T22:00:00,BASELINE_NORMAL,overall_volume
TRANSACTIONS2000BASELINE001553,ACB00113,5.00,2024-03-08T09:00:00,Debit,Detroit,Online,31,Student,1,3448.07,2024-03-05T00:00:00,BASELINE_NORMAL,overall_volume
TRANSACTIONS2000BASELINE001554,ACB00114,1086.89,2024-02-25T13:00:00,Debit,Sacramento,Online,33,Student,2,5656.61,2024-02-24T22:00:00,BASELINE_NORMAL,overall_volume
TRANSACTIONS2000BASELINE001555,ACB00115,54.33,2024-02-09T13:00:00,Credit,Colorado Springs,Branch,50,Doctor,1,7886.56,2024-02-05T19:00:00,BASELINE_NORMAL,overall_volume
TRANSACTIONS2000BASELINE001556,ACB00116,595.24,2024-03-08T14:00:00,Debit,Houston,Branch,53,Student,3,4312.55,2024-03-05T02:00:00,BASELINE_NORMAL,overall_volume
TRANSACTIONS2000BASELINE001557,ACB00117,48.39,2024-03-12T10:00:00,Debit,Albuquerque,Branch,47,Retired,1,6626.39,2024-03-09T14:00:00,BASELINE_NORMAL,overall_volume
TRANSACTIONS2000BASELINE001558,ACB00118,462.71,2024-01-30T03:00:00,Debit,Philadelphia,Branch,51,Engineer,1,6065.32,2024-01-28T03:00:00,BASELINE_NORMAL,overall_volume
TRANSACTIONS2000BASELINE001559,ACB00119,120.30,2024-03-08T00:00:00,Debit,Jacksonville,ATM,47,Engineer,1,8012.57,2024-03-05T11:00:00,BASELINE_NORMAL,overall_volume
TRANSACTIONS2000BASELINE001560,ACB00120,63.45,2024-02-07T08:00:00,Debit,Columbus,ATM,40,Engineer,1,236.78,2024-02-05T08:00:00,BASELINE_NORMAL,overall_volume
TRANSACTIONS2000BASELINE001561,ACB00001,1261.95,2024-02-10T18:00:00,Debit,Jacksonville,Online,39,Student,1,5341.27,2024-02-08T17:00:00,BASELINE_NORMAL,overall_volume
TRANSACTIONS2000BASELINE001562,ACB00002,826.83,2024-02-18T23:00:00,Debit,Portland,Online,44,Student,1,5597.99,2024-02-15T16:00:00,BASELINE_NORMAL,overall_volume
TRANSACTIONS2000BASELINE001563,ACB00003,448.33,2024-01-29T09:00:00,Debit,Fresno,Online,38,Student,1,5456.97,2024-01-26T00:00:00,BASELINE_NORMAL,overall_volume
TRANSACTIONS2000BASELINE001564,ACB00004,548.98,2024-02-24T21:00:00,Debit,Boston,Branch,55,Doctor,1,7825.88,2024-02-22T18:00:00,BASELINE_NORMAL,overall_volume
TRANSACTIONS2000BASELINE001565,ACB00005,165.12,2024-02-16T21:00:00,Credit,Columbus,Online,43,Student,1,2140.03,2024-02-15T06:00:00,BASELINE_NORMAL,overall_volume
TRANSACTIONS2000BASELINE001566,ACB00006,52.27,2024-03-14T20:00:00,Debit,Charlotte,Online,59,Engineer,2,9293.59,2024-03-13T11:00:00,BASELINE_NORMAL,overall_volume
TRANSACTIONS2000BASELINE001567,ACB00007,275.05,2024-02-12T16:00:00,Credit,San Antonio,Online,47,Engineer,1,6144.26,2024-02-09T23:00:00,BASELINE_NORMAL,overall_volume
TRANSACTIONS2000BASELINE001568,ACB00008,16.18,2024-03-04T13:00:00,Debit,Houston,ATM,48,Engineer,1,6283.69,2024-03-01T15:00:00,BASELINE_NORMAL,overall_volume
TRANSACTIONS2000BASELINE001569,ACB00009,122.18,2024-02-03T01:00:00,Debit,Philadelphia,ATM,71,Retired,1,8122.17,2024-01-31T06:00:00,BASELINE_NORMAL,overall_volume
TRANSACTIONS2000BASELINE001570,ACB00010,5.00,2024-02-04T04:00:00,Debit,San Diego,Branch,44,Doctor,1,4700.90,2024-01-31T19:00:00,BASELINE_NORMAL,overall_volume
TRANSACTIONS2000BASELINE001571,ACB00011,436.72,2024-02-13T11:00:00,Debit,Charlotte,ATM,59,Retired,1,5327.74,2024-02-12T06:00:00,BASELINE_NORMAL,overall_volume
TRANSACTIONS2000BASELINE001572,ACB00012,64.44,2024-03-04T21:00:00,Debit,Atlanta,Online,33,Doctor,1,6484.81,2024-03-04T09:00:00,BASELINE_NORMAL,overall_volume
TRANSACTIONS2000BASELINE001573,ACB00013,45.57,2024-02-15T01:00:00,Debit,Washington,Online,53,Engineer,1,5705.01,2024-02-12T01:00:00,BASELINE_NORMAL,overall_volume
TRANSACTIONS2000BASELINE001574,ACB00014,5.00,2024-02-28T12:00:00,Credit,Colorado Springs,ATM,34,Engineer,1,6259.17,2024-02-25T21:00:00,BASELINE_NORMAL,overall_volume
TRANSACTIONS2000BASELINE001575,ACB00015,363.90,2024-02-03T03:00:00,Debit,Dallas,Online,40,Doctor,1,6694.96,2024-01-30T07:00:00,BASELINE_NORMAL,overall_volume
TRANSACTIONS2000BASELINE001576,ACB00016,149.55,2024-02-10T04:00:00,Debit,Atlanta,Branch,45,Retired,2,4014.19,2024-02-06T08:00:00,BASELINE_NORMAL,overall_volume
TRANSACTIONS2000BASELINE001577,ACB00017,220.55,2024-03-09T11:00:00,Credit,Mesa,ATM,45,Engineer,1,8510.86,2024-03-05T23:00:00,BASELINE_NORMAL,overall_volume
TRANSACTIONS2000BASELINE001578,ACB00018,253.18,2024-02-27T05:00:00,Debit,Charlotte,Branch,45,Retired,2,4211.71,2024-02-24T02:00:00,BASELINE_NORMAL,overall_volume
TRANSACTIONS2000BASELINE001579,ACB00019,238.75,2024-03-06T12:00:00,Debit,Milwaukee,ATM,68,Retired,1,3991.79,2024-03-02T14:00:00,BASELINE_NORMAL,overall_volume
TRANSACTIONS2000BASELINE001580,ACB00020,5.00,2024-01-22T22:00:00,Debit,Austin,Branch,48,Student,1,5744.07,2024-01-20T01:00:00,BASELINE_NORMAL,overall_volume
TRANSACTIONS2000BASELINE001581,ACB00021,177.92,2024-01-25T02:00:00,Credit,San Jose,Online,48,Engineer,1,2248.07,2024-01-23T05:00:00,BASELINE_NORMAL,overall_volume
TRANSACTIONS2000BASELINE001582,ACB00022,5.00,2024-02-21T09:00:00,Debit,San Antonio,Branch,46,Retired,1,4342.46,2024-02-17T15:00:00,BASELINE_NORMAL,overall_volume
TRANSACTIONS2000BASELINE001583,ACB00023,253.33,2024-02-13T07:00:00,Debit,San Jose,ATM,44,Student,1,8695.16,2024-02-11T18:00:00,BASELINE_NORMAL,overall_volume
TRANSACTIONS2000BASELINE001584,ACB00024,333.07,2024-03-03T05:00:00,Debit,Dallas,Online,31,Student,1,2136.51,2024-03-01T22:00:00,BASELINE_NORMAL,overall_volume
TRANSACTIONS2000BASELINE001585,ACB00025,726.28,2024-03-14T11:00:00,Debit,Baltimore,ATM,65,Retired,1,2956.00,2024-03-10T13:00:00,BASELINE_NORMAL,overall_volume
TRANSACTIONS2000BASELINE001586,ACB00026,327.19,2024-02-28T14:00:00,Debit,Nashville,Branch,43,Student,1,5894.70,2024-02-27T04:00:00,BASELINE_NORMAL,overall_volume
TRANSACTIONS2000BASELINE001587,ACB00027,225.69,2024-02-13T06:00:00,Debit,Detroit,Online,51,Retired,1,2660.43,2024-02-12T04:00:00,BASELINE_NORMAL,overall_volume
TRANSACTIONS2000BASELINE001588,ACB00028,628.29,2024-02-18T03:00:00,Debit,Boston,ATM,25,Student,3,2504.21,2024-02-14T23:00:00,BASELINE_NORMAL,overall_volume
TRANSACTIONS2000BASELINE001589,ACB00029,101.84,2024-03-03T03:00:00,Debit,Denver,ATM,58,Doctor,2,5260.37,2024-02-28T05:00:00,BASELINE_NORMAL,overall_volume
TRANSACTIONS2000BASELINE001590,ACB00030,351.59,2024-03-21T09:00:00,Debit,Colorado Springs,ATM,46,Doctor,1,8536.11,2024-03-17T18:00:00,BASELINE_NORMAL,overall_volume
TRANSACTIONS2000BASELINE001591,ACB00031,453.69,2024-02-24T08:00:00,Debit,San Antonio,Branch,20,Student,1,1390.56,2024-02-23T10:00:00,BASELINE_NORMAL,overall_volume
TRANSACTIONS2000BASELINE001592,ACB00032,197.52,2024-02-16T09:00:00,Debit,Mesa,Online,39,Student,1,4658.79,2024-02-15T07:00:00,BASELINE_NORMAL,overall_volume
TRANSACTIONS2000BASELINE001593,ACB00033,88.08,2024-02-03T05:00:00,Debit,Albuquerque,Online,38,Student,1,2305.24,2024-02-01T02:00:00,BASELINE_NORMAL,overall_volume
TRANSACTIONS2000BASELINE001594,ACB00034,184.11,2024-02-14T20:00:00,Debit,Denver,ATM,38,Engineer,1,672.55,2024-02-12T18:00:00,BASELINE_NORMAL,overall_volume
TRANSACTIONS2000BASELINE001595,ACB00035,41.62,2024-02-03T04:00:00,Debit,San Antonio,ATM,42,Doctor,1,3868.95,2024-02-01T23:00:00,BASELINE_NORMAL,overall_volume
TRANSACTIONS2000BASELINE001596,ACB00036,115.23,2024-03-09T18:00:00,Debit,San Francisco,ATM,28,Student,1,3754.38,2024-03-08T18:00:00,BASELINE_NORMAL,overall_volume
TRANSACTIONS2000BASELINE001597,ACB00037,602.07,2024-02-11T22:00:00,Debit,Fort Worth,ATM,51,Retired,1,4457.84,2024-02-11T10:00:00,BASELINE_NORMAL,overall_volume
TRANSACTIONS2000BASELINE001598,ACB00038,192.45,2024-03-15T20:00:00,Debit,Charlotte,Online,44,Student,1,2222.55,2024-03-12T02:00:00,BASELINE_NORMAL,overall_volume
TRANSACTIONS2000BASELINE001599,ACB00039,348.37,2024-03-15T03:00:00,Debit,Raleigh,Branch,35,Student,2,1555.56,2024-03-13T15:00:00,BASELINE_NORMAL,overall_volume
TRANSACTIONS2000BASELINE001600,ACB00040,27.98,2024-03-13T02:00:00,Debit,Houston,ATM,53,Student,1,2235.04,2024-03-12T06:00:00,BASELINE_NORMAL,overall_volume
TRANSACTIONS2000BASELINE001601,ACB00041,255.99,2024-02-27T09:00:00,Credit,Fort Worth,ATM,55,Engineer,1,5421.25,2024-02-23T09:00:00,BASELINE_NORMAL,overall_volume
TRANSACTIONS2000BASELINE001602,ACB00042,104.99,2024-02-10T10:00:00,Debit,Virginia Beach,ATM,46,Student,1,7410.83,2024-02-07T05:00:00,BASELINE_NORMAL,overall_volume
TRANSACTIONS2000BASELINE001603,ACB00043,540.91,2024-02-25T20:00:00,Debit,Colorado Springs,Online,48,Doctor,1,10959.69,2024-02-23T14:00:00,BASELINE_NORMAL,overall_volume
TRANSACTIONS2000BASELINE001604,ACB00044,1517.79,2024-03-02T11:00:00,Debit,Portland,ATM,44,Student,3,7132.34,2024-02-28T21:00:00,BASELINE_NORMAL,overall_volume
TRANSACTIONS2000BASELINE001605,ACB00045,97.20,2024-02-08T05:00:00,Credit,Raleigh,Branch,41,Student,1,5118.04,2024-02-05T18:00:00,BASELINE_NORMAL,overall_volume
TRANSACTIONS2000BASELINE001606,ACB00046,580.02,2024-03-07T08:00:00,Debit,Columbus,ATM,48,Engineer,1,5946.47,2024-03-06T10:00:00,BASELINE_NORMAL,overall_volume
TRANSACTIONS2000BASELINE001607,ACB00047,88.25,2024-02-10T05:00:00,Debit,Detroit,Online,33,Student,1,6332.88,2024-02-09T10:00:00,BASELINE_NORMAL,overall_volume
TRANSACTIONS2000BASELINE001608,ACB00048,167.97,2024-03-02T03:00:00,Debit,Philadelphia,ATM,71,Retired,3,4634.83,2024-02-29T00:00:00,BASELINE_NORMAL,overall_volume
TRANSACTIONS2000BASELINE001609,ACB00049,458.89,2024-03-01T13:00:00,Debit,Virginia Beach,Online,48,Student,1,4276.13,2024-02-26T19:00:00,BASELINE_NORMAL,overall_volume
TRANSACTIONS2000BASELINE001610,ACB00050,213.99,2024-02-02T19:00:00,Debit,Chicago,Branch,46,Student,1,2667.67,2024-01-31T10:00:00,BASELINE_NORMAL,overall_volume
TRANSACTIONS2000BASELINE001611,ACB00051,374.25,2024-03-01T13:00:00,Debit,San Antonio,Branch,42,Doctor,1,8709.74,2024-02-28T07:00:00,BASELINE_NORMAL,overall_volume
TRANSACTIONS2000BASELINE001612,ACB00052,202.76,2024-02-09T10:00:00,Debit,Las Vegas,Branch,40,Student,1,7867.29,2024-02-08T02:00:00,BASELINE_NORMAL,overall_volume
TRANSACTIONS2000BASELINE001613,ACB00053,62.65,2024-02-07T00:00:00,Credit,Phoenix,ATM,40,Doctor,2,5089.60,2024-02-04T23:00:00,BASELINE_NORMAL,overall_volume
TRANSACTIONS2000BASELINE001614,ACB00054,157.32,2024-03-01T23:00:00,Credit,Phoenix,Branch,48,Doctor,1,4695.04,2024-02-27T03:00:00,BASELINE_NORMAL,overall_volume
TRANSACTIONS2000BASELINE001615,ACB00055,5.00,2024-03-01T02:00:00,Debit,Mesa,ATM,40,Student,2,3310.22,2024-02-27T10:00:00,BASELINE_NORMAL,overall_volume
TRANSACTIONS2000BASELINE001616,ACB00056,119.23,2024-02-25T17:00:00,Debit,Portland,Online,40,Doctor,1,3788.76,2024-02-23T14:00:00,BASELINE_NORMAL,overall_volume
TRANSACTIONS2000BASELINE001617,ACB00057,5.00,2024-02-18T21:00:00,Debit,San Jose,Branch,37,Engineer,2,5815.72,2024-02-16T04:00:00,BASELINE_NORMAL,overall_volume
TRANSACTIONS2000BASELINE001618,ACB00058,330.98,2024-01-27T05:00:00,Debit,Tucson,Online,24,Student,2,1069.19,2024-01-23T22:00:00,BASELINE_NORMAL,overall_volume
TRANSACTIONS2000BASELINE001619,ACB00059,53.67,2024-03-04T06:00:00,Debit,Columbus,ATM,40,Engineer,2,230.87,2024-03-03T04:00:00,BASELINE_NORMAL,overall_volume
TRANSACTIONS2000BASELINE001620,ACB00060,100.42,2024-02-08T16:00:00,Debit,Charlotte,Branch,62,Engineer,1,5043.57,2024-02-05T21:00:00,BASELINE_NORMAL,overall_volume
TRANSACTIONS2000BASELINE001621,ACB00061,101.97,2024-03-05T12:00:00,Debit,Nashville,Branch,53,Retired,1,3013.83,2024-03-02T15:00:00,BASELINE_NORMAL,overall_volume
TRANSACTIONS2000BASELINE001622,ACB00062,403.17,2024-03-16T22:00:00,Debit,Phoenix,Online,50,Engineer,1,5348.44,2024-03-12T22:00:00,BASELINE_NORMAL,overall_volume
TRANSACTIONS2000BASELINE001623,ACB00063,441.94,2024-02-02T04:00:00,Debit,San Diego,ATM,55,Retired,1,8269.80,2024-01-30T13:00:00,BASELINE_NORMAL,overall_volume
TRANSACTIONS2000BASELINE001624,ACB00064,150.09,2024-02-26T08:00:00,Debit,Louisville,ATM,43,Student,2,2719.96,2024-02-25T20:00:00,BASELINE_NORMAL,overall_volume
TRANSACTIONS2000BASELINE001625,ACB00065,5.00,2024-03-02T10:00:00,Credit,Fort Worth,Online,47,Doctor,3,5217.98,2024-03-02T00:00:00,BASELINE_NORMAL,overall_volume
TRANSACTIONS2000BASELINE001626,ACB00066,641.29,2024-02-19T21:00:00,Debit,Miami,Branch,44,Doctor,1,2368.57,2024-02-16T05:00:00,BASELINE_NORMAL,overall_volume
TRANSACTIONS2000BASELINE001627,ACB00067,297.15,2024-02-02T01:00:00,Debit,Omaha,Branch,54,Retired,1,6115.65,2024-01-29T09:00:00,BASELINE_NORMAL,overall_volume
TRANSACTIONS2000BASELINE001628,ACB00068,767.40,2024-03-06T05:00:00,Credit,Milwaukee,Branch,59,Retired,1,2359.81,2024-03-03T15:00:00,BASELINE_NORMAL,overall_volume
TRANSACTIONS2000BASELINE001629,ACB00069,5.00,2024-03-03T02:00:00,Debit,Philadelphia,Online,46,Retired,1,4179.34,2024-03-01T14:00:00,BASELINE_NORMAL,overall_volume
TRANSACTIONS2000BASELINE001630,ACB00070,294.51,2024-02-17T01:00:00,Debit,Jacksonville,ATM,42,Student,1,4196.96,2024-02-15T02:00:00,BASELINE_NORMAL,overall_volume
TRANSACTIONS2000BASELINE001631,ACB00071,80.74,2024-02-19T11:00:00,Debit,Austin,Online,56,Retired,1,3862.33,2024-02-16T20:00:00,BASELINE_NORMAL,overall_volume
TRANSACTIONS2000BASELINE001632,ACB00072,599.19,2024-02-19T14:00:00,Debit,Colorado Springs,Online,37,Student,1,6885.43,2024-02-18T02:00:00,BASELINE_NORMAL,overall_volume
TRANSACTIONS2000BASELINE001633,ACB00073,561.84,2024-02-17T18:00:00,Debit,San Jose,Branch,55,Engineer,1,3841.17,2024-02-14T21:00:00,BASELINE_NORMAL,overall_volume
TRANSACTIONS2000BASELINE001634,ACB00074,287.98,2024-02-16T14:00:00,Debit,Philadelphia,Branch,45,Student,1,2700.73,2024-02-14T06:00:00,BASELINE_NORMAL,overall_volume
TRANSACTIONS2000BASELINE001635,ACB00075,520.12,2024-02-19T01:00:00,Credit,San Diego,ATM,46,Engineer,2,3254.92,2024-02-18T18:00:00,BASELINE_NORMAL,overall_volume
TRANSACTIONS2000BASELINE001636,ACB00076,575.18,2024-02-22T01:00:00,Debit,Fort Worth,ATM,68,Retired,2,5964.81,2024-02-21T16:00:00,BASELINE_NORMAL,overall_volume
TRANSACTIONS2000BASELINE001637,ACB00077,235.05,2024-03-07T14:00:00,Debit,Philadelphia,ATM,68,Retired,2,5571.45,2024-03-04T08:00:00,BASELINE_NORMAL,overall_volume
TRANSACTIONS2000BASELINE001638,ACB00078,225.30,2024-03-02T16:00:00,Debit,Milwaukee,ATM,37,Student,2,3541.61,2024-03-01T11:00:00,BASELINE_NORMAL,overall_volume
TRANSACTIONS2000BASELINE001639,ACB00079,146.72,2024-02-13T15:00:00,Debit,San Francisco,ATM,53,Doctor,1,5525.20,2024-02-13T09:00:00,BASELINE_NORMAL,overall_volume
TRANSACTIONS2000BASELINE001640,ACB00080,1026.16,2024-02-09T18:00:00,Debit,Philadelphia,ATM,52,Engineer,1,6396.47,2024-02-08T03:00:00,BASELINE_NORMAL,overall_volume
TRANSACTIONS2000BASELINE001641,ACB00081,285.16,2024-03-05T13:00:00,Debit,Omaha,ATM,48,Student,2,4273.47,2024-03-04T23:00:00,BASELINE_NORMAL,overall_volume
TRANSACTIONS2000BASELINE001642,ACB00082,473.36,2024-02-19T01:00:00,Debit,Kansas City,Branch,52,Doctor,1,6417.23,2024-02-18T08:00:00,BASELINE_NORMAL,overall_volume
TRANSACTIONS2000BASELINE001643,ACB00083,169.36,2024-03-02T07:00:00,Debit,Mesa,Online,35,Student,2,3027.78,2024-02-27T08:00:00,BASELINE_NORMAL,overall_volume
TRANSACTIONS2000BASELINE001644,ACB00084,183.88,2024-02-20T17:00:00,Credit,San Jose,ATM,48,Engineer,1,5590.44,2024-02-20T06:00:00,BASELINE_NORMAL,overall_volume
TRANSACTIONS2000BASELINE001645,ACB00085,1027.28,2024-02-03T02:00:00,Debit,Nashville,ATM,46,Engineer,1,4977.14,2024-01-30T15:00:00,BASELINE_NORMAL,overall_volume
TRANSACTIONS2000BASELINE001646,ACB00086,5.00,2024-02-19T20:00:00,Debit,Denver,Online,51,Retired,2,2038.26,2024-02-17T01:00:00,BASELINE_NORMAL,overall_volume
TRANSACTIONS2000BASELINE001647,ACB00087,239.05,2024-02-19T13:00:00,Debit,Philadelphia,Branch,49,Doctor,1,2732.05,2024-02-16T16:00:00,BASELINE_NORMAL,overall_volume
TRANSACTIONS2000BASELINE001648,ACB00088,531.65,2024-03-01T01:00:00,Debit,Charlotte,ATM,52,Retired,1,5340.22,2024-02-29T10:00:00,BASELINE_NORMAL,overall_volume
TRANSACTIONS2000BASELINE001649,ACB00089,493.21,2024-03-04T03:00:00,Debit,Albuquerque,ATM,38,Student,2,3558.68,2024-02-29T15:00:00,BASELINE_NORMAL,overall_volume
TRANSACTIONS2000BASELINE001650,ACB00090,43.59,2024-03-23T16:00:00,Debit,El Paso,ATM,57,Retired,1,7030.63,2024-03-21T18:00:00,BASELINE_NORMAL,overall_volume
TRANSACTIONS2000BASELINE001651,ACB00091,581.78,2024-03-04T12:00:00,Credit,Raleigh,Branch,48,Engineer,1,5477.16,2024-02-29T12:00:00,BASELINE_NORMAL,overall_volume
TRANSACTIONS2000BASELINE001652,ACB00092,243.28,2024-03-10T05:00:00,Debit,San Antonio,ATM,37,Student,3,5596.94,2024-03-09T20:00:00,BASELINE_NORMAL,overall_volume
TRANSACTIONS2000BASELINE001653,ACB00093,66.78,2024-02-24T20:00:00,Debit,El Paso,Online,30,Engineer,1,704.61,2024-02-23T06:00:00,BASELINE_NORMAL,overall_volume
TRANSACTIONS2000BASELINE001654,ACB00094,80.95,2024-03-09T20:00:00,Credit,Oklahoma City,Branch,59,Retired,1,3095.38,2024-03-09T13:00:00,BASELINE_NORMAL,overall_volume
TRANSACTIONS2000BASELINE001655,ACB00095,726.18,2024-02-02T02:00:00,Debit,Baltimore,ATM,65,Retired,3,2322.37,2024-01-30T02:00:00,BASELINE_NORMAL,overall_volume
TRANSACTIONS2000BASELINE001656,ACB00096,310.25,2024-02-02T03:00:00,Debit,Nashville,ATM,38,Student,1,4197.55,2024-01-29T22:00:00,BASELINE_NORMAL,overall_volume
TRANSACTIONS2000BASELINE001657,ACB00097,5.00,2024-03-12T00:00:00,Debit,Atlanta,Online,39,Doctor,1,6312.43,2024-03-09T17:00:00,BASELINE_NORMAL,overall_volume
TRANSACTIONS2000BASELINE001658,ACB00098,789.53,2024-01-30T17:00:00,Debit,San Francisco,Online,47,Retired,1,2783.86,2024-01-30T07:00:00,BASELINE_NORMAL,overall_volume
TRANSACTIONS2000BASELINE001659,ACB00099,69.85,2024-02-01T14:00:00,Debit,Fresno,Online,44,Student,1,5185.18,2024-01-29T05:00:00,BASELINE_NORMAL,overall_volume
TRANSACTIONS2000BASELINE001660,ACB00100,762.54,2024-02-19T17:00:00,Debit,Raleigh,ATM,36,Doctor,1,6915.85,2024-02-17T20:00:00,BASELINE_NORMAL,overall_volume
TRANSACTIONS2000BASELINE001661,ACB00101,633.85,2024-02-29T03:00:00,Debit,Dallas,Online,28,Student,1,2092.21,2024-02-28T21:00:00,BASELINE_NORMAL,overall_volume
TRANSACTIONS2000BASELINE001662,ACB00102,5.00,2024-02-13T15:00:00,Debit,Columbus,ATM,28,Student,1,7529.23,2024-02-13T09:00:00,BASELINE_NORMAL,overall_volume
TRANSACTIONS2000BASELINE001663,ACB00103,104.35,2024-02-21T01:00:00,Debit,Milwaukee,ATM,26,Student,1,7380.82,2024-02-20T15:00:00,BASELINE_NORMAL,overall_volume
TRANSACTIONS2000BASELINE001664,ACB00104,266.37,2024-02-28T17:00:00,Debit,New York,Branch,62,Retired,2,10105.62,2024-02-25T05:00:00,BASELINE_NORMAL,overall_volume
TRANSACTIONS2000BASELINE001665,ACB00105,519.13,2024-02-21T21:00:00,Debit,Mesa,ATM,40,Student,2,4032.17,2024-02-21T00:00:00,BASELINE_NORMAL,overall_volume
TRANSACTIONS2000BASELINE001666,ACB00106,877.08,2024-02-08T21:00:00,Credit,Jacksonville,ATM,50,Engineer,1,2819.89,2024-02-07T02:00:00,BASELINE_NORMAL,overall_volume
TRANSACTIONS2000BASELINE001667,ACB00107,320.48,2024-03-05T11:00:00,Debit,Detroit,Online,51,Engineer,1,3564.78,2024-03-05T00:00:00,BASELINE_NORMAL,overall_volume
TRANSACTIONS2000BASELINE001668,ACB00108,577.25,2024-02-14T04:00:00,Debit,San Antonio,Branch,42,Doctor,2,5783.19,2024-02-11T17:00:00,BASELINE_NORMAL,overall_volume
TRANSACTIONS2000BASELINE001669,ACB00109,178.07,2024-02-03T11:00:00,Debit,San Francisco,Branch,49,Student,2,9733.19,2024-02-02T01:00:00,BASELINE_NORMAL,overall_volume
TRANSACTIONS2000BASELINE001670,ACB00110,266.30,2024-03-06T10:00:00,Debit,Nashville,Online,61,Engineer,1,9426.22,2024-03-04T18:00:00,BASELINE_NORMAL,overall_volume
TRANSACTIONS2000BASELINE001671,ACB00111,191.86,2024-02-17T14:00:00,Debit,Boston,ATM,46,Retired,1,4943.84,2024-02-17T03:00:00,BASELINE_NORMAL,overall_volume
TRANSACTIONS2000BASELINE001672,ACB00112,68.77,2024-02-11T04:00:00,Debit,Charlotte,ATM,46,Doctor,1,6181.97,2024-02-10T07:00:00,BASELINE_NORMAL,overall_volume
TRANSACTIONS2000BASELINE001673,ACB00113,242.65,2024-03-09T18:00:00,Debit,Mesa,ATM,31,Student,2,3511.01,2024-03-08T09:00:00,BASELINE_NORMAL,overall_volume
TRANSACTIONS2000BASELINE001674,ACB00114,700.93,2024-02-26T20:00:00,Debit,Tucson,Online,33,Student,2,4548.00,2024-02-25T13:00:00,BASELINE_NORMAL,overall_volume
TRANSACTIONS2000BASELINE001675,ACB00115,27.50,2024-02-13T05:00:00,Credit,Colorado Springs,Branch,50,Doctor,1,3024.39,2024-02-09T13:00:00,BASELINE_NORMAL,overall_volume
TRANSACTIONS2000BASELINE001676,ACB00116,43.70,2024-03-12T05:00:00,Debit,San Antonio,ATM,53,Student,2,5224.26,2024-03-08T14:00:00,BASELINE_NORMAL,overall_volume
TRANSACTIONS2000BASELINE001677,ACB00117,134.57,2024-03-14T23:00:00,Debit,Columbus,ATM,47,Retired,2,8517.16,2024-03-12T10:00:00,BASELINE_NORMAL,overall_volume
TRANSACTIONS2000BASELINE001678,ACB00118,5.00,2024-02-01T18:00:00,Debit,Philadelphia,Branch,51,Engineer,1,3302.96,2024-01-30T03:00:00,BASELINE_NORMAL,overall_volume
TRANSACTIONS2000BASELINE001679,ACB00119,5.00,2024-03-09T10:00:00,Debit,Jacksonville,ATM,47,Engineer,1,8474.82,2024-03-08T00:00:00,BASELINE_NORMAL,overall_volume
TRANSACTIONS2000BASELINE001680,ACB00120,57.10,2024-02-07T16:00:00,Debit,Columbus,ATM,40,Engineer,1,263.56,2024-02-07T08:00:00,BASELINE_NORMAL,overall_volume
TRANSACTIONS2000BASELINE001681,ACB00001,412.86,2024-02-14T18:00:00,Debit,Denver,ATM,39,Student,1,4133.66,2024-02-10T18:00:00,BASELINE_NORMAL,overall_volume
TRANSACTIONS2000BASELINE001682,ACB00002,1064.81,2024-02-19T22:00:00,Debit,Charlotte,ATM,44,Student,1,4300.49,2024-02-18T23:00:00,BASELINE_NORMAL,overall_volume
TRANSACTIONS2000BASELINE001683,ACB00003,5.00,2024-01-30T15:00:00,Credit,Nashville,Online,38,Student,1,4137.07,2024-01-29T09:00:00,BASELINE_NORMAL,overall_volume
TRANSACTIONS2000BASELINE001684,ACB00004,406.26,2024-02-26T05:00:00,Credit,Seattle,Branch,55,Doctor,2,7336.12,2024-02-24T21:00:00,BASELINE_NORMAL,overall_volume
TRANSACTIONS2000BASELINE001685,ACB00005,287.08,2024-02-18T17:00:00,Credit,Columbus,ATM,43,Student,1,2516.69,2024-02-16T21:00:00,BASELINE_NORMAL,overall_volume
TRANSACTIONS2000BASELINE001686,ACB00006,74.24,2024-03-16T18:00:00,Debit,Charlotte,ATM,59,Engineer,2,6066.67,2024-03-14T20:00:00,BASELINE_NORMAL,overall_volume
TRANSACTIONS2000BASELINE001687,ACB00007,273.10,2024-02-14T07:00:00,Debit,Louisville,Online,47,Engineer,1,7037.41,2024-02-12T16:00:00,BASELINE_NORMAL,overall_volume
TRANSACTIONS2000BASELINE001688,ACB00008,137.52,2024-03-04T23:00:00,Credit,Mesa,ATM,48,Engineer,2,6344.34,2024-03-04T13:00:00,BASELINE_NORMAL,overall_volume
TRANSACTIONS2000BASELINE001689,ACB00009,158.14,2024-02-04T21:00:00,Debit,Philadelphia,ATM,71,Retired,1,5443.91,2024-02-03T01:00:00,BASELINE_NORMAL,overall_volume
TRANSACTIONS2000BASELINE001690,ACB00010,779.43,2024-02-07T15:00:00,Debit,Los Angeles,Online,44,Doctor,1,4113.05,2024-02-04T04:00:00,BASELINE_NORMAL,overall_volume
TRANSACTIONS2000BASELINE001691,ACB00011,178.26,2024-02-16T01:00:00,Debit,Detroit,ATM,59,Retired,1,7524.50,2024-02-13T11:00:00,BASELINE_NORMAL,overall_volume
TRANSACTIONS2000BASELINE001692,ACB00012,941.77,2024-03-07T06:00:00,Debit,Phoenix,ATM,33,Doctor,2,6984.82,2024-03-04T21:00:00,BASELINE_NORMAL,overall_volume
TRANSACTIONS2000BASELINE001693,ACB00013,5.00,2024-02-17T22:00:00,Debit,Las Vegas,ATM,53,Engineer,1,8775.24,2024-02-15T01:00:00,BASELINE_NORMAL,overall_volume
TRANSACTIONS2000BASELINE001694,ACB00014,479.20,2024-02-29T11:00:00,Debit,Oklahoma City,ATM,34,Engineer,1,5507.04,2024-02-28T12:00:00,BASELINE_NORMAL,overall_volume
TRANSACTIONS2000BASELINE001695,ACB00015,5.00,2024-02-06T01:00:00,Debit,Virginia Beach,Branch,40,Doctor,1,5025.44,2024-02-03T03:00:00,BASELINE_NORMAL,overall_volume
TRANSACTIONS2000BASELINE001696,ACB00016,70.61,2024-02-11T08:00:00,Debit,Denver,Branch,45,Retired,1,2625.60,2024-02-10T04:00:00,BASELINE_NORMAL,overall_volume
TRANSACTIONS2000BASELINE001697,ACB00017,342.04,2024-03-11T04:00:00,Credit,Charlotte,ATM,45,Engineer,1,5500.86,2024-03-09T11:00:00,BASELINE_NORMAL,overall_volume
TRANSACTIONS2000BASELINE001698,ACB00018,80.76,2024-03-01T07:00:00,Debit,Denver,Branch,45,Retired,2,2552.11,2024-02-27T05:00:00,BASELINE_NORMAL,overall_volume
TRANSACTIONS2000BASELINE001699,ACB00019,248.99,2024-03-07T01:00:00,Debit,Milwaukee,ATM,68,Retired,1,3812.49,2024-03-06T12:00:00,BASELINE_NORMAL,overall_volume
TRANSACTIONS2000BASELINE001700,ACB00020,172.51,2024-01-23T20:00:00,Debit,Austin,Branch,48,Student,2,5524.17,2024-01-22T22:00:00,BASELINE_NORMAL,overall_volume
TRANSACTIONS2000BASELINE001701,ACB00021,256.99,2024-01-29T01:00:00,Credit,San Jose,ATM,48,Engineer,1,5252.14,2024-01-25T02:00:00,BASELINE_NORMAL,overall_volume
TRANSACTIONS2000BASELINE001702,ACB00022,16.24,2024-02-24T18:00:00,Debit,San Antonio,ATM,46,Retired,1,3721.71,2024-02-21T09:00:00,BASELINE_NORMAL,overall_volume
TRANSACTIONS2000BASELINE001703,ACB00023,5.00,2024-02-14T21:00:00,Debit,Seattle,Branch,44,Student,1,6987.84,2024-02-13T07:00:00,BASELINE_NORMAL,overall_volume
TRANSACTIONS2000BASELINE001704,ACB00024,256.13,2024-03-05T03:00:00,Credit,San Diego,Branch,31,Student,2,3435.07,2024-03-03T05:00:00,BASELINE_NORMAL,overall_volume
TRANSACTIONS2000BASELINE001705,ACB00025,669.42,2024-03-16T17:00:00,Debit,Omaha,Online,65,Retired,1,3048.20,2024-03-14T11:00:00,BASELINE_NORMAL,overall_volume
TRANSACTIONS2000BASELINE001706,ACB00026,110.28,2024-02-29T00:00:00,Debit,Nashville,Online,43,Student,3,6019.29,2024-02-28T14:00:00,BASELINE_NORMAL,overall_volume
TRANSACTIONS2000BASELINE001707,ACB00027,5.00,2024-02-14T04:00:00,Debit,Los Angeles,Branch,51,Retired,1,3042.22,2024-02-13T06:00:00,BASELINE_NORMAL,overall_volume
TRANSACTIONS2000BASELINE001708,ACB00028,322.21,2024-02-21T13:00:00,Debit,Boston,Online,25,Student,1,3265.49,2024-02-18T03:00:00,BASELINE_NORMAL,overall_volume
TRANSACTIONS2000BASELINE001709,ACB00029,362.21,2024-03-05T09:00:00,Debit,Tucson,ATM,58,Doctor,2,3882.50,2024-03-03T03:00:00,BASELINE_NORMAL,overall_volume
TRANSACTIONS2000BASELINE001710,ACB00030,504.06,2024-03-23T12:00:00,Debit,Colorado Springs,Branch,46,Doctor,2,7002.36,2024-03-21T09:00:00,BASELINE_NORMAL,overall_volume
TRANSACTIONS2000BASELINE001711,ACB00031,1022.13,2024-02-28T07:00:00,Debit,Columbus,Branch,20,Student,3,1545.37,2024-02-24T08:00:00,BASELINE_NORMAL,overall_volume
TRANSACTIONS2000BASELINE001712,ACB00032,112.54,2024-02-19T02:00:00,Debit,El Paso,Branch,39,Student,1,8667.50,2024-02-16T09:00:00,BASELINE_NORMAL,overall_volume
TRANSACTIONS2000BASELINE001713,ACB00033,192.08,2024-02-07T00:00:00,Debit,Miami,Online,38,Student,1,2620.65,2024-02-03T05:00:00,BASELINE_NORMAL,overall_volume
TRANSACTIONS2000BASELINE001714,ACB00034,181.98,2024-02-18T02:00:00,Debit,Denver,ATM,38,Engineer,1,811.88,2024-02-14T20:00:00,BASELINE_NORMAL,overall_volume
TRANSACTIONS2000BASELINE001715,ACB00035,175.73,2024-02-06T01:00:00,Debit,Washington,Branch,42,Doctor,1,5581.08,2024-02-03T04:00:00,BASELINE_NORMAL,overall_volume
TRANSACTIONS2000BASELINE001716,ACB00036,738.51,2024-03-11T00:00:00,Debit,Los Angeles,ATM,28,Student,1,5746.42,2024-03-09T18:00:00,BASELINE_NORMAL,overall_volume
TRANSACTIONS2000BASELINE001717,ACB00037,754.50,2024-02-13T06:00:00,Debit,Las Vegas,ATM,51,Retired,1,5183.44,2024-02-11T22:00:00,BASELINE_NORMAL,overall_volume
TRANSACTIONS2000BASELINE001718,ACB00038,199.84,2024-03-17T18:00:00,Debit,Philadelphia,ATM,44,Student,1,3240.55,2024-03-15T20:00:00,BASELINE_NORMAL,overall_volume
TRANSACTIONS2000BASELINE001719,ACB00039,114.68,2024-03-16T03:00:00,Debit,Sacramento,ATM,35,Student,1,2444.96,2024-03-15T03:00:00,BASELINE_NORMAL,overall_volume
TRANSACTIONS2000BASELINE001720,ACB00040,5.00,2024-03-15T14:00:00,Debit,Indianapolis,Online,53,Student,1,4212.26,2024-03-13T02:00:00,BASELINE_NORMAL,overall_volume
TRANSACTIONS2000BASELINE001721,ACB00041,341.67,2024-02-27T16:00:00,Debit,San Jose,ATM,55,Engineer,1,5367.38,2024-02-27T09:00:00,BASELINE_NORMAL,overall_volume
TRANSACTIONS2000BASELINE001722,ACB00042,751.17,2024-02-11T06:00:00,Debit,Columbus,ATM,46,Student,1,4954.09,2024-02-10T10:00:00,BASELINE_NORMAL,overall_volume
TRANSACTIONS2000BASELINE001723,ACB00043,520.52,2024-02-27T04:00:00,Credit,Columbus,Online,48,Doctor,1,10132.84,2024-02-25T20:00:00,BASELINE_NORMAL,overall_volume
TRANSACTIONS2000BASELINE001724,ACB00044,5.00,2024-03-04T13:00:00,Debit,Portland,ATM,44,Student,1,4947.99,2024-03-02T11:00:00,BASELINE_NORMAL,overall_volume
TRANSACTIONS2000BASELINE001725,ACB00045,99.97,2024-02-11T01:00:00,Credit,Raleigh,Online,41,Student,2,2337.32,2024-02-08T05:00:00,BASELINE_NORMAL,overall_volume
TRANSACTIONS2000BASELINE001726,ACB00046,805.49,2024-03-10T22:00:00,Debit,Houston,Online,48,Engineer,1,7364.90,2024-03-07T08:00:00,BASELINE_NORMAL,overall_volume
TRANSACTIONS2000BASELINE001727,ACB00047,817.31,2024-02-11T09:00:00,Debit,Boston,Branch,33,Student,1,3589.28,2024-02-10T05:00:00,BASELINE_NORMAL,overall_volume
TRANSACTIONS2000BASELINE001728,ACB00048,147.18,2024-03-04T20:00:00,Debit,Philadelphia,ATM,71,Retired,1,7337.33,2024-03-02T03:00:00,BASELINE_NORMAL,overall_volume
TRANSACTIONS2000BASELINE001729,ACB00049,274.48,2024-03-03T23:00:00,Credit,Virginia Beach,Online,48,Student,1,4842.03,2024-03-01T13:00:00,BASELINE_NORMAL,overall_volume
TRANSACTIONS2000BASELINE001730,ACB00050,88.94,2024-02-05T09:00:00,Debit,Raleigh,Branch,46,Student,1,5555.69,2024-02-02T19:00:00,BASELINE_NORMAL,overall_volume
TRANSACTIONS2000BASELINE001731,ACB00051,324.43,2024-03-04T17:00:00,Debit,El Paso,ATM,42,Doctor,1,6311.62,2024-03-01T13:00:00,BASELINE_NORMAL,overall_volume
TRANSACTIONS2000BASELINE001732,ACB00052,746.85,2024-02-09T16:00:00,Debit,Los Angeles,ATM,40,Student,1,2634.48,2024-02-09T10:00:00,BASELINE_NORMAL,overall_volume
TRANSACTIONS2000BASELINE001733,ACB00053,20.93,2024-02-10T17:00:00,Credit,Portland,ATM,40,Doctor,2,4632.19,2024-02-07T00:00:00,BASELINE_NORMAL,overall_volume
TRANSACTIONS2000BASELINE001734,ACB00054,258.88,2024-03-02T14:00:00,Debit,Colorado Springs,Branch,48,Doctor,2,11693.22,2024-03-01T23:00:00,BASELINE_NORMAL,overall_volume
TRANSACTIONS2000BASELINE001735,ACB00055,5.00,2024-03-03T09:00:00,Debit,Las Vegas,Branch,40,Student,2,4395.85,2024-03-01T02:00:00,BASELINE_NORMAL,overall_volume
TRANSACTIONS2000BASELINE001736,ACB00056,5.00,2024-02-28T20:00:00,Debit,Dallas,Branch,40,Doctor,1,4308.28,2024-02-25T17:00:00,BASELINE_NORMAL,overall_volume
TRANSACTIONS2000BASELINE001737,ACB00057,1164.05,2024-02-21T15:00:00,Credit,San Jose,Branch,37,Engineer,1,7471.02,2024-02-18T21:00:00,BASELINE_NORMAL,overall_volume
TRANSACTIONS2000BASELINE001738,ACB00058,345.18,2024-01-28T22:00:00,Debit,Tucson,Online,24,Student,1,1254.38,2024-01-27T05:00:00,BASELINE_NORMAL,overall_volume
TRANSACTIONS2000BASELINE001739,ACB00059,55.07,2024-03-06T19:00:00,Debit,Columbus,ATM,40,Engineer,2,171.47,2024-03-04T06:00:00,BASELINE_NORMAL,overall_volume
TRANSACTIONS2000BASELINE001740,ACB00060,75.35,2024-02-09T09:00:00,Debit,San Diego,Branch,62,Engineer,2,2041.88,2024-02-08T16:00:00,BASELINE_NORMAL,overall_volume
TRANSACTIONS2000BASELINE001741,ACB00061,385.89,2024-03-08T12:00:00,Debit,Portland,Branch,53,Retired,1,2255.55,2024-03-05T12:00:00,BASELINE_NORMAL,overall_volume
TRANSACTIONS2000BASELINE001742,ACB00062,648.44,2024-03-20T05:00:00,Debit,San Diego,ATM,50,Engineer,1,5443.01,2024-03-16T22:00:00,BASELINE_NORMAL,overall_volume
TRANSACTIONS2000BASELINE001743,ACB00063,557.12,2024-02-04T23:00:00,Debit,Chicago,ATM,55,Retired,1,4007.32,2024-02-02T04:00:00,BASELINE_NORMAL,overall_volume
TRANSACTIONS2000BASELINE001744,ACB00064,136.70,2024-02-28T20:00:00,Debit,Columbus,Branch,43,Student,1,1734.73,2024-02-26T08:00:00,BASELINE_NORMAL,overall_volume
TRANSACTIONS2000BASELINE001745,ACB00065,77.98,2024-03-04T15:00:00,Debit,Fort Worth,ATM,47,Doctor,1,7014.18,2024-03-02T10:00:00,BASELINE_NORMAL,overall_volume
TRANSACTIONS2000BASELINE001746,ACB00066,378.99,2024-02-23T14:00:00,Debit,Philadelphia,Branch,44,Doctor,1,1895.62,2024-02-19T21:00:00,BASELINE_NORMAL,overall_volume
TRANSACTIONS2000BASELINE001747,ACB00067,55.76,2024-02-03T10:00:00,Debit,Washington,Online,54,Retired,1,6236.85,2024-02-02T01:00:00,BASELINE_NORMAL,overall_volume
TRANSACTIONS2000BASELINE001748,ACB00068,302.69,2024-03-07T15:00:00,Debit,Milwaukee,ATM,59,Retired,1,3158.37,2024-03-06T05:00:00,BASELINE_NORMAL,overall_volume
TRANSACTIONS2000BASELINE001749,ACB00069,5.00,2024-03-06T17:00:00,Credit,Philadelphia,ATM,46,Retired,1,4554.56,2024-03-03T02:00:00,BASELINE_NORMAL,overall_volume
TRANSACTIONS2000BASELINE001750,ACB00070,340.03,2024-02-18T12:00:00,Debit,Jacksonville,ATM,42,Student,1,2367.00,2024-02-17T01:00:00,BASELINE_NORMAL,overall_volume
TRANSACTIONS2000BASELINE001751,ACB00071,324.23,2024-02-23T01:00:00,Debit,Nashville,ATM,56,Retired,1,3659.99,2024-02-19T11:00:00,BASELINE_NORMAL,overall_volume
TRANSACTIONS2000BASELINE001752,ACB00072,511.54,2024-02-21T08:00:00,Debit,Indianapolis,ATM,37,Student,1,6622.09,2024-02-19T14:00:00,BASELINE_NORMAL,overall_volume
TRANSACTIONS2000BASELINE001753,ACB00073,181.12,2024-02-18T07:00:00,Credit,Chicago,Branch,55,Engineer,1,5005.17,2024-02-17T18:00:00,BASELINE_NORMAL,overall_volume
TRANSACTIONS2000BASELINE001754,ACB00074,269.23,2024-02-18T01:00:00,Debit,Tucson,Branch,45,Student,1,7034.79,2024-02-16T14:00:00,BASELINE_NORMAL,overall_volume
TRANSACTIONS2000BASELINE001755,ACB00075,26.22,2024-02-22T22:00:00,Credit,Nashville,ATM,46,Engineer,1,5930.22,2024-02-19T01:00:00,BASELINE_NORMAL,overall_volume
TRANSACTIONS2000BASELINE001756,ACB00076,457.69,2024-02-22T12:00:00,Debit,Philadelphia,Online,68,Retired,2,5376.97,2024-02-22T01:00:00,BASELINE_NORMAL,overall_volume
TRANSACTIONS2000BASELINE001757,ACB00077,196.55,2024-03-10T18:00:00,Debit,Fort Worth,ATM,68,Retired,1,6279.83,2024-03-07T14:00:00,BASELINE_NORMAL,overall_volume
TRANSACTIONS2000BASELINE001758,ACB00078,62.12,2024-03-04T19:00:00,Debit,Denver,ATM,37,Student,3,2097.01,2024-03-02T16:00:00,BASELINE_NORMAL,overall_volume
TRANSACTIONS2000BASELINE001759,ACB00079,15.08,2024-02-15T14:00:00,Debit,Chicago,ATM,53,Doctor,1,7822.83,2024-02-13T15:00:00,BASELINE_NORMAL,overall_volume
TRANSACTIONS2000BASELINE001760,ACB00080,267.67,2024-02-11T17:00:00,Debit,Austin,Branch,52,Engineer,2,7160.81,2024-02-09T18:00:00,BASELINE_NORMAL,overall_volume
TRANSACTIONS2000BASELINE001761,ACB00081,177.59,2024-03-09T11:00:00,Debit,Nashville,ATM,48,Student,1,9793.06,2024-03-05T13:00:00,BASELINE_NORMAL,overall_volume
TRANSACTIONS2000BASELINE001762,ACB00082,486.39,2024-02-19T07:00:00,Debit,Kansas City,Branch,52,Doctor,1,7457.06,2024-02-19T01:00:00,BASELINE_NORMAL,overall_volume
TRANSACTIONS2000BASELINE001763,ACB00083,132.45,2024-03-05T17:00:00,Debit,Sacramento,Branch,35,Student,1,2701.55,2024-03-02T07:00:00,BASELINE_NORMAL,overall_volume
TRANSACTIONS2000BASELINE001764,ACB00084,95.02,2024-02-24T12:00:00,Debit,San Francisco,Branch,48,Engineer,1,2368.13,2024-02-20T17:00:00,BASELINE_NORMAL,overall_volume
TRANSACTIONS2000BASELINE001765,ACB00085,328.33,2024-02-03T15:00:00,Credit,Houston,Online,46,Engineer,1,3442.61,2024-02-03T02:00:00,BASELINE_NORMAL,overall_volume
TRANSACTIONS2000BASELINE001766,ACB00086,151.84,2024-02-22T17:00:00,Debit,Detroit,Online,51,Retired,1,2451.88,2024-02-19T20:00:00,BASELINE_NORMAL,overall_volume
TRANSACTIONS2000BASELINE001767,ACB00087,412.02,2024-02-20T23:00:00,Debit,San Diego,Branch,49,Doctor,1,4272.17,2024-02-19T13:00:00,BASELINE_NORMAL,overall_volume
TRANSACTIONS2000BASELINE001768,ACB00088,326.91,2024-03-03T06:00:00,Debit,San Diego,ATM,52,Retired,1,3902.66,2024-03-01T01:00:00,BASELINE_NORMAL,overall_volume
TRANSACTIONS2000BASELINE001769,ACB00089,453.94,2024-03-04T18:00:00,Debit,Albuquerque,ATM,38,Student,1,2438.57,2024-03-04T03:00:00,BASELINE_NORMAL,overall_volume
TRANSACTIONS2000BASELINE001770,ACB00090,24.25,2024-03-25T13:00:00,Debit,El Paso,ATM,57,Retired,1,4954.85,2024-03-23T16:00:00,BASELINE_NORMAL,overall_volume
TRANSACTIONS2000BASELINE001771,ACB00091,852.04,2024-03-06T02:00:00,Credit,Omaha,ATM,48,Engineer,2,6731.87,2024-03-04T12:00:00,BASELINE_NORMAL,overall_volume
TRANSACTIONS2000BASELINE001772,ACB00092,281.45,2024-03-12T16:00:00,Debit,Albuquerque,Online,37,Student,1,5474.42,2024-03-10T05:00:00,BASELINE_NORMAL,overall_volume
TRANSACTIONS2000BASELINE001773,ACB00093,41.00,2024-02-28T13:00:00,Debit,El Paso,Online,30,Engineer,1,2477.56,2024-02-24T20:00:00,BASELINE_NORMAL,overall_volume
TRANSACTIONS2000BASELINE001774,ACB00094,374.75,2024-03-10T10:00:00,Debit,Milwaukee,ATM,59,Retired,1,2331.55,2024-03-09T20:00:00,BASELINE_NORMAL,overall_volume
TRANSACTIONS2000BASELINE001775,ACB00095,252.37,2024-02-05T10:00:00,Credit,Baltimore,Online,65,Retired,1,5120.46,2024-02-02T02:00:00,BASELINE_NORMAL,overall_volume
TRANSACTIONS2000BASELINE001776,ACB00096,337.27,2024-02-03T09:00:00,Debit,Miami,ATM,38,Student,1,4243.40,2024-02-02T03:00:00,BASELINE_NORMAL,overall_volume
TRANSACTIONS2000BASELINE001777,ACB00097,5.00,2024-03-14T19:00:00,Debit,Milwaukee,Online,39,Doctor,1,7066.21,2024-03-12T00:00:00,BASELINE_NORMAL,overall_volume
TRANSACTIONS2000BASELINE001778,ACB00098,260.31,2024-02-03T06:00:00,Debit,Raleigh,Online,47,Retired,1,4029.09,2024-01-30T17:00:00,BASELINE_NORMAL,overall_volume
TRANSACTIONS2000BASELINE001779,ACB00099,5.00,2024-02-02T03:00:00,Debit,Omaha,Online,44,Student,1,5698.13,2024-02-01T14:00:00,BASELINE_NORMAL,overall_volume
TRANSACTIONS2000BASELINE001780,ACB00100,450.95,2024-02-22T14:00:00,Debit,Houston,ATM,36,Doctor,1,7329.36,2024-02-19T17:00:00,BASELINE_NORMAL,overall_volume
TRANSACTIONS2000BASELINE001781,ACB00101,580.85,2024-02-29T13:00:00,Debit,Dallas,Online,28,Student,2,1570.05,2024-02-29T03:00:00,BASELINE_NORMAL,overall_volume
TRANSACTIONS2000BASELINE001782,ACB00102,319.83,2024-02-16T03:00:00,Debit,Columbus,Online,28,Student,1,7262.56,2024-02-13T15:00:00,BASELINE_NORMAL,overall_volume
TRANSACTIONS2000BASELINE001783,ACB00103,99.67,2024-02-21T11:00:00,Debit,Milwaukee,ATM,26,Student,1,7721.33,2024-02-21T01:00:00,BASELINE_NORMAL,overall_volume
TRANSACTIONS2000BASELINE001784,ACB00104,63.15,2024-02-29T06:00:00,Debit,Phoenix,Online,62,Retired,3,1662.59,2024-02-28T17:00:00,BASELINE_NORMAL,overall_volume
TRANSACTIONS2000BASELINE001785,ACB00105,682.45,2024-02-23T23:00:00,Credit,Las Vegas,Online,40,Student,1,3817.94,2024-02-21T21:00:00,BASELINE_NORMAL,overall_volume
TRANSACTIONS2000BASELINE001786,ACB00106,803.61,2024-02-11T21:00:00,Credit,Baltimore,Branch,50,Engineer,1,3563.99,2024-02-08T21:00:00,BASELINE_NORMAL,overall_volume
TRANSACTIONS2000BASELINE001787,ACB00107,5.00,2024-03-08T07:00:00,Debit,Charlotte,Branch,51,Engineer,1,5733.43,2024-03-05T11:00:00,BASELINE_NORMAL,overall_volume
TRANSACTIONS2000BASELINE001788,ACB00108,313.27,2024-02-17T09:00:00,Debit,El Paso,Branch,42,Doctor,2,7034.87,2024-02-14T04:00:00,BASELINE_NORMAL,overall_volume
TRANSACTIONS2000BASELINE001789,ACB00109,176.56,2024-02-07T06:00:00,Debit,Philadelphia,Branch,49,Student,1,10019.45,2024-02-03T11:00:00,BASELINE_NORMAL,overall_volume
TRANSACTIONS2000BASELINE001790,ACB00110,338.49,2024-03-08T18:00:00,Debit,Dallas,Online,61,Engineer,2,7556.37,2024-03-06T10:00:00,BASELINE_NORMAL,overall_volume
TRANSACTIONS2000BASELINE001791,ACB00111,49.12,2024-02-17T20:00:00,Debit,San Diego,ATM,46,Retired,1,4545.50,2024-02-17T14:00:00,BASELINE_NORMAL,overall_volume
TRANSACTIONS2000BASELINE001792,ACB00112,5.00,2024-02-12T12:00:00,Debit,Charlotte,ATM,46,Doctor,2,5368.78,2024-02-11T04:00:00,BASELINE_NORMAL,overall_volume
TRANSACTIONS2000BASELINE001793,ACB00113,6.79,2024-03-13T01:00:00,Debit,Memphis,Branch,31,Student,1,3447.57,2024-03-09T18:00:00,BASELINE_NORMAL,overall_volume
TRANSACTIONS2000BASELINE001794,ACB00114,261.23,2024-02-29T03:00:00,Debit,Austin,Branch,33,Student,1,3958.34,2024-02-26T20:00:00,BASELINE_NORMAL,overall_volume
TRANSACTIONS2000BASELINE001795,ACB00115,51.87,2024-02-14T07:00:00,Credit,Colorado Springs,Branch,50,Doctor,1,8425.50,2024-02-13T05:00:00,BASELINE_NORMAL,overall_volume
TRANSACTIONS2000BASELINE001796,ACB00116,271.71,2024-03-14T09:00:00,Debit,Houston,ATM,53,Student,1,4520.20,2024-03-12T05:00:00,BASELINE_NORMAL,overall_volume
TRANSACTIONS2000BASELINE001797,ACB00117,120.32,2024-03-16T12:00:00,Debit,New York,Online,47,Retired,1,4688.97,2024-03-14T23:00:00,BASELINE_NORMAL,overall_volume
TRANSACTIONS2000BASELINE001798,ACB00118,288.67,2024-02-04T18:00:00,Credit,San Francisco,Online,51,Engineer,1,8880.89,2024-02-01T18:00:00,BASELINE_NORMAL,overall_volume
TRANSACTIONS2000BASELINE001799,ACB00119,169.44,2024-03-10T22:00:00,Debit,Austin,Branch,47,Engineer,3,6411.22,2024-03-09T10:00:00,BASELINE_NORMAL,overall_volume
TRANSACTIONS2000BASELINE001800,ACB00120,36.46,2024-02-09T09:00:00,Debit,Columbus,ATM,40,Engineer,2,187.12,2024-02-07T16:00:00,BASELINE_NORMAL,overall_volume
TRANSACTIONS2000BASELINE001801,ACB00001,5.00,2024-02-15T00:00:00,Credit,Columbus,ATM,39,Student,2,2305.63,2024-02-14T18:00:00,BASELINE_NORMAL,overall_volume
TRANSACTIONS2000BASELINE001802,ACB00002,428.92,2024-02-23T16:00:00,Debit,Nashville,ATM,44,Student,1,5705.33,2024-02-19T22:00:00,BASELINE_NORMAL,overall_volume
TRANSACTIONS2000BASELINE001803,ACB00003,70.80,2024-02-01T12:00:00,Debit,Oklahoma City,Online,38,Student,1,5213.16,2024-01-30T15:00:00,BASELINE_NORMAL,overall_volume
TRANSACTIONS2000BASELINE001804,ACB00004,133.46,2024-02-26T19:00:00,Debit,Seattle,Branch,55,Doctor,1,6304.67,2024-02-26T05:00:00,BASELINE_NORMAL,overall_volume
TRANSACTIONS2000BASELINE001805,ACB00005,23.62,2024-02-20T23:00:00,Debit,Columbus,Branch,43,Student,1,1282.69,2024-02-18T17:00:00,BASELINE_NORMAL,overall_volume
TRANSACTIONS2000BASELINE001806,ACB00006,102.82,2024-03-19T01:00:00,Debit,Miami,Online,59,Engineer,1,9555.67,2024-03-16T18:00:00,BASELINE_NORMAL,overall_volume
TRANSACTIONS2000BASELINE001807,ACB00007,119.22,2024-02-14T19:00:00,Debit,Phoenix,ATM,47,Engineer,1,4548.53,2024-02-14T07:00:00,BASELINE_NORMAL,overall_volume
TRANSACTIONS2000BASELINE001808,ACB00008,824.11,2024-03-06T12:00:00,Credit,Austin,ATM,48,Engineer,1,4108.51,2024-03-04T23:00:00,BASELINE_NORMAL,overall_volume
TRANSACTIONS2000BASELINE001809,ACB00009,137.79,2024-02-05T21:00:00,Debit,Philadelphia,ATM,71,Retired,1,6387.55,2024-02-04T21:00:00,BASELINE_NORMAL,overall_volume
TRANSACTIONS2000BASELINE001810,ACB00010,633.87,2024-02-09T17:00:00,Debit,Atlanta,Branch,44,Doctor,2,6449.11,2024-02-07T15:00:00,BASELINE_NORMAL,overall_volume
TRANSACTIONS2000BASELINE001811,ACB00011,880.26,2024-02-17T14:00:00,Debit,Fort Worth,Online,59,Retired,1,5287.21,2024-02-16T01:00:00,BASELINE_NORMAL,overall_volume
TRANSACTIONS2000BASELINE001812,ACB00012,127.94,2024-03-08T05:00:00,Debit,Atlanta,ATM,33,Doctor,1,5258.73,2024-03-07T06:00:00,BASELINE_NORMAL,overall_volume
TRANSACTIONS2000BASELINE001813,ACB00013,284.85,2024-02-21T12:00:00,Debit,Charlotte,Online,53,Engineer,1,9638.93,2024-02-17T22:00:00,BASELINE_NORMAL,overall_volume
TRANSACTIONS2000BASELINE001814,ACB00014,5.00,2024-03-02T05:00:00,Debit,Indianapolis,ATM,34,Engineer,1,4831.49,2024-02-29T11:00:00,BASELINE_NORMAL,overall_volume
TRANSACTIONS2000BASELINE001815,ACB00015,131.44,2024-02-10T00:00:00,Debit,Dallas,ATM,40,Doctor,1,5589.26,2024-02-06T01:00:00,BASELINE_NORMAL,overall_volume
TRANSACTIONS2000BASELINE001816,ACB00016,95.48,2024-02-12T05:00:00,Debit,Charlotte,Branch,45,Retired,2,3605.55,2024-02-11T08:00:00,BASELINE_NORMAL,overall_volume
TRANSACTIONS2000BASELINE001817,ACB00017,557.27,2024-03-12T15:00:00,Debit,Denver,ATM,45,Engineer,1,8124.52,2024-03-11T04:00:00,BASELINE_NORMAL,overall_volume
TRANSACTIONS2000BASELINE001818,ACB00018,100.88,2024-03-04T08:00:00,Debit,Colorado Springs,Branch,45,Retired,1,4437.92,2024-03-01T07:00:00,BASELINE_NORMAL,overall_volume
TRANSACTIONS2000BASELINE001819,ACB00019,305.30,2024-03-08T08:00:00,Debit,Milwaukee,ATM,68,Retired,1,3192.19,2024-03-07T01:00:00,BASELINE_NORMAL,overall_volume
TRANSACTIONS2000BASELINE001820,ACB00020,10.63,2024-01-24T11:00:00,Debit,Omaha,Branch,48,Student,2,3751.61,2024-01-23T20:00:00,BASELINE_NORMAL,overall_volume
TRANSACTIONS2000BASELINE001821,ACB00021,286.73,2024-02-01T05:00:00,Credit,San Francisco,Online,48,Engineer,1,4048.72,2024-01-29T01:00:00,BASELINE_NORMAL,overall_volume
TRANSACTIONS2000BASELINE001822,ACB00022,98.82,2024-02-25T00:00:00,Debit,Boston,ATM,46,Retired,1,4393.79,2024-02-24T18:00:00,BASELINE_NORMAL,overall_volume
TRANSACTIONS2000BASELINE001823,ACB00023,300.43,2024-02-18T12:00:00,Debit,San Jose,ATM,44,Student,2,5343.90,2024-02-14T21:00:00,BASELINE_NORMAL,overall_volume
TRANSACTIONS2000BASELINE001824,ACB00024,216.89,2024-03-09T03:00:00,Credit,New York,ATM,31,Student,1,2230.53,2024-03-05T03:00:00,BASELINE_NORMAL,overall_volume
TRANSACTIONS2000BASELINE001825,ACB00025,489.53,2024-03-17T02:00:00,Debit,Seattle,Online,65,Retired,1,5627.81,2024-03-16T17:00:00,BASELINE_NORMAL,overall_volume
TRANSACTIONS2000BASELINE001826,ACB00026,176.65,2024-03-03T05:00:00,Debit,Kansas City,Branch,43,Student,2,5538.43,2024-02-29T00:00:00,BASELINE_NORMAL,overall_volume
TRANSACTIONS2000BASELINE001827,ACB00027,386.53,2024-02-17T22:00:00,Debit,Baltimore,Online,51,Retired,1,3330.67,2024-02-14T04:00:00,BASELINE_NORMAL,overall_volume
TRANSACTIONS2000BASELINE001828,ACB00028,132.27,2024-02-22T19:00:00,Debit,San Diego,ATM,25,Student,2,3643.46,2024-02-21T13:00:00,BASELINE_NORMAL,overall_volume
TRANSACTIONS2000BASELINE001829,ACB00029,315.42,2024-03-09T01:00:00,Debit,Tucson,Online,58,Doctor,1,4773.89,2024-03-05T09:00:00,BASELINE_NORMAL,overall_volume
TRANSACTIONS2000BASELINE001830,ACB00030,181.72,2024-03-27T11:00:00,Debit,Mesa,Online,46,Doctor,1,6800.68,2024-03-23T12:00:00,BASELINE_NORMAL,overall_volume
TRANSACTIONS2000BASELINE001831,ACB00031,776.95,2024-03-02T08:00:00,Debit,San Antonio,ATM,20,Student,1,1626.40,2024-02-28T07:00:00,BASELINE_NORMAL,overall_volume
TRANSACTIONS2000BASELINE001832,ACB00032,140.25,2024-02-20T12:00:00,Debit,El Paso,Online,39,Student,1,5453.09,2024-02-19T02:00:00,BASELINE_NORMAL,overall_volume
TRANSACTIONS2000BASELINE001833,ACB00033,558.76,2024-02-09T04:00:00,Debit,Albuquerque,ATM,38,Student,2,2069.71,2024-02-07T00:00:00,BASELINE_NORMAL,overall_volume
TRANSACTIONS2000BASELINE001834,ACB00034,169.00,2024-02-18T09:00:00,Debit,Denver,ATM,38,Engineer,1,448.38,2024-02-18T02:00:00,BASELINE_NORMAL,overall_volume
TRANSACTIONS2000BASELINE001835,ACB00035,68.00,2024-02-09T23:00:00,Debit,San Antonio,ATM,42,Doctor,1,5940.79,2024-02-06T01:00:00,BASELINE_NORMAL,overall_volume
TRANSACTIONS2000BASELINE001836,ACB00036,412.82,2024-03-14T08:00:00,Debit,Los Angeles,ATM,28,Student,1,6881.92,2024-03-11T00:00:00,BASELINE_NORMAL,overall_volume
TRANSACTIONS2000BASELINE001837,ACB00037,394.53,2024-02-14T18:00:00,Debit,Milwaukee,ATM,51,Retired,2,3147.17,2024-02-13T06:00:00,BASELINE_NORMAL,overall_volume
TRANSACTIONS2000BASELINE001838,ACB00038,5.00,2024-03-20T21:00:00,Debit,Baltimore,Online,44,Student,1,2703.73,2024-03-17T18:00:00,BASELINE_NORMAL,overall_volume
TRANSACTIONS2000BASELINE001839,ACB00039,396.94,2024-03-17T03:00:00,Debit,Mesa,ATM,35,Student,1,2062.16,2024-03-16T03:00:00,BASELINE_NORMAL,overall_volume
TRANSACTIONS2000BASELINE001840,ACB00040,423.29,2024-03-18T04:00:00,Debit,Indianapolis,Online,53,Student,1,2429.79,2024-03-15T14:00:00,BASELINE_NORMAL,overall_volume
TRANSACTIONS2000BASELINE001841,ACB00041,317.80,2024-02-29T10:00:00,Credit,Fort Worth,ATM,55,Engineer,1,1618.21,2024-02-27T16:00:00,BASELINE_NORMAL,overall_volume
TRANSACTIONS2000BASELINE001842,ACB00042,37.44,2024-02-14T04:00:00,Debit,Seattle,ATM,46,Student,1,11237.21,2024-02-11T06:00:00,BASELINE_NORMAL,overall_volume
TRANSACTIONS2000BASELINE001843,ACB00043,199.26,2024-02-27T19:00:00,Debit,Phoenix,Branch,48,Doctor,2,3355.84,2024-02-27T04:00:00,BASELINE_NORMAL,overall_volume
TRANSACTIONS2000BASELINE001844,ACB00044,336.15,2024-03-07T18:00:00,Debit,Los Angeles,Branch,44,Student,1,6515.85,2024-03-04T13:00:00,BASELINE_NORMAL,overall_volume
TRANSACTIONS2000BASELINE001845,ACB00045,5.00,2024-02-13T05:00:00,Credit,Dallas,Branch,41,Student,1,6044.42,2024-02-11T01:00:00,BASELINE_NORMAL,overall_volume
TRANSACTIONS2000BASELINE001846,ACB00046,628.98,2024-03-12T14:00:00,Debit,Philadelphia,Online,48,Engineer,1,7207.88,2024-03-10T22:00:00,BASELINE_NORMAL,overall_volume
TRANSACTIONS2000BASELINE001847,ACB00047,62.86,2024-02-14T15:00:00,Debit,Detroit,Online,33,Student,1,2508.68,2024-02-11T09:00:00,BASELINE_NORMAL,overall_volume
TRANSACTIONS2000BASELINE001848,ACB00048,155.71,2024-03-06T16:00:00,Debit,Philadelphia,ATM,71,Retired,1,7730.85,2024-03-04T20:00:00,BASELINE_NORMAL,overall_volume
TRANSACTIONS2000BASELINE001849,ACB00049,393.18,2024-03-07T04:00:00,Debit,Virginia Beach,Online,48,Student,2,6509.02,2024-03-03T23:00:00,BASELINE_NORMAL,overall_volume
TRANSACTIONS2000BASELINE001850,ACB00050,253.41,2024-02-06T12:00:00,Credit,Fort Worth,Online,46,Student,2,4961.10,2024-02-05T09:00:00,BASELINE_NORMAL,overall_volume
TRANSACTIONS2000BASELINE001851,ACB00051,646.41,2024-03-07T21:00:00,Debit,Colorado Springs,Branch,42,Doctor,1,4830.46,2024-03-04T17:00:00,BASELINE_NORMAL,overall_volume
TRANSACTIONS2000BASELINE001852,ACB00052,1557.16,2024-02-13T10:00:00,Credit,Memphis,Branch,40,Student,1,7583.80,2024-02-09T16:00:00,BASELINE_NORMAL,overall_volume
TRANSACTIONS2000BASELINE001853,ACB00053,23.10,2024-02-13T12:00:00,Debit,Phoenix,ATM,40,Doctor,1,5803.33,2024-02-10T17:00:00,BASELINE_NORMAL,overall_volume
TRANSACTIONS2000BASELINE001854,ACB00054,273.44,2024-03-03T12:00:00,Debit,Phoenix,Branch,48,Doctor,1,8624.98,2024-03-02T14:00:00,BASELINE_NORMAL,overall_volume
TRANSACTIONS2000BASELINE001855,ACB00055,627.49,2024-03-05T12:00:00,Credit,San Francisco,Branch,40,Student,2,4239.30,2024-03-03T09:00:00,BASELINE_NORMAL,overall_volume
TRANSACTIONS2000BASELINE001856,ACB00056,532.73,2024-03-03T19:00:00,Debit,Virginia Beach,Online,40,Doctor,2,6018.77,2024-02-28T20:00:00,BASELINE_NORMAL,overall_volume
TRANSACTIONS2000BASELINE001857,ACB00057,5.00,2024-02-25T03:00:00,Debit,Omaha,ATM,37,Engineer,1,3758.27,2024-02-21T15:00:00,BASELINE_NORMAL,overall_volume
TRANSACTIONS2000BASELINE001858,ACB00058,342.44,2024-01-30T23:00:00,Debit,Tucson,Online,24,Student,1,1205.00,2024-01-28T22:00:00,BASELINE_NORMAL,overall_volume
TRANSACTIONS2000BASELINE001859,ACB00059,76.46,2024-03-09T19:00:00,Debit,Columbus,ATM,40,Engineer,1,171.14,2024-03-06T19:00:00,BASELINE_NORMAL,overall_volume
TRANSACTIONS2000BASELINE001860,ACB00060,5.00,2024-02-13T01:00:00,Debit,Colorado Springs,Branch,62,Engineer,1,4774.26,2024-02-09T09:00:00,BASELINE_NORMAL,overall_volume
TRANSACTIONS2000BASELINE001861,ACB00061,445.45,2024-03-10T08:00:00,Debit,Phoenix,Online,53,Retired,2,2148.86,2024-03-08T12:00:00,BASELINE_NORMAL,overall_volume
TRANSACTIONS2000BASELINE001862,ACB00062,5.00,2024-03-23T22:00:00,Debit,Atlanta,Branch,50,Engineer,1,4502.03,2024-03-20T05:00:00,BASELINE_NORMAL,overall_volume
TRANSACTIONS2000BASELINE001863,ACB00063,433.90,2024-02-08T04:00:00,Debit,San Diego,ATM,55,Retired,1,6550.80,2024-02-04T23:00:00,BASELINE_NORMAL,overall_volume
TRANSACTIONS2000BASELINE001864,ACB00064,5.00,2024-03-01T08:00:00,Debit,Columbus,Branch,43,Student,1,1733.64,2024-02-28T20:00:00,BASELINE_NORMAL,overall_volume
TRANSACTIONS2000BASELINE001865,ACB00065,544.27,2024-03-08T00:00:00,Credit,Jacksonville,ATM,47,Doctor,1,9364.92,2024-03-04T15:00:00,BASELINE_NORMAL,overall_volume
TRANSACTIONS2000BASELINE001866,ACB00066,1038.39,2024-02-25T23:00:00,Debit,Philadelphia,Branch,44,Doctor,1,2739.58,2024-02-23T14:00:00,BASELINE_NORMAL,overall_volume
TRANSACTIONS2000BASELINE001867,ACB00067,556.41,2024-02-05T06:00:00,Credit,Washington,Online,54,Retired,1,9946.20,2024-02-03T10:00:00,BASELINE_NORMAL,overall_volume
TRANSACTIONS2000BASELINE001868,ACB00068,255.03,2024-03-10T17:00:00,Debit,Tucson,ATM,59,Retired,1,1783.75,2024-03-07T15:00:00,BASELINE_NORMAL,overall_volume
TRANSACTIONS2000BASELINE001869,ACB00069,494.28,2024-03-10T13:00:00,Debit,Louisville,Branch,46,Retired,1,3165.29,2024-03-06T17:00:00,BASELINE_NORMAL,overall_volume
TRANSACTIONS2000BASELINE001870,ACB00070,120.32,2024-02-22T06:00:00,Debit,Jacksonville,ATM,42,Student,1,3598.77,2024-02-18T12:00:00,BASELINE_NORMAL,overall_volume
TRANSACTIONS2000BASELINE001871,ACB00071,341.80,2024-02-24T23:00:00,Debit,Nashville,Online,56,Retired,2,3522.25,2024-02-23T01:00:00,BASELINE_NORMAL,overall_volume
TRANSACTIONS2000BASELINE001872,ACB00072,190.99,2024-02-21T14:00:00,Debit,Colorado Springs,Online,37,Student,1,6575.53,2024-02-21T08:00:00,BASELINE_NORMAL,overall_volume
TRANSACTIONS2000BASELINE001873,ACB00073,574.12,2024-02-18T19:00:00,Credit,Chicago,Branch,55,Engineer,1,4492.59,2024-02-18T07:00:00,BASELINE_NORMAL,overall_volume
TRANSACTIONS2000BASELINE001874,ACB00074,656.97,2024-02-21T23:00:00,Credit,San Francisco,Branch,45,Student,2,7595.39,2024-02-18T01:00:00,BASELINE_NORMAL,overall_volume
TRANSACTIONS2000BASELINE001875,ACB00075,688.43,2024-02-25T08:00:00,Credit,Houston,Online,46,Engineer,1,2628.55,2024-02-22T22:00:00,BASELINE_NORMAL,overall_volume
TRANSACTIONS2000BASELINE001876,ACB00076,238.75,2024-02-25T04:00:00,Debit,Fort Worth,Online,68,Retired,1,3620.26,2024-02-22T12:00:00,BASELINE_NORMAL,overall_volume
TRANSACTIONS2000BASELINE001877,ACB00077,464.01,2024-03-11T01:00:00,Debit,Fort Worth,ATM,68,Retired,1,7113.43,2024-03-10T18:00:00,BASELINE_NORMAL,overall_volume
TRANSACTIONS2000BASELINE001878,ACB00078,224.70,2024-03-08T05:00:00,Debit,Denver,ATM,37,Student,1,2188.79,2024-03-04T19:00:00,BASELINE_NORMAL,overall_volume
TRANSACTIONS2000BASELINE001879,ACB00079,286.01,2024-02-16T02:00:00,Debit,Philadelphia,ATM,53,Doctor,1,6755.15,2024-02-15T14:00:00,BASELINE_NORMAL,overall_volume
TRANSACTIONS2000BASELINE001880,ACB00080,118.95,2024-02-14T23:00:00,Debit,Austin,Online,52,Engineer,1,7514.26,2024-02-11T17:00:00,BASELINE_NORMAL,overall_volume
TRANSACTIONS2000BASELINE001881,ACB00081,419.82,2024-03-11T09:00:00,Debit,Nashville,ATM,48,Student,1,7592.78,2024-03-09T11:00:00,BASELINE_NORMAL,overall_volume
TRANSACTIONS2000BASELINE001882,ACB00082,494.03,2024-02-22T07:00:00,Debit,Kansas City,Branch,52,Doctor,1,7773.41,2024-02-19T07:00:00,BASELINE_NORMAL,overall_volume
TRANSACTIONS2000BASELINE001883,ACB00083,248.77,2024-03-09T16:00:00,Debit,Miami,Branch,35,Student,1,2425.39,2024-03-05T17:00:00,BASELINE_NORMAL,overall_volume
TRANSACTIONS2000BASELINE001884,ACB00084,181.22,2024-02-27T17:00:00,Debit,Omaha,ATM,48,Engineer,1,2478.99,2024-02-24T12:00:00,BASELINE_NORMAL,overall_volume
TRANSACTIONS2000BASELINE001885,ACB00085,182.87,2024-02-07T01:00:00,Credit,Nashville,Online,46,Engineer,1,5230.07,2024-02-03T15:00:00,BASELINE_NORMAL,overall_volume
TRANSACTIONS2000BASELINE001886,ACB00086,323.01,2024-02-24T04:00:00,Debit,Baltimore,Online,51,Retired,1,2414.36,2024-02-22T17:00:00,BASELINE_NORMAL,overall_volume
TRANSACTIONS2000BASELINE001887,ACB00087,424.70,2024-02-24T16:00:00,Debit,San Diego,Online,49,Doctor,1,4054.94,2024-02-20T23:00:00,BASELINE_NORMAL,overall_volume
TRANSACTIONS2000BASELINE001888,ACB00088,598.56,2024-03-07T04:00:00,Debit,Las Vegas,ATM,52,Retired,1,6755.84,2024-03-03T06:00:00,BASELINE_NORMAL,overall_volume
TRANSACTIONS2000BASELINE001889,ACB00089,193.92,2024-03-05T18:00:00,Debit,Albuquerque,ATM,38,Student,1,2316.89,2024-03-04T18:00:00,BASELINE_NORMAL,overall_volume
TRANSACTIONS2000BASELINE001890,ACB00090,32.92,2024-03-27T00:00:00,Debit,El Paso,ATM,57,Retired,1,8768.27,2024-03-25T13:00:00,BASELINE_NORMAL,overall_volume
TRANSACTIONS2000BASELINE001891,ACB00091,580.26,2024-03-07T02:00:00,Debit,Fresno,ATM,48,Engineer,1,7785.11,2024-03-06T02:00:00,BASELINE_NORMAL,overall_volume
TRANSACTIONS2000BASELINE001892,ACB00092,133.65,2024-03-15T12:00:00,Debit,Memphis,Online,37,Student,1,6110.91,2024-03-12T16:00:00,BASELINE_NORMAL,overall_volume
TRANSACTIONS2000BASELINE001893,ACB00093,57.16,2024-03-02T18:00:00,Debit,El Paso,Online,30,Engineer,2,2081.80,2024-02-28T13:00:00,BASELINE_NORMAL,overall_volume
TRANSACTIONS2000BASELINE001894,ACB00094,630.66,2024-03-12T21:00:00,Credit,Miami,Branch,59,Retired,1,2345.89,2024-03-10T10:00:00,BASELINE_NORMAL,overall_volume
TRANSACTIONS2000BASELINE001895,ACB00095,440.82,2024-02-09T09:00:00,Debit,Baltimore,Online,65,Retired,1,6140.99,2024-02-05T10:00:00,BASELINE_NORMAL,overall_volume
TRANSACTIONS2000BASELINE001896,ACB00096,5.00,2024-02-03T20:00:00,Debit,Miami,ATM,38,Student,2,3043.19,2024-02-03T09:00:00,BASELINE_NORMAL,overall_volume
TRANSACTIONS2000BASELINE001897,ACB00097,596.36,2024-03-16T01:00:00,Debit,Mesa,Online,39,Doctor,1,4316.04,2024-03-14T19:00:00,BASELINE_NORMAL,overall_volume
TRANSACTIONS2000BASELINE001898,ACB00098,323.74,2024-02-07T05:00:00,Debit,Denver,Branch,47,Retired,3,2211.30,2024-02-03T06:00:00,BASELINE_NORMAL,overall_volume
TRANSACTIONS2000BASELINE001899,ACB00099,273.42,2024-02-04T11:00:00,Debit,Fresno,Online,44,Student,1,6235.09,2024-02-02T03:00:00,BASELINE_NORMAL,overall_volume
TRANSACTIONS2000BASELINE001900,ACB00100,703.50,2024-02-23T01:00:00,Debit,Houston,ATM,36,Doctor,2,5300.47,2024-02-22T14:00:00,BASELINE_NORMAL,overall_volume
TRANSACTIONS2000BASELINE001901,ACB00101,586.47,2024-03-04T05:00:00,Debit,Dallas,Online,28,Student,1,2753.50,2024-02-29T13:00:00,BASELINE_NORMAL,overall_volume
TRANSACTIONS2000BASELINE001902,ACB00102,969.08,2024-02-17T08:00:00,Debit,Fort Worth,Online,28,Student,1,11068.69,2024-02-16T03:00:00,BASELINE_NORMAL,overall_volume
TRANSACTIONS2000BASELINE001903,ACB00103,109.26,2024-02-25T07:00:00,Debit,Milwaukee,ATM,26,Student,1,4707.33,2024-02-21T11:00:00,BASELINE_NORMAL,overall_volume
TRANSACTIONS2000BASELINE001904,ACB00104,503.97,2024-03-01T16:00:00,Debit,Phoenix,Branch,62,Retired,1,7934.67,2024-02-29T06:00:00,BASELINE_NORMAL,overall_volume
TRANSACTIONS2000BASELINE001905,ACB00105,484.93,2024-02-27T03:00:00,Debit,San Jose,ATM,40,Student,2,3642.38,2024-02-23T23:00:00,BASELINE_NORMAL,overall_volume
TRANSACTIONS2000BASELINE001906,ACB00106,538.94,2024-02-15T05:00:00,Credit,Baltimore,Branch,50,Engineer,1,5208.86,2024-02-11T21:00:00,BASELINE_NORMAL,overall_volume
TRANSACTIONS2000BASELINE001907,ACB00107,431.69,2024-03-09T10:00:00,Debit,Charlotte,Branch,51,Engineer,3,4815.85,2024-03-08T07:00:00,BASELINE_NORMAL,overall_volume
TRANSACTIONS2000BASELINE001908,ACB00108,134.61,2024-02-19T10:00:00,Debit,San Antonio,Branch,42,Doctor,1,7045.41,2024-02-17T09:00:00,BASELINE_NORMAL,overall_volume
TRANSACTIONS2000BASELINE001909,ACB00109,157.61,2024-02-08T04:00:00,Debit,Portland,ATM,49,Student,1,8673.00,2024-02-07T06:00:00,BASELINE_NORMAL,overall_volume
TRANSACTIONS2000BASELINE001910,ACB00110,244.01,2024-03-10T03:00:00,Debit,Las Vegas,Online,61,Engineer,1,4693.56,2024-03-08T18:00:00,BASELINE_NORMAL,overall_volume
TRANSACTIONS2000BASELINE001911,ACB00111,230.83,2024-02-19T05:00:00,Debit,Fresno,ATM,46,Retired,1,3693.84,2024-02-17T20:00:00,BASELINE_NORMAL,overall_volume
TRANSACTIONS2000BASELINE001912,ACB00112,370.32,2024-02-15T17:00:00,Debit,Mesa,ATM,46,Doctor,1,4758.40,2024-02-12T12:00:00,BASELINE_NORMAL,overall_volume
TRANSACTIONS2000BASELINE001913,ACB00113,994.20,2024-03-16T07:00:00,Debit,El Paso,Online,31,Student,3,2560.38,2024-03-13T01:00:00,BASELINE_NORMAL,overall_volume
TRANSACTIONS2000BASELINE001914,ACB00114,816.64,2024-03-02T00:00:00,Debit,Austin,Branch,33,Student,1,5219.91,2024-02-29T03:00:00,BASELINE_NORMAL,overall_volume
TRANSACTIONS2000BASELINE001915,ACB00115,61.33,2024-02-17T08:00:00,Credit,Colorado Springs,Branch,50,Doctor,1,9251.11,2024-02-14T07:00:00,BASELINE_NORMAL,overall_volume
TRANSACTIONS2000BASELINE001916,ACB00116,5.00,2024-03-14T19:00:00,Debit,Atlanta,Branch,53,Student,1,2975.00,2024-03-14T09:00:00,BASELINE_NORMAL,overall_volume
TRANSACTIONS2000BASELINE001917,ACB00117,137.17,2024-03-17T18:00:00,Debit,Columbus,Online,47,Retired,2,7079.50,2024-03-16T12:00:00,BASELINE_NORMAL,overall_volume
TRANSACTIONS2000BASELINE001918,ACB00118,6.76,2024-02-06T05:00:00,Credit,Philadelphia,Online,51,Engineer,1,2169.65,2024-02-04T18:00:00,BASELINE_NORMAL,overall_volume
TRANSACTIONS2000BASELINE001919,ACB00119,458.64,2024-03-13T10:00:00,Debit,Washington,Branch,47,Engineer,1,7339.82,2024-03-10T22:00:00,BASELINE_NORMAL,overall_volume
TRANSACTIONS2000BASELINE001920,ACB00120,61.27,2024-02-10T01:00:00,Debit,Columbus,ATM,40,Engineer,2,253.07,2024-02-09T09:00:00,BASELINE_NORMAL,overall_volume
TRANSACTIONS2000BASELINE001921,ACB00001,890.55,2024-02-17T08:00:00,Debit,Columbus,Branch,39,Student,1,7110.91,2024-02-15T00:00:00,BASELINE_NORMAL,overall_volume
TRANSACTIONS2000BASELINE001922,ACB00002,210.08,2024-02-24T13:00:00,Debit,El Paso,Online,44,Student,1,5675.29,2024-02-23T16:00:00,BASELINE_NORMAL,overall_volume
TRANSACTIONS2000BASELINE001923,ACB00003,189.13,2024-02-03T17:00:00,Credit,Las Vegas,Online,38,Student,1,5014.41,2024-02-01T12:00:00,BASELINE_NORMAL,overall_volume
TRANSACTIONS2000BASELINE001924,ACB00004,255.23,2024-02-28T23:00:00,Credit,Boston,ATM,55,Doctor,1,8004.18,2024-02-26T19:00:00,BASELINE_NORMAL,overall_volume
TRANSACTIONS2000BASELINE001925,ACB00005,138.13,2024-02-21T08:00:00,Debit,San Jose,Branch,43,Student,1,2275.21,2024-02-20T23:00:00,BASELINE_NORMAL,overall_volume
TRANSACTIONS2000BASELINE001926,ACB00006,82.98,2024-03-20T16:00:00,Debit,Miami,ATM,59,Engineer,1,9236.12,2024-03-19T01:00:00,BASELINE_NORMAL,overall_volume
TRANSACTIONS2000BASELINE001927,ACB00007,244.32,2024-02-16T22:00:00,Debit,Louisville,ATM,47,Engineer,1,3442.21,2024-02-14T19:00:00,BASELINE_NORMAL,overall_volume
TRANSACTIONS2000BASELINE001928,ACB00008,321.66,2024-03-09T13:00:00,Credit,Tucson,Branch,48,Engineer,1,8221.99,2024-03-06T12:00:00,BASELINE_NORMAL,overall_volume
TRANSACTIONS2000BASELINE001929,ACB00009,134.75,2024-02-09T19:00:00,Debit,Philadelphia,ATM,71,Retired,1,5294.23,2024-02-05T21:00:00,BASELINE_NORMAL,overall_volume
TRANSACTIONS2000BASELINE001930,ACB00010,1178.31,2024-02-12T03:00:00,Debit,San Diego,Online,44,Doctor,1,6706.66,2024-02-09T17:00:00,BASELINE_NORMAL,overall_volume
TRANSACTIONS2000BASELINE001931,ACB00011,676.07,2024-02-21T08:00:00,Debit,Fort Worth,ATM,59,Retired,1,12620.89,2024-02-17T14:00:00,BASELINE_NORMAL,overall_volume
TRANSACTIONS2000BASELINE001932,ACB00012,587.90,2024-03-11T20:00:00,Debit,Atlanta,ATM,33,Doctor,1,3895.33,2024-03-08T05:00:00,BASELINE_NORMAL,overall_volume
TRANSACTIONS2000BASELINE001933,ACB00013,170.07,2024-02-24T03:00:00,Debit,Oklahoma City,Online,53,Engineer,1,9943.15,2024-02-21T12:00:00,BASELINE_NORMAL,overall_volume
TRANSACTIONS2000BASELINE001934,ACB00014,72.04,2024-03-05T12:00:00,Credit,Indianapolis,ATM,34,Engineer,1,2733.57,2024-03-02T05:00:00,BASELINE_NORMAL,overall_volume
TRANSACTIONS2000BASELINE001935,ACB00015,316.70,2024-02-13T22:00:00,Credit,Dallas,Online,40,Doctor,1,4174.24,2024-02-10T00:00:00,BASELINE_NORMAL,overall_volume
TRANSACTIONS2000BASELINE001936,ACB00016,109.00,2024-02-13T05:00:00,Debit,Charlotte,Branch,45,Retired,1,2707.24,2024-02-12T05:00:00,BASELINE_NORMAL,overall_volume
TRANSACTIONS2000BASELINE001937,ACB00017,433.70,2024-03-13T03:00:00,Debit,Denver,ATM,45,Engineer,1,5340.64,2024-03-12T15:00:00,BASELINE_NORMAL,overall_volume
TRANSACTIONS2000BASELINE001938,ACB00018,182.84,2024-03-05T10:00:00,Debit,Colorado Springs,Branch,45,Retired,1,2701.24,2024-03-04T08:00:00,BASELINE_NORMAL,overall_volume
TRANSACTIONS2000BASELINE001939,ACB00019,283.92,2024-03-10T21:00:00,Debit,Las Vegas,ATM,68,Retired,1,3787.78,2024-03-08T08:00:00,BASELINE_NORMAL,overall_volume
TRANSACTIONS2000BASELINE001940,ACB00020,153.97,2024-01-25T12:00:00,Debit,Austin,Branch,48,Student,1,5859.93,2024-01-24T11:00:00,BASELINE_NORMAL,overall_volume
TRANSACTIONS2000BASELINE001941,ACB00021,275.70,2024-02-03T18:00:00,Debit,Omaha,ATM,48,Engineer,1,2980.65,2024-02-01T05:00:00,BASELINE_NORMAL,overall_volume
TRANSACTIONS2000BASELINE001942,ACB00022,5.00,2024-02-26T16:00:00,Debit,Boston,ATM,46,Retired,1,2985.98,2024-02-25T00:00:00,BASELINE_NORMAL,overall_volume
TRANSACTIONS2000BASELINE001943,ACB00023,123.82,2024-02-21T20:00:00,Debit,Dallas,ATM,44,Student,1,6980.76,2024-02-18T12:00:00,BASELINE_NORMAL,overall_volume
TRANSACTIONS2000BASELINE001944,ACB00024,195.72,2024-03-11T15:00:00,Credit,San Diego,Branch,31,Student,1,1792.37,2024-03-09T03:00:00,BASELINE_NORMAL,overall_volume
TRANSACTIONS2000BASELINE001945,ACB00025,114.57,2024-03-18T00:00:00,Debit,Mesa,Online,65,Retired,1,5664.91,2024-03-17T02:00:00,BASELINE_NORMAL,overall_volume
TRANSACTIONS2000BASELINE001946,ACB00026,176.48,2024-03-03T15:00:00,Debit,Nashville,Branch,43,Student,1,3792.30,2024-03-03T05:00:00,BASELINE_NORMAL,overall_volume
TRANSACTIONS2000BASELINE001947,ACB00027,695.44,2024-02-20T11:00:00,Debit,Denver,Branch,51,Retired,2,1774.60,2024-02-17T22:00:00,BASELINE_NORMAL,overall_volume
TRANSACTIONS2000BASELINE001948,ACB00028,341.72,2024-02-23T04:00:00,Debit,Washington,Online,25,Student,1,3190.41,2024-02-22T19:00:00,BASELINE_NORMAL,overall_volume
TRANSACTIONS2000BASELINE001949,ACB00029,364.39,2024-03-12T21:00:00,Debit,San Diego,ATM,58,Doctor,1,4619.17,2024-03-09T01:00:00,BASELINE_NORMAL,overall_volume
TRANSACTIONS2000BASELINE001950,ACB00030,265.52,2024-03-27T23:00:00,Debit,Colorado Springs,Branch,46,Doctor,3,7696.39,2024-03-27T11:00:00,BASELINE_NORMAL,overall_volume
TRANSACTIONS2000BASELINE001951,ACB00031,1955.22,2024-03-05T16:00:00,Debit,Los Angeles,Branch,20,Student,1,2140.12,2024-03-02T08:00:00,BASELINE_NORMAL,overall_volume
TRANSACTIONS2000BASELINE001952,ACB00032,306.42,2024-02-23T09:00:00,Debit,Louisville,Online,39,Student,1,4853.26,2024-02-20T12:00:00,BASELINE_NORMAL,overall_volume
TRANSACTIONS2000BASELINE001953,ACB00033,432.55,2024-02-13T00:00:00,Debit,Detroit,ATM,38,Student,2,3180.70,2024-02-09T04:00:00,BASELINE_NORMAL,overall_volume
TRANSACTIONS2000BASELINE001954,ACB00034,196.96,2024-02-21T08:00:00,Debit,Denver,ATM,38,Engineer,1,760.66,2024-02-18T09:00:00,BASELINE_NORMAL,overall_volume
TRANSACTIONS2000BASELINE001955,ACB00035,248.63,2024-02-11T00:00:00,Debit,Mesa,ATM,42,Doctor,3,3114.56,2024-02-09T23:00:00,BASELINE_NORMAL,overall_volume
TRANSACTIONS2000BASELINE001956,ACB00036,257.10,2024-03-14T23:00:00,Debit,Los Angeles,ATM,28,Student,1,4547.75,2024-03-14T08:00:00,BASELINE_NORMAL,overall_volume
TRANSACTIONS2000BASELINE001957,ACB00037,5.00,2024-02-18T05:00:00,Debit,Columbus,ATM,51,Retired,1,6030.35,2024-02-14T18:00:00,BASELINE_NORMAL,overall_volume
TRANSACTIONS2000BASELINE001958,ACB00038,229.82,2024-03-23T21:00:00,Debit,Philadelphia,Branch,44,Student,1,3783.14,2024-03-20T21:00:00,BASELINE_NORMAL,overall_volume
TRANSACTIONS2000BASELINE001959,ACB00039,153.26,2024-03-20T04:00:00,Debit,Fort Worth,ATM,35,Student,1,2889.89,2024-03-17T03:00:00,BASELINE_NORMAL,overall_volume
TRANSACTIONS2000BASELINE001960,ACB00040,5.00,2024-03-21T12:00:00,Debit,San Francisco,ATM,53,Student,3,3934.70,2024-03-18T04:00:00,BASELINE_NORMAL,overall_volume
TRANSACTIONS2000BASELINE001961,ACB00041,7.28,2024-03-02T23:00:00,Debit,San Jose,Branch,55,Engineer,1,3281.89,2024-02-29T10:00:00,BASELINE_NORMAL,overall_volume
TRANSACTIONS2000BASELINE001962,ACB00042,446.25,2024-02-16T15:00:00,Debit,Virginia Beach,ATM,46,Student,1,5675.65,2024-02-14T04:00:00,BASELINE_NORMAL,overall_volume
TRANSACTIONS2000BASELINE001963,ACB00043,437.68,2024-02-29T23:00:00,Debit,Seattle,Branch,48,Doctor,1,9826.73,2024-02-27T19:00:00,BASELINE_NORMAL,overall_volume
TRANSACTIONS2000BASELINE001964,ACB00044,5.00,2024-03-11T02:00:00,Debit,Los Angeles,ATM,44,Student,1,8041.78,2024-03-07T18:00:00,BASELINE_NORMAL,overall_volume
TRANSACTIONS2000BASELINE001965,ACB00045,88.62,2024-02-13T17:00:00,Debit,Sacramento,Branch,41,Student,1,4236.85,2024-02-13T05:00:00,BASELINE_NORMAL,overall_volume
TRANSACTIONS2000BASELINE001966,ACB00046,146.74,2024-03-14T14:00:00,Debit,Columbus,Online,48,Engineer,1,9899.05,2024-03-12T14:00:00,BASELINE_NORMAL,overall_volume
TRANSACTIONS2000BASELINE001967,ACB00047,379.94,2024-02-17T21:00:00,Debit,Tucson,Online,33,Student,1,3562.82,2024-02-14T15:00:00,BASELINE_NORMAL,overall_volume
TRANSACTIONS2000BASELINE001968,ACB00048,136.28,2024-03-10T13:00:00,Debit,Philadelphia,ATM,71,Retired,1,3669.59,2024-03-06T16:00:00,BASELINE_NORMAL,overall_volume
TRANSACTIONS2000BASELINE001969,ACB00049,69.66,2024-03-09T12:00:00,Debit,Virginia Beach,Online,48,Student,1,8224.16,2024-03-07T04:00:00,BASELINE_NORMAL,overall_volume
TRANSACTIONS2000BASELINE001970,ACB00050,36.37,2024-02-10T01:00:00,Debit,Fort Worth,Branch,46,Student,2,6515.26,2024-02-06T12:00:00,BASELINE_NORMAL,overall_volume
TRANSACTIONS2000BASELINE001971,ACB00051,616.38,2024-03-08T04:00:00,Debit,San Antonio,Branch,42,Doctor,2,8837.06,2024-03-07T21:00:00,BASELINE_NORMAL,overall_volume
TRANSACTIONS2000BASELINE001972,ACB00052,592.31,2024-02-14T23:00:00,Credit,Miami,ATM,40,Student,1,8165.23,2024-02-13T10:00:00,BASELINE_NORMAL,overall_volume
TRANSACTIONS2000BASELINE001973,ACB00053,65.99,2024-02-16T19:00:00,Debit,Los Angeles,ATM,40,Doctor,1,2819.84,2024-02-13T12:00:00,BASELINE_NORMAL,overall_volume
TRANSACTIONS2000BASELINE001974,ACB00054,420.53,2024-03-05T04:00:00,Credit,Columbus,Branch,48,Doctor,3,8050.47,2024-03-03T12:00:00,BASELINE_NORMAL,overall_volume
TRANSACTIONS2000BASELINE001975,ACB00055,332.55,2024-03-07T14:00:00,Credit,San Francisco,Online,40,Student,1,2953.31,2024-03-05T12:00:00,BASELINE_NORMAL,overall_volume
TRANSACTIONS2000BASELINE001976,ACB00056,576.97,2024-03-06T11:00:00,Debit,El Paso,Online,40,Doctor,1,4705.76,2024-03-03T19:00:00,BASELINE_NORMAL,overall_volume
TRANSACTIONS2000BASELINE001977,ACB00057,21.56,2024-02-28T06:00:00,Debit,Colorado Springs,ATM,37,Engineer,1,4930.38,2024-02-25T03:00:00,BASELINE_NORMAL,overall_volume
TRANSACTIONS2000BASELINE001978,ACB00058,329.73,2024-01-31T14:00:00,Debit,Tucson,Online,24,Student,1,1159.38,2024-01-30T23:00:00,BASELINE_NORMAL,overall_volume
TRANSACTIONS2000BASELINE001979,ACB00059,37.24,2024-03-10T03:00:00,Debit,Columbus,ATM,40,Engineer,1,169.60,2024-03-09T19:00:00,BASELINE_NORMAL,overall_volume
TRANSACTIONS2000BASELINE001980,ACB00060,46.94,2024-02-13T10:00:00,Debit,Colorado Springs,Online,62,Engineer,1,5052.58,2024-02-13T01:00:00,BASELINE_NORMAL,overall_volume
TRANSACTIONS2000BASELINE001981,ACB00061,269.59,2024-03-14T06:00:00,Debit,Mesa,Branch,53,Retired,2,3204.68,2024-03-10T08:00:00,BASELINE_NORMAL,overall_volume
TRANSACTIONS2000BASELINE001982,ACB00062,5.00,2024-03-25T06:00:00,Debit,Louisville,ATM,50,Engineer,1,2122.84,2024-03-23T22:00:00,BASELINE_NORMAL,overall_volume
TRANSACTIONS2000BASELINE001983,ACB00063,611.95,2024-02-08T13:00:00,Credit,San Diego,ATM,55,Retired,1,8456.50,2024-02-08T04:00:00,BASELINE_NORMAL,overall_volume
TRANSACTIONS2000BASELINE001984,ACB00064,93.86,2024-03-04T00:00:00,Debit,San Jose,Online,43,Student,1,1349.49,2024-03-01T08:00:00,BASELINE_NORMAL,overall_volume
TRANSACTIONS2000BASELINE001985,ACB00065,775.77,2024-03-10T00:00:00,Credit,Baltimore,Online,47,Doctor,1,8888.19,2024-03-08T00:00:00,BASELINE_NORMAL,overall_volume
TRANSACTIONS2000BASELINE001986,ACB00066,1017.98,2024-02-28T05:00:00,Debit,Miami,Branch,44,Doctor,1,2027.78,2024-02-25T23:00:00,BASELINE_NORMAL,overall_volume
TRANSACTIONS2000BASELINE001987,ACB00067,610.16,2024-02-07T07:00:00,Credit,Omaha,Online,54,Retired,1,5739.07,2024-02-05T06:00:00,BASELINE_NORMAL,overall_volume
TRANSACTIONS2000BASELINE001988,ACB00068,110.50,2024-03-12T00:00:00,Debit,Oklahoma City,Branch,59,Retired,1,3474.71,2024-03-10T17:00:00,BASELINE_NORMAL,overall_volume
TRANSACTIONS2000BASELINE001989,ACB00069,597.16,2024-03-11T10:00:00,Debit,Louisville,Online,46,Retired,1,2559.05,2024-03-10T13:00:00,BASELINE_NORMAL,overall_volume
TRANSACTIONS2000BASELINE001990,ACB00070,203.63,2024-02-25T08:00:00,Debit,Raleigh,Online,42,Student,2,2056.80,2024-02-22T06:00:00,BASELINE_NORMAL,overall_volume
TRANSACTIONS2000BASELINE001991,ACB00071,190.53,2024-02-26T07:00:00,Debit,Nashville,Branch,56,Retired,1,4362.90,2024-02-24T23:00:00,BASELINE_NORMAL,overall_volume
TRANSACTIONS2000BASELINE001992,ACB00072,754.53,2024-02-25T08:00:00,Debit,Indianapolis,ATM,37,Student,2,5826.32,2024-02-21T14:00:00,BASELINE_NORMAL,overall_volume
TRANSACTIONS2000BASELINE001993,ACB00073,703.88,2024-02-22T07:00:00,Credit,San Jose,ATM,55,Engineer,1,3814.31,2024-02-18T19:00:00,BASELINE_NORMAL,overall_volume
TRANSACTIONS2000BASELINE001994,ACB00074,273.83,2024-02-23T19:00:00,Credit,Philadelphia,Branch,45,Student,1,6400.43,2024-02-21T23:00:00,BASELINE_NORMAL,overall_volume
TRANSACTIONS2000BASELINE001995,ACB00075,788.91,2024-02-29T06:00:00,Credit,San Diego,Online,46,Engineer,2,6613.95,2024-02-25T08:00:00,BASELINE_NORMAL,overall_volume
TRANSACTIONS2000BASELINE001996,ACB00076,530.66,2024-02-28T17:00:00,Debit,Fort Worth,ATM,68,Retired,1,4366.87,2024-02-25T04:00:00,BASELINE_NORMAL,overall_volume
TRANSACTIONS2000BASELINE001997,ACB00077,236.35,2024-03-13T08:00:00,Debit,Fort Worth,ATM,68,Retired,1,6078.67,2024-03-11T01:00:00,BASELINE_NORMAL,overall_volume
TRANSACTIONS2000BASELINE001998,ACB00078,197.10,2024-03-11T16:00:00,Debit,Milwaukee,Online,37,Student,1,2055.08,2024-03-08T05:00:00,BASELINE_NORMAL,overall_volume
TRANSACTIONS2000BASELINE001999,ACB00079,608.92,2024-02-16T15:00:00,Debit,Chicago,ATM,53,Doctor,1,2567.34,2024-02-16T02:00:00,BASELINE_NORMAL,overall_volume
TRANSACTIONS2000BASELINE002000,ACB00080,13.65,2024-02-18T12:00:00,Debit,Houston,Online,52,Engineer,1,9363.25,2024-02-14T23:00:00,BASELINE_NORMAL,overall_volume
